<?xml version="1.0" encoding="utf-8"?>
<COLLADA xmlns="http://www.collada.org/2005/11/COLLADASchema" version="1.4.1">
  <asset>
    <contributor>
      <author>PC</author>
      <authoring_tool>OpenCOLLADA for 3ds Max;  Version: 1.4.1;  Revision: exported;  Platform: x64;  Configuration: Release_Max2013_static</authoring_tool>
      <source_data>file:///E:/workspace/x-ray/files/cornellbox_spheres/cornellbox_spheres.max</source_data>
    </contributor>
    <created>2014-12-08T20:11:03</created>
    <modified>2014-12-08T20:11:03</modified>
    <unit name="inch" meter="0.0254"/>
    <up_axis>Z_UP</up_axis>
  </asset>
  <library_effects>
    <effect id="left_wall__74">
      <profile_COMMON>
        <technique sid="common">
          <phong>
            <emission>
              <color>0 0 0 1</color>
            </emission>
            <ambient>
              <color>0.03921569 0 0 1</color>
            </ambient>
            <diffuse>
              <color>0.5019608 0 0 1</color>
            </diffuse>
            <specular>
              <color>0.6666667 0.6666667 0.6666667 1</color>
            </specular>
            <shininess>
              <float>1</float>
            </shininess>
            <reflective>
              <color>0 0 0 1</color>
            </reflective>
            <transparent opaque="A_ONE">
              <color>1 1 1 1</color>
            </transparent>
            <transparency>
              <float>1</float>
            </transparency>
          </phong>
        </technique>
      </profile_COMMON>
      <extra>
        <technique profile="OpenCOLLADA3dsMax">
          <extended_shader>
            <apply_reflection_dimming>0</apply_reflection_dimming>
            <dim_level>0</dim_level>
            <falloff_type>0</falloff_type>
            <index_of_refraction>1.5</index_of_refraction>
            <opacity_type>0</opacity_type>
            <reflection_level>3</reflection_level>
            <wire_size>1</wire_size>
            <wire_units>0</wire_units>
          </extended_shader>
          <shader>
            <ambient_diffuse_lock>0</ambient_diffuse_lock>
            <ambient_diffuse_texture_lock>1</ambient_diffuse_texture_lock>
            <diffuse_specular_lock>0</diffuse_specular_lock>
            <soften>0.1</soften>
            <use_self_illum_color>0</use_self_illum_color>
          </shader>
        </technique>
      </extra>
    </effect>
    <effect id="right_wall__73">
      <profile_COMMON>
        <technique sid="common">
          <phong>
            <emission>
              <color>0 0 0 1</color>
            </emission>
            <ambient>
              <color>0 0.03921569 0 1</color>
            </ambient>
            <diffuse>
              <color>0 0.5 0 1</color>
            </diffuse>
            <specular>
              <color>0.6666667 0.6666667 0.6666667 1</color>
            </specular>
            <shininess>
              <float>1</float>
            </shininess>
            <reflective>
              <color>0 0 0 1</color>
            </reflective>
            <transparent opaque="A_ONE">
              <color>1 1 1 1</color>
            </transparent>
            <transparency>
              <float>1</float>
            </transparency>
          </phong>
        </technique>
      </profile_COMMON>
      <extra>
        <technique profile="OpenCOLLADA3dsMax">
          <extended_shader>
            <apply_reflection_dimming>0</apply_reflection_dimming>
            <dim_level>0</dim_level>
            <falloff_type>0</falloff_type>
            <index_of_refraction>1.5</index_of_refraction>
            <opacity_type>0</opacity_type>
            <reflection_level>3</reflection_level>
            <wire_size>1</wire_size>
            <wire_units>0</wire_units>
          </extended_shader>
          <shader>
            <ambient_diffuse_lock>0</ambient_diffuse_lock>
            <ambient_diffuse_texture_lock>1</ambient_diffuse_texture_lock>
            <diffuse_specular_lock>0</diffuse_specular_lock>
            <soften>0.1</soften>
            <use_self_illum_color>0</use_self_illum_color>
          </shader>
        </technique>
      </extra>
    </effect>
    <effect id="floor_back_ceiling__72">
      <profile_COMMON>
        <technique sid="common">
          <phong>
            <emission>
              <color>0 0 0 1</color>
            </emission>
            <ambient>
              <color>0.03921569 0.03921569 0.03921569 1</color>
            </ambient>
            <diffuse>
              <color>0.8627452 0.8627452 0.8627452 1</color>
            </diffuse>
            <specular>
              <color>0.6666667 0.6666667 0.6666667 1</color>
            </specular>
            <shininess>
              <float>1</float>
            </shininess>
            <reflective>
              <color>0 0 0 1</color>
            </reflective>
            <transparent opaque="A_ONE">
              <color>1 1 1 1</color>
            </transparent>
            <transparency>
              <float>1</float>
            </transparency>
          </phong>
        </technique>
      </profile_COMMON>
      <extra>
        <technique profile="OpenCOLLADA3dsMax">
          <extended_shader>
            <apply_reflection_dimming>0</apply_reflection_dimming>
            <dim_level>0</dim_level>
            <falloff_type>0</falloff_type>
            <index_of_refraction>1.5</index_of_refraction>
            <opacity_type>0</opacity_type>
            <reflection_level>3</reflection_level>
            <wire_size>1</wire_size>
            <wire_units>0</wire_units>
          </extended_shader>
          <shader>
            <ambient_diffuse_lock>0</ambient_diffuse_lock>
            <ambient_diffuse_texture_lock>1</ambient_diffuse_texture_lock>
            <diffuse_specular_lock>0</diffuse_specular_lock>
            <soften>0.1</soften>
            <use_self_illum_color>0</use_self_illum_color>
          </shader>
        </technique>
      </extra>
    </effect>
  </library_effects>
  <library_materials>
    <material id="left_wall__74-material" name="left_wall__74">
      <instance_effect url="#left_wall__74"/>
    </material>
    <material id="right_wall__73-material" name="right_wall__73">
      <instance_effect url="#right_wall__73"/>
    </material>
    <material id="floor_back_ceiling__72-material" name="floor_back_ceiling__72">
      <instance_effect url="#floor_back_ceiling__72"/>
    </material>
  </library_materials>
  <library_geometries>
    <geometry id="geom-object4" name="object4">
      <mesh>
        <source id="geom-object4-positions">
          <float_array id="geom-object4-positions-array" count="12">553.5199 2.3758e-5 543.5201 553.5193 6.14009e-5 1963.888 553.52 1393.952 543.5201 553.5193 1393.952 1963.888</float_array>
          <technique_common>
            <accessor source="#geom-object4-positions-array" count="4" stride="3">
              <param name="X" type="float"/>
              <param name="Y" type="float"/>
              <param name="Z" type="float"/>
            </accessor>
          </technique_common>
        </source>
        <source id="geom-object4-normals">
          <float_array id="geom-object4-normals-array" count="12">-0.9999576 0.008746019 -0.00286112 -0.9999576 0.008746019 -0.00286112 -0.9999576 0.008746019 -0.00286112 -0.9999576 0.008746019 -0.00286112</float_array>
          <technique_common>
            <accessor source="#geom-object4-normals-array" count="4" stride="3">
              <param name="X" type="float"/>
              <param name="Y" type="float"/>
              <param name="Z" type="float"/>
            </accessor>
          </technique_common>
        </source>
        <vertices id="geom-object4-vertices">
          <input semantic="POSITION" source="#geom-object4-positions"/>
        </vertices>
        <triangles material="left_wall__74_1" count="2">
          <input semantic="VERTEX" source="#geom-object4-vertices" offset="0"/>
          <input semantic="NORMAL" source="#geom-object4-normals" offset="1"/>
          <p>0 0 1 1 3 2 3 2 2 3 0 0</p>
        </triangles>
      </mesh>
    </geometry>
    <geometry id="geom-object3" name="object3">
      <mesh>
        <source id="geom-object3-positions">
          <float_array id="geom-object3-positions-array" count="12">-850.5922 2.3758e-5 543.5197 -842.4648 6.14008e-5 1963.888 -858.7208 1393.952 1963.888 -858.7202 1393.952 543.5196</float_array>
          <technique_common>
            <accessor source="#geom-object3-positions-array" count="4" stride="3">
              <param name="X" type="float"/>
              <param name="Y" type="float"/>
              <param name="Z" type="float"/>
            </accessor>
          </technique_common>
        </source>
        <source id="geom-object3-normals">
          <float_array id="geom-object3-normals-array" count="12">1 0 0 1 0 0 1 0 0 1 0 0</float_array>
          <technique_common>
            <accessor source="#geom-object3-normals-array" count="4" stride="3">
              <param name="X" type="float"/>
              <param name="Y" type="float"/>
              <param name="Z" type="float"/>
            </accessor>
          </technique_common>
        </source>
        <vertices id="geom-object3-vertices">
          <input semantic="POSITION" source="#geom-object3-positions"/>
        </vertices>
        <triangles material="right_wall__73_1" count="2">
          <input semantic="VERTEX" source="#geom-object3-vertices" offset="0"/>
          <input semantic="NORMAL" source="#geom-object3-normals" offset="1"/>
          <p>3 0 2 1 1 2 1 2 0 3 3 0</p>
        </triangles>
      </mesh>
    </geometry>
    <geometry id="geom-object2" name="object2">
      <mesh>
        <source id="geom-object2-positions">
          <float_array id="geom-object2-positions-array" count="48">553.5199 2.3758e-5 543.5201 -850.5923 2.3758e-5 543.5197 -842.4648 6.14008e-5 1963.888 553.5193 6.14009e-5 1963.888 553.52 1393.953 543.5201 553.5192 1393.952 1963.889 -858.7209 1393.952 1963.888 -858.7202 1393.952 543.5195 12.49957 1393.953 1120.1 12.49949 1393.953 1386.8 -317.7005 1393.953 1386.8 -317.7004 1393.953 1120.1 12.49954 1580.634 1120.1 12.49947 1580.634 1386.8 -317.7006 1580.634 1386.8 -317.7004 1580.634 1120.1</float_array>
          <technique_common>
            <accessor source="#geom-object2-positions-array" count="16" stride="3">
              <param name="X" type="float"/>
              <param name="Y" type="float"/>
              <param name="Z" type="float"/>
            </accessor>
          </technique_common>
        </source>
        <source id="geom-object2-normals">
          <float_array id="geom-object2-normals-array" count="120">-2.69292e-14 1 -2.65022e-8 -2.69292e-14 1 -2.65022e-8 -2.69292e-14 1 -2.65022e-8 -2.69292e-14 1 -2.65022e-8 2.17344e-7 -1.3009e-7 -1 2.17344e-7 -1.3009e-7 -1 2.17344e-7 -1.3009e-7 -1 2.17344e-7 -1.3009e-7 -1 -1.0153e-6 -1 -7.2357e-8 -1.0153e-6 -1 -7.2357e-8 -1.0153e-6 -1 -7.2357e-8 -1.0153e-6 -1 -7.2357e-8 1.40115e-7 -1 -1.26917e-6 1.40115e-7 -0.9999999 -1.26917e-6 1.40115e-7 -1 -1.26917e-6 1.40115e-7 -1 -1.26917e-6 1.12808e-6 -1 -1.44712e-7 1.12808e-6 -0.9999999 -1.44712e-7 1.12808e-6 -1 -1.44712e-7 1.12808e-6 -1 -1.44712e-7 7.00569e-8 -1 7.41001e-7 7.00569e-8 -1 7.41001e-7 7.00569e-8 -0.9999999 7.41001e-7 7.00569e-8 -1 7.41e-7 -1 -1.37932e-7 -3.07521e-7 -1 -1.37932e-7 -3.07522e-7 -0.9999999 -1.37932e-7 -3.07522e-7 -1 -1.37932e-7 -3.07522e-7 0 0 -1 0 0 -1 0 0 -0.9999999 0 0 -1 1 2.45212e-7 5.1492e-7 1 2.45212e-7 5.1492e-7 1 2.45212e-7 5.1492e-7 1 2.45212e-7 5.1492e-7 -1.84843e-7 -3.26949e-7 1 -1.84843e-7 -3.26949e-7 1 -1.84843e-7 -3.26949e-7 0.9999999 -1.84843e-7 -3.26949e-7 1</float_array>
          <technique_common>
            <accessor source="#geom-object2-normals-array" count="40" stride="3">
              <param name="X" type="float"/>
              <param name="Y" type="float"/>
              <param name="Z" type="float"/>
            </accessor>
          </technique_common>
        </source>
        <vertices id="geom-object2-vertices">
          <input semantic="POSITION" source="#geom-object2-positions"/>
        </vertices>
        <triangles material="floor_back_ceiling__72_1" count="20">
          <input semantic="VERTEX" source="#geom-object2-vertices" offset="0"/>
          <input semantic="NORMAL" source="#geom-object2-normals" offset="1"/>
          <p>0 0 1 1 2 2 2 2 3 3 0 0 6 4 5 5 3 6 3 6 2 7 6 4 4 8 5 9 9 10 9 10 8 11 4 8 5 12 6 13 10 14 10 14 9 15 5 12 6 16 7 17 11 18 11 18 10 19 6 16 7 20 4 21 8 22 8 22 11 23 7 20 8 24 9 25 13 26 13 26 12 27 8 24 9 28 10 29 14 30 14 30 13 31 9 28 10 32 11 33 15 34 15 34 14 35 10 32 11 36 8 37 12 38 12 38 15 39 11 36</p>
        </triangles>
      </mesh>
    </geometry>
    <geometry id="geom-Sphere001" name="Sphere001">
      <mesh>
        <source id="geom-Sphere001-positions">
          <float_array id="geom-Sphere001-positions-array" count="5958">0 0 100 -4.28447e-7 9.801714 99.51847 -0.9607368 9.754516 99.51847 -1.912221 9.613377 99.51847 -2.845289 9.379655 99.51847 -3.750956 9.055602 99.51847 -4.620497 8.64434 99.51847 -5.445542 8.149827 99.51847 -6.218143 7.576826 99.51847 -6.93086 6.930857 99.51847 -7.576829 6.218139 99.51847 -8.149829 5.445538 99.51847 -8.644341 4.620493 99.51847 -9.055604 3.75095 99.51847 -9.379657 2.845283 99.51847 -9.613378 1.912215 99.51847 -9.754517 0.9607309 99.51847 -9.801714 -5.53071e-6 99.51847 -9.754516 -0.9607419 99.51847 -9.613376 -1.912226 99.51847 -9.379653 -2.845294 99.51847 -9.0556 -3.75096 99.51847 -8.644337 -4.620502 99.51847 -8.149823 -5.445547 99.51847 -7.576822 -6.218148 99.51847 -6.930852 -6.930865 99.51847 -6.218134 -7.576833 99.51847 -5.445535 -8.149831 99.51847 -4.620492 -8.644342 99.51847 -3.750951 -9.055604 99.51847 -2.845286 -9.379656 99.51847 -1.91222 -9.613377 99.51847 -0.9607385 -9.754516 99.51847 -4.55694e-6 -9.801714 99.51847 0.9607295 -9.754517 99.51847 1.912211 -9.613379 99.51847 2.845277 -9.379659 99.51847 3.750942 -9.055608 99.51847 4.620483 -8.644346 99.51847 5.445527 -8.149837 99.51847 6.218127 -7.576839 99.51847 6.930844 -6.930873 99.51847 7.576813 -6.218158 99.51847 8.149814 -5.44556 99.51847 8.644328 -4.620519 99.51847 9.055593 -3.750979 99.51847 9.379647 -2.845316 99.51847 9.613371 -1.912251 99.51847 9.754513 -0.9607696 99.51847 9.801714 -3.56768e-5 99.51847 9.754519 0.9606985 99.51847 9.613384 1.912181 99.51847 9.379667 2.845248 99.51847 9.055619 3.750913 99.51847 8.644361 4.620456 99.51847 8.149854 5.445501 99.51847 7.576859 6.218103 99.51847 6.930894 6.930822 99.51847 6.218183 7.576794 99.51847 5.445586 8.149796 99.51847 4.620546 8.644313 99.51847 3.751008 9.05558 99.51847 2.845346 9.379638 99.51847 1.912281 9.613364 99.51847 0.9608005 9.75451 99.51847 -8.52767e-7 19.50903 98.07852 -1.912221 19.41509 98.07852 -3.806026 19.13417 98.07852 -5.663177 18.66898 98.07852 -7.465788 18.02399 98.07852 -9.196496 17.20543 98.07852 -10.83864 16.22117 98.07852 -12.3764 15.08068 98.07852 -13.79497 13.79497 98.07852 -15.08069 12.3764 98.07852 -16.22117 10.83863 98.07852 -17.20543 9.196488 98.07852 -18.024 7.465777 98.07852 -18.66898 5.663165 98.07852 -19.13417 3.806014 98.07852 -19.41509 1.91221 98.07852 -19.50903 -1.10082e-5 98.07852 -19.41509 -1.912231 98.07852 -19.13417 -3.806036 98.07852 -18.66898 -5.663186 98.07852 -18.02399 -7.465797 98.07852 -17.20543 -9.196507 98.07852 -16.22116 -10.83865 98.07852 -15.08068 -12.37641 98.07852 -13.79496 -13.79498 98.07852 -12.37639 -15.0807 98.07852 -10.83863 -16.22118 98.07852 -9.196486 -17.20544 98.07852 -7.465778 -18.024 98.07852 -5.663171 -18.66898 98.07852 -3.806025 -19.13417 98.07852 -1.912225 -19.41509 98.07852 -9.06999e-6 -19.50903 98.07852 1.912207 -19.41509 98.07852 3.806007 -19.13418 98.07852 5.663153 -18.66899 98.07852 7.465761 -18.02401 98.07852 9.196469 -17.20544 98.07852 10.83861 -16.22119 98.07852 12.37637 -15.08071 98.07852 13.79494 -13.795 98.07852 15.08066 -12.37643 98.07852 16.22114 -10.83868 98.07852 17.20541 -9.19654 98.07852 18.02398 -7.465835 98.07852 18.66896 -5.66323 98.07852 19.13416 -3.806086 98.07852 19.41508 -1.912287 98.07852 19.50903 -7.101e-5 98.07852 19.4151 1.912145 98.07852 19.13419 3.805946 98.07852 18.669 5.663094 98.07852 18.02403 7.465704 98.07852 17.20547 9.196415 98.07852 16.22122 10.83856 98.07852 15.08075 12.37632 98.07852 13.79504 13.7949 98.07852 12.37648 15.08062 98.07852 10.83873 16.22111 98.07852 9.196595 17.20538 98.07852 7.465892 18.02395 98.07852 5.66329 18.66895 98.07852 3.806146 19.13415 98.07852 1.912348 19.41508 98.07852 -1.26887e-6 29.02847 95.69404 -2.84529 28.88869 95.69404 -5.663177 28.47069 95.69404 -8.426524 27.77851 95.69404 -11.10872 26.8188 95.69404 -13.68393 25.60082 95.69404 -16.12736 24.13629 95.69404 -18.41547 22.4393 95.69404 -20.52623 20.52622 95.69404 -22.43931 18.41546 95.69404 -24.13629 16.12734 95.69404 -25.60083 13.68392 95.69404 -26.81881 11.1087 95.69404 -27.77851 8.426507 95.69404 -28.4707 5.663159 95.69404 -28.88869 2.845272 95.69404 -29.02847 -1.63796e-5 95.69404 -28.88869 -2.845305 95.69404 -28.47069 -5.663191 95.69404 -27.77851 -8.426538 95.69404 -26.8188 -11.10873 95.69404 -25.60081 -13.68394 95.69404 -24.13628 -16.12737 95.69404 -22.43929 -18.41548 95.69404 -20.52621 -20.52625 95.69404 -18.41544 -22.43933 95.69404 -16.12733 -24.1363 95.69404 -13.68391 -25.60083 95.69404 -11.1087 -26.81881 95.69404 -8.426516 -27.77851 95.69404 -5.663175 -28.47069 95.69404 -2.845295 -28.88869 95.69404 -1.34957e-5 -29.02847 95.69404 2.845268 -28.88869 95.69404 5.663148 -28.4707 95.69404 8.42649 -27.77852 95.69404 11.10868 -26.81882 95.69404 13.68389 -25.60084 95.69404 16.12731 -24.13632 95.69404 18.41542 -22.43934 95.69404 20.52618 -20.52627 95.69404 22.43927 -18.41551 95.69404 24.13625 -16.12741 95.69404 25.60079 -13.68399 95.69404 26.81878 -11.10879 95.69404 27.77849 -8.426603 95.69404 28.47067 -5.663265 95.69404 28.88868 -2.845387 95.69404 29.02847 -1.05659e-4 95.69404 28.8887 2.845176 95.69404 28.47072 5.663058 95.69404 27.77855 8.426401 95.69404 26.81886 11.10859 95.69404 25.60089 13.68381 95.69404 24.13637 16.12724 95.69404 22.4394 18.41535 95.69404 20.52633 20.52612 95.69404 18.41559 22.43921 95.69404 16.12749 24.1362 95.69404 13.68407 25.60074 95.69404 11.10888 26.81874 95.69404 8.426692 27.77846 95.69404 5.663356 28.47066 95.69404 2.845479 28.88867 95.69404 -1.67276e-6 38.26834 92.38795 -3.750957 38.08407 92.38795 -7.465788 37.53303 92.38795 -11.10872 36.62052 92.38795 -14.64467 35.35534 92.38795 -18.03958 33.74966 92.38795 -21.26076 31.81896 92.38795 -24.27719 29.58183 92.38795 -27.05981 27.0598 92.38795 -29.58184 24.27717 92.38795 -31.81897 21.26074 92.38795 -33.74967 18.03956 92.38795 -35.35535 14.64465 92.38795 -36.62053 11.1087 92.38795 -37.53303 7.465765 92.38795 -38.08408 3.750934 92.38795 -38.26834 -2.15933e-5 92.38795 -38.08407 -3.750977 92.38795 -37.53302 -7.465808 92.38795 -36.62051 -11.10874 92.38795 -35.35533 -14.64469 92.38795 -33.74965 -18.0396 92.38795 -31.81895 -21.26078 92.38795 -29.58181 -24.27721 92.38795 -27.05978 -27.05983 92.38795 -24.27715 -29.58185 92.38795 -21.26073 -31.81898 92.38795 -18.03955 -33.74968 92.38795 -14.64465 -35.35535 92.38795 -11.10871 -36.62053 92.38795 -7.465786 -37.53303 92.38795 -3.750964 -38.08407 92.38795 -1.77914e-5 -38.26834 92.38795 3.750928 -38.08408 92.38795 7.465751 -37.53304 92.38795 11.10868 -36.62053 92.38795 14.64462 -35.35536 92.38795 18.03952 -33.74969 92.38795 21.2607 -31.819 92.38795 24.27713 -29.58187 92.38795 27.05975 -27.05986 92.38795 29.58178 -24.27725 92.38795 31.81891 -21.26083 92.38795 33.74962 -18.03966 92.38795 35.3553 -14.64476 92.38795 36.62049 -11.10883 92.38795 37.533 -7.465905 92.38795 38.08406 -3.751085 92.38795 38.26834 -1.39291e-4 92.38795 38.08409 3.750808 92.38795 37.53306 7.465632 92.38795 36.62057 11.10856 92.38795 35.3554 14.64451 92.38795 33.74975 18.03942 92.38795 31.81907 21.2606 92.38795 29.58195 24.27703 92.38795 27.05995 27.05966 92.38795 24.27734 29.5817 92.38795 21.26093 31.81885 92.38795 18.03977 33.74956 92.38795 14.64487 35.35525 92.38795 11.10894 36.62045 92.38795 7.466024 37.53298 92.38795 3.751206 38.08405 92.38795 -2.06054e-6 47.13968 88.19212 -4.6205 46.91269 88.19212 -9.1965 46.2339 88.19212 -13.68393 45.10986 88.19212 -18.03958 43.55138 88.19212 -22.22149 41.57348 88.19212 -26.18941 39.19521 88.19212 -29.9051 36.43946 88.19212 -33.33279 33.33278 88.19212 -36.43947 29.90508 88.19212 -39.19521 26.18939 88.19212 -41.57349 22.22147 88.19212 -43.55139 18.03955 88.19212 -45.10986 13.6839 88.19212 -46.2339 9.196472 88.19212 -46.91269 4.620471 88.19212 -47.13968 -2.6599e-5 88.19212 -46.91268 -4.620524 88.19212 -46.23389 -9.196524 88.19212 -45.10985 -13.68396 88.19212 -43.55137 -18.0396 88.19212 -41.57347 -22.22152 88.19212 -39.19519 -26.18943 88.19212 -36.43943 -29.90512 88.19212 -33.33276 -33.33281 88.19212 -29.90506 -36.43949 88.19212 -26.18937 -39.19522 88.19212 -22.22147 -41.57349 88.19212 -18.03956 -43.55139 88.19212 -13.68392 -45.10986 88.19212 -9.196497 -46.2339 88.19212 -4.620509 -46.91269 88.19212 -2.19158e-5 -47.13968 88.19212 4.620465 -46.91269 88.19212 9.196454 -46.23391 88.19212 13.68388 -45.10987 88.19212 18.03952 -43.55141 88.19212 22.22143 -41.57351 88.19212 26.18934 -39.19525 88.19212 29.90503 -36.43952 88.19212 33.33271 -33.33286 88.19212 36.43939 -29.90517 88.19212 39.19514 -26.1895 88.19212 41.57343 -22.2216 88.19212 43.55133 -18.0397 88.19212 45.10981 -13.68406 88.19212 46.23387 -9.196644 88.19212 46.91267 -4.620658 88.19212 47.13968 -1.71581e-4 88.19212 46.9127 4.620316 88.19212 46.23394 9.196307 88.19212 45.10991 13.68373 88.19212 43.55146 18.03938 88.19212 41.57359 22.2213 88.19212 39.19533 26.18921 88.19212 36.43961 29.90491 88.19212 33.33296 33.33261 88.19212 29.90529 36.4393 88.19212 26.18962 39.19506 88.19212 22.22173 41.57335 88.19212 18.03983 43.55127 88.19212 13.68421 45.10977 88.19212 9.196791 46.23384 88.19212 4.620807 46.91265 88.19212 -2.42847e-6 55.55703 83.14696 -5.445545 55.28951 83.14696 -10.83864 54.48951 83.14696 -16.12736 53.16476 83.14696 -21.26077 51.328 83.14696 -26.18941 48.99692 83.14696 -30.86584 46.19397 83.14696 -35.24501 42.94616 83.14696 -39.28476 39.28474 83.14696 -42.94617 35.24499 83.14696 -46.19399 30.86581 83.14696 -48.99693 26.18938 83.14696 -51.32801 21.26073 83.14696 -53.16477 16.12733 83.14696 -54.48952 10.83861 83.14696 -55.28951 5.445512 83.14696 -55.55703 -3.13486e-5 83.14696 -55.2895 -5.445574 83.14696 -54.48951 -10.83867 83.14696 -53.16475 -16.12739 83.14696 -51.32798 -21.26079 83.14696 -48.9969 -26.18944 83.14696 -46.19395 -30.86587 83.14696 -42.94613 -35.24504 83.14696 -39.28472 -39.28479 83.14696 -35.24496 -42.94619 83.14696 -30.8658 -46.194 83.14696 -26.18937 -48.99694 83.14696 -21.26074 -51.32801 83.14696 -16.12735 -53.16476 83.14696 -10.83864 -54.48951 83.14696 -5.445555 -55.28951 83.14696 -2.58291e-5 -55.55703 83.14696 5.445504 -55.28951 83.14696 10.83859 -54.48952 83.14696 16.1273 -53.16478 83.14696 21.26069 -51.32803 83.14696 26.18933 -48.99696 83.14696 30.86576 -46.19403 83.14696 35.24492 -42.94623 83.14696 39.28467 -39.28483 83.14696 42.94608 -35.2451 83.14696 46.1939 -30.86594 83.14696 48.99685 -26.18953 83.14696 51.32794 -21.2609 83.14696 53.16471 -16.12751 83.14696 54.48948 -10.83881 83.14696 55.28948 -5.445731 83.14696 55.55703 -2.02219e-4 83.14696 55.28952 5.445329 83.14696 54.48956 10.83842 83.14696 53.16483 16.12713 83.14696 51.32809 21.26053 83.14696 48.99704 26.18917 83.14696 46.19413 30.8656 83.14696 42.94634 35.24479 83.14696 39.28495 39.28454 83.14696 35.24524 42.94597 83.14696 30.86609 46.19381 83.14696 26.18969 48.99677 83.14696 21.26106 51.32787 83.14696 16.12768 53.16466 83.14696 10.83899 54.48944 83.14696 5.445907 55.28947 83.14696 -2.77302e-6 63.43933 77.30105 -6.218147 63.13385 77.30105 -12.37641 62.22036 77.30105 -18.41548 60.70765 77.30105 -24.27719 58.61029 77.30105 -29.9051 55.94849 77.30105 -35.24501 52.74787 77.30105 -40.24549 49.03925 77.30105 -44.85839 44.85837 77.30105 -49.03927 40.24547 77.30105 -52.74788 35.24498 77.30105 -55.9485 29.90507 77.30105 -58.61031 24.27716 77.30105 -60.70766 18.41544 77.30105 -62.22036 12.37637 77.30105 -63.13385 6.218108 77.30105 -63.43933 -3.57963e-5 77.30105 -63.13385 -6.21818 77.30105 -62.22035 -12.37644 77.30105 -60.70764 -18.4155 77.30105 -58.61028 -24.27722 77.30105 -55.94847 -29.90513 77.30105 -52.74784 -35.24504 77.30105 -49.03923 -40.24553 77.30105 -44.85834 -44.85842 77.30105 -40.24544 -49.0393 77.30105 -35.24496 -52.7479 77.30105 -29.90506 -55.94851 77.30105 -24.27716 -58.61031 77.30105 -18.41546 -60.70765 77.30105 -12.3764 -62.22036 77.30105 -6.218158 -63.13385 77.30105 -2.94937e-5 -63.43933 77.30105 6.2181 -63.13385 77.30105 12.37634 -62.22037 77.30105 18.4154 -60.70767 77.30105 24.27711 -58.61033 77.30105 29.90501 -55.94854 77.30105 35.24492 -52.74793 77.30105 40.24539 -49.03934 77.30105 44.85829 -44.85847 77.30105 49.03917 -40.24559 77.30105 52.74778 -35.24513 77.30105 55.94841 -29.90524 77.30105 58.61023 -24.27735 77.30105 60.7076 -18.41565 77.30105 62.22032 -12.3766 77.30105 63.13383 -6.218359 77.30105 63.43933 -2.3091e-4 77.30105 63.13387 6.217899 77.30105 62.22041 12.37615 77.30105 60.70773 18.41521 77.30105 58.6104 24.27692 77.30105 55.94863 29.90483 77.30105 52.74804 35.24475 77.30105 49.03947 40.24524 77.30105 44.85861 44.85814 77.30105 40.24575 49.03905 77.30105 35.2453 52.74768 77.30105 29.90542 55.94831 77.30105 24.27753 58.61015 77.30105 18.41584 60.70753 77.30105 12.3768 62.22028 77.30105 6.218559 63.13381 77.30105 -3.09086e-6 70.71068 70.71069 -6.930864 70.37019 70.71069 -13.79498 69.35199 70.71069 -20.52624 67.66589 70.71069 -27.05982 65.32814 70.71069 -33.33279 62.36125 70.71069 -39.28476 58.79377 70.71069 -44.85839 54.66008 70.71069 -50.00001 49.99998 70.71069 -54.6601 44.85836 70.71069 -58.79379 39.28473 70.71069 -62.36126 33.33276 70.71069 -65.32816 27.05978 70.71069 -67.66591 20.5262 70.71069 -69.352 13.79494 70.71069 -70.37019 6.930821 70.71069 -70.71068 -3.98992e-5 70.71069 -70.37019 -6.930901 70.71069 -69.35198 -13.79501 70.71069 -67.66589 -20.52627 70.71069 -65.32813 -27.05985 70.71069 -62.36123 -33.33283 70.71069 -58.79375 -39.28479 70.71069 -54.66005 -44.85843 70.71069 -49.99996 -50.00005 70.71069 -44.85833 -54.66013 70.71069 -39.28471 -58.79381 70.71069 -33.33275 -62.36127 70.71069 -27.05978 -65.32816 70.71069 -20.52622 -67.6659 70.71069 -13.79497 -69.35199 70.71069 -6.930877 -70.37019 70.71069 -3.28743e-5 -70.71068 70.71069 6.930811 -70.37019 70.71069 13.79491 -69.35201 70.71069 20.52615 -67.66592 70.71069 27.05972 -65.32819 70.71069 33.33269 -62.3613 70.71069 39.28465 -58.79385 70.71069 44.85828 -54.66018 70.71069 49.9999 -50.0001 70.71069 54.65999 -44.8585 70.71069 58.79368 -39.28489 70.71069 62.36116 -33.33295 70.71069 65.32807 -27.05999 70.71069 67.66584 -20.52643 70.71069 69.35195 -13.79519 70.71069 70.37016 -6.931101 70.71069 70.71068 -2.57376e-4 70.71069 70.37021 6.930588 70.71069 69.35205 13.79469 70.71069 67.66599 20.52594 70.71069 65.32827 27.05951 70.71069 62.3614 33.33249 70.71069 58.79397 39.28446 70.71069 54.66032 44.8581 70.71069 50.00026 49.99974 70.71069 44.85868 54.65985 70.71069 39.28508 58.79356 70.71069 33.33315 62.36105 70.71069 27.0602 65.32799 70.71069 20.52665 67.66577 70.71069 13.79541 69.3519 70.71069 6.931324 70.37014 70.71069 -3.37894e-6 77.30104 63.43933 -7.576833 76.92882 63.43933 -15.08069 75.81572 63.43933 -22.43932 73.97248 63.43933 -29.58184 71.41684 63.43933 -36.43946 68.17343 63.43933 -42.94617 64.27346 63.43933 -49.03927 59.7545 63.43933 -54.6601 54.66008 63.43933 -59.75452 49.03924 63.43933 -64.27348 42.94614 63.43933 -68.17344 36.43943 63.43933 -71.41686 29.5818 63.43933 -73.9725 22.43927 63.43933 -75.81573 15.08065 63.43933 -76.92882 7.576787 63.43933 -77.30104 -4.36179e-5 63.43933 -76.92881 -7.576874 63.43933 -75.81571 -15.08073 63.43933 -73.97247 -22.43936 63.43933 -71.41683 -29.58188 63.43933 -68.17341 -36.43951 63.43933 -64.27343 -42.94621 63.43933 -59.75447 -49.03931 63.43933 -54.66004 -54.66014 63.43933 -49.0392 -59.75456 63.43933 -42.94611 -64.2735 63.43933 -36.43942 -68.17345 63.43933 -29.5818 -71.41686 63.43933 -22.4393 -73.97249 63.43933 -15.08069 -75.81572 63.43933 -7.576847 -76.92882 63.43933 -3.59382e-5 -77.30104 63.43933 7.576776 -76.92882 63.43933 15.08062 -75.81573 63.43933 22.43923 -73.97251 63.43933 29.58174 -71.41689 63.43933 36.43936 -68.17348 63.43933 42.94605 -64.27354 63.43933 49.03915 -59.7546 63.43933 54.65998 -54.66021 63.43933 59.7544 -49.03939 63.43933 64.27336 -42.94632 63.43933 68.17334 -36.43964 63.43933 71.41676 -29.58203 63.43933 73.97242 -22.43953 63.43933 75.81567 -15.08093 63.43933 76.92879 -7.577092 63.43933 77.30104 -2.81364e-4 63.43933 76.92884 7.576531 63.43933 75.81579 15.08038 63.43933 73.97258 22.43899 63.43933 71.41698 29.58151 63.43933 68.1736 36.43914 63.43933 64.27367 42.94585 63.43933 59.75476 49.03896 63.43933 54.66037 54.65981 63.43933 49.03959 59.75425 63.43933 42.94652 64.27322 63.43933 36.43985 68.17322 63.43933 29.58226 71.41667 63.43933 22.43977 73.97234 63.43933 15.08117 75.81562 63.43933 7.577336 76.92876 63.43933 -3.63447e-6 83.14696 55.55703 -8.149834 82.74658 55.55703 -16.22118 81.54931 55.55703 -24.1363 79.56667 55.55703 -31.81898 76.81776 55.55703 -39.19521 73.32906 55.55703 -46.19398 69.13416 55.55703 -52.74789 64.27345 55.55703 -58.79379 58.79376 55.55703 -64.27348 52.74785 55.55703 -69.13418 46.19395 55.55703 -73.32908 39.19518 55.55703 -76.81779 31.81893 55.55703 -79.56669 24.13625 55.55703 -81.54932 16.22113 55.55703 -82.74659 8.149784 55.55703 -83.14696 -4.69165e-5 55.55703 -82.74657 -8.149878 55.55703 -81.5493 -16.22122 55.55703 -79.56666 -24.13634 55.55703 -76.81775 -31.81902 55.55703 -73.32904 -39.19526 55.55703 -69.13413 -46.19403 55.55703 -64.27342 -52.74792 55.55703 -58.79373 -58.79383 55.55703 -52.74781 -64.27351 55.55703 -46.19393 -69.1342 55.55703 -39.19516 -73.32909 55.55703 -31.81894 -76.81779 55.55703 -24.13628 -79.56668 55.55703 -16.22117 -81.54931 55.55703 -8.149849 -82.74658 55.55703 -3.8656e-5 -83.14696 55.55703 8.149772 -82.74659 55.55703 16.2211 -81.54932 55.55703 24.1362 -79.5667 55.55703 31.81887 -76.81782 55.55703 39.1951 -73.32912 55.55703 46.19386 -69.13425 55.55703 52.74775 -64.27357 55.55703 58.79366 -58.7939 55.55703 64.27335 -52.74801 55.55703 69.13406 -46.19415 55.55703 73.32896 -39.1954 55.55703 76.81768 -31.81918 55.55703 79.5666 -24.13653 55.55703 81.54926 -16.22143 55.55703 82.74655 -8.150112 55.55703 83.14696 -3.02643e-4 55.55703 82.74661 8.149509 55.55703 81.54938 16.22084 55.55703 79.56678 24.13595 55.55703 76.81792 31.81862 55.55703 73.32925 39.19487 55.55703 69.13439 46.19364 55.55703 64.27374 52.74755 55.55703 58.79408 58.79347 55.55703 52.74822 64.27319 55.55703 46.19436 69.13391 55.55703 39.19563 73.32884 55.55703 31.81943 76.81758 55.55703 24.13678 79.56653 55.55703 16.22169 81.5492 55.55703 8.150374 82.74653 55.55703 -3.855e-6 88.19212 47.13968 -8.644347 87.76746 47.13968 -17.20544 86.49754 47.13968 -25.60084 84.3946 47.13968 -33.74968 81.47889 47.13968 -41.57349 77.7785 47.13968 -48.99693 73.32906 47.13968 -55.94851 68.17342 47.13968 -62.36126 62.36123 47.13968 -68.17345 55.94847 47.13968 -73.32909 48.99689 47.13968 -77.77852 41.57345 47.13968 -81.47891 33.74963 47.13968 -84.39462 25.60078 47.13968 -86.49754 17.20539 47.13968 -87.76746 8.644294 47.13968 -88.19212 -4.97633e-5 47.13968 -87.76745 -8.644393 47.13968 -86.49752 -17.20548 47.13968 -84.39458 -25.60088 47.13968 -81.47887 -33.74973 47.13968 -77.77848 -41.57354 47.13968 -73.32903 -48.99698 47.13968 -68.17339 -55.94855 47.13968 -62.36119 -62.36131 47.13968 -55.94843 -68.17348 47.13968 -48.99687 -73.32911 47.13968 -41.57344 -77.77853 47.13968 -33.74964 -81.47891 47.13968 -25.60081 -84.3946 47.13968 -17.20543 -86.49754 47.13968 -8.644362 -87.76746 47.13968 -4.10016e-5 -88.19212 47.13968 8.644281 -87.76746 47.13968 17.20535 -86.49755 47.13968 25.60073 -84.39463 47.13968 33.74956 -81.47894 47.13968 41.57337 -77.77857 47.13968 48.9968 -73.32915 47.13968 55.94836 -68.17354 47.13968 62.36112 -62.36138 47.13968 68.1733 -55.94864 47.13968 73.32895 -48.9971 47.13968 77.7784 -41.57368 47.13968 81.4788 -33.7499 47.13968 84.39452 -25.60108 47.13968 86.49748 -17.20571 47.13968 87.76743 -8.644642 47.13968 88.19212 -3.21006e-4 47.13968 87.76749 8.644003 47.13968 86.4976 17.20508 47.13968 84.39471 25.60046 47.13968 81.47905 33.74931 47.13968 77.7787 41.57312 47.13968 73.32931 48.99656 47.13968 68.17371 55.94815 47.13968 62.36157 62.36092 47.13968 55.94886 68.17313 47.13968 48.99733 73.3288 47.13968 41.57393 77.77827 47.13968 33.75016 81.4787 47.13968 25.60135 84.39444 47.13968 17.20598 86.49742 47.13968 8.64492 87.7674 47.13968 -4.03841e-6 92.38795 38.26834 -9.05561 91.94307 38.26834 -18.02401 90.61274 38.26834 -26.81882 88.40975 38.26834 -35.35535 85.35532 38.26834 -43.55138 81.47889 38.26834 -51.32801 76.81776 38.26834 -58.61031 71.41684 38.26834 -65.32816 65.32813 38.26834 -71.41686 58.61027 38.26834 -76.81779 51.32797 38.26834 -81.47891 43.55135 38.26834 -85.35535 35.3553 38.26834 -88.40977 26.81877 38.26834 -90.61275 18.02395 38.26834 -91.94308 9.055554 38.26834 -92.38795 -5.21308e-5 38.26834 -91.94307 -9.055658 38.26834 -90.61272 -18.02405 38.26834 -88.40973 -26.81886 38.26834 -85.35531 -35.3554 38.26834 -81.47887 -43.55144 38.26834 -76.81773 -51.32806 38.26834 -71.41679 -58.61035 38.26834 -65.32809 -65.3282 38.26834 -58.61023 -71.4169 38.26834 -51.32794 -76.81781 38.26834 -43.55133 -81.47892 38.26834 -35.35531 -85.35535 38.26834 -26.81879 -88.40975 38.26834 -18.024 -90.61274 38.26834 -9.055627 -91.94307 38.26834 -4.29523e-5 -92.38795 38.26834 9.055541 -91.94308 38.26834 18.02392 -90.61275 38.26834 26.81871 -88.40978 38.26834 35.35523 -85.35538 38.26834 43.55126 -81.47896 38.26834 51.32787 -76.81786 38.26834 58.61016 -71.41695 38.26834 65.32801 -65.32828 38.26834 71.41672 -58.61045 38.26834 76.81764 -51.32818 38.26834 81.47878 -43.55159 38.26834 85.35523 -35.35558 38.26834 88.40968 -26.81907 38.26834 90.61268 -18.02429 38.26834 91.94304 -9.055919 38.26834 92.38795 -3.36278e-4 38.26834 91.94311 9.055249 38.26834 90.61282 18.02363 38.26834 88.40987 26.81843 38.26834 85.35549 35.35496 38.26834 81.4791 43.551 38.26834 76.81802 51.32762 38.26834 71.41714 58.60994 38.26834 65.32848 65.3278 38.26834 58.61068 71.41653 38.26834 51.32842 76.81748 38.26834 43.55185 81.47864 38.26834 35.35585 85.35512 38.26834 26.81936 88.40958 38.26834 18.02458 90.61262 38.26834 9.056211 91.94302 38.26834 -4.18292e-6 95.69404 29.02846 -9.379663 95.23325 29.02846 -18.66899 93.8553 29.02846 -27.77853 91.57348 29.02846 -36.62054 88.40975 29.02846 -45.10987 84.39461 29.02846 -53.16477 79.56668 29.02846 -60.70767 73.97248 29.02846 -67.66592 67.66589 29.02846 -73.9725 60.70763 29.02846 -79.5667 53.16473 29.02846 -84.39462 45.10983 29.02846 -88.40977 36.62049 29.02846 -91.5735 27.77847 29.02846 -93.85532 18.66894 29.02846 -95.23325 9.379606 29.02846 -95.69404 -5.39963e-5 29.02846 -95.23324 -9.379714 29.02846 -93.85529 -18.66904 29.02846 -91.57346 -27.77857 29.02846 -88.40974 -36.62059 29.02846 -84.39458 -45.10992 29.02846 -79.56664 -53.16482 29.02846 -73.97243 -60.70772 29.02846 -67.66585 -67.66596 29.02846 -60.70758 -73.97255 29.02846 -53.1647 -79.56673 29.02846 -45.10981 -84.39463 29.02846 -36.62049 -88.40977 29.02846 -27.7785 -91.57349 29.02846 -18.66899 -93.8553 29.02846 -9.379681 -95.23325 29.02846 -4.44893e-5 -95.69404 29.02846 9.379593 -95.23325 29.02846 18.6689 -93.85532 29.02846 27.77842 -91.57352 29.02846 36.62041 -88.40981 29.02846 45.10974 -84.39468 29.02846 53.16463 -79.56677 29.02846 60.70752 -73.9726 29.02846 67.66576 -67.66605 29.02846 73.97235 -60.70782 29.02846 79.56655 -53.16496 29.02846 84.39449 -45.11008 29.02846 88.40966 -36.62077 29.02846 91.5734 -27.77879 29.02846 93.85525 -18.66928 29.02846 95.23321 -9.379984 29.02846 95.69404 -3.48312e-4 29.02846 95.23328 9.379291 29.02846 93.85538 18.6686 29.02846 91.5736 27.77812 29.02846 88.40993 36.62013 29.02846 84.39481 45.10947 29.02846 79.56694 53.16437 29.02846 73.9728 60.70728 29.02846 67.66625 67.66555 29.02846 60.70806 73.97217 29.02846 53.16521 79.56638 29.02846 45.11035 84.39434 29.02846 36.62106 88.40955 29.02846 27.77908 91.57331 29.02846 18.66958 93.85518 29.02846 9.380286 95.23318 29.02846 -4.28715e-6 98.07853 19.50902 -9.613385 97.60625 19.50902 -19.13418 96.19398 19.50902 -28.47071 93.85529 19.50902 -37.53305 90.61274 19.50902 -46.23391 86.49754 19.50902 -54.48952 81.54931 19.50902 -62.22038 75.81571 19.50902 -69.35201 69.35197 19.50902 -75.81574 62.22034 19.50902 -81.54933 54.48948 19.50902 -86.49756 46.23387 19.50902 -90.61276 37.53299 19.50902 -93.85532 28.47065 19.50902 -96.19398 19.13412 19.50902 -97.60626 9.613326 19.50902 -98.07853 -5.53418e-5 19.50902 -97.60625 -9.613437 19.50902 -96.19396 -19.13423 19.50902 -93.85528 -28.47076 19.50902 -90.61272 -37.5331 19.50902 -86.49751 -46.23396 19.50902 -81.54927 -54.48958 19.50902 -75.81567 -62.22042 19.50902 -69.35194 -69.35206 19.50902 -62.22029 -75.81579 19.50902 -54.48945 -81.54935 19.50902 -46.23385 -86.49757 19.50902 -37.533 -90.61276 19.50902 -28.47068 -93.8553 19.50902 -19.13418 -96.19398 19.50902 -9.613402 -97.60625 19.50902 -4.55979e-5 -98.07853 19.50902 9.613312 -97.60626 19.50902 19.13409 -96.19399 19.50902 28.47059 -93.85533 19.50902 37.53291 -90.61279 19.50902 46.23377 -86.4976 19.50902 54.48938 -81.54941 19.50902 62.22022 -75.81584 19.50902 69.35185 -69.35213 19.50902 75.81559 -62.22053 19.50902 81.54918 -54.48971 19.50902 86.49742 -46.23413 19.50902 90.61264 -37.53328 19.50902 93.85522 -28.47098 19.50902 96.19392 -19.13448 19.50902 97.60622 -9.613713 19.50902 98.07853 -3.56991e-4 19.50902 97.60629 9.613002 19.50902 96.19405 19.13378 19.50902 93.85542 28.47029 19.50902 90.61292 37.53263 19.50902 86.49776 46.2335 19.50902 81.54958 54.48912 19.50902 75.81604 62.21998 19.50902 69.35236 69.35163 19.50902 62.22078 75.81539 19.50902 54.48997 81.54901 19.50902 46.2344 86.49727 19.50902 37.53357 90.61252 19.50902 28.47128 93.85512 19.50902 19.13479 96.19386 19.50902 9.614023 97.60619 19.50902 -4.35009e-6 99.51847 9.801702 -9.754524 99.03926 9.801702 -19.4151 97.60625 9.801702 -28.8887 95.23324 9.801702 -38.08409 91.94307 9.801702 -46.91269 87.76746 9.801702 -55.28951 82.74657 9.801702 -63.13387 76.9288 9.801702 -70.3702 70.37016 9.801702 -76.92883 63.13382 9.801702 -82.7466 55.28947 9.801702 -87.76747 46.91265 9.801702 -91.94309 38.08403 9.801702 -95.23325 28.88865 9.801702 -97.60626 19.41504 9.801702 -99.03927 9.754464 9.801702 -99.51847 -5.61543e-5 9.801702 -99.03925 -9.754576 9.801702 -97.60624 -19.41515 9.801702 -95.23322 -28.88875 9.801702 -91.94305 -38.08414 9.801702 -87.76743 -46.91275 9.801702 -82.74654 -55.28957 9.801702 -76.92876 -63.13391 9.801702 -70.37012 -70.37025 9.801702 -63.13378 -76.92888 9.801702 -55.28944 -82.74663 9.801702 -46.91264 -87.76748 9.801702 -38.08404 -91.94309 9.801702 -28.88867 -95.23324 9.801702 -19.4151 -97.60625 9.801702 -9.754542 -99.03926 9.801702 -4.62674e-5 -99.51847 9.801702 9.75445 -99.03927 9.801702 19.41501 -97.60627 9.801702 28.88858 -95.23327 9.801702 38.08395 -91.94313 9.801702 46.91256 -87.76752 9.801702 55.28936 -82.74668 9.801702 63.13371 -76.92893 9.801702 70.37004 -70.37033 9.801702 76.92867 -63.13402 9.801702 82.74644 -55.2897 9.801702 87.76733 -46.91291 9.801702 91.94297 -38.08433 9.801702 95.23315 -28.88898 9.801702 97.60619 -19.41541 9.801702 99.03922 -9.754857 9.801702 99.51847 -3.62232e-4 9.801702 99.0393 9.754136 9.801702 97.60633 19.4147 9.801702 95.23336 28.88828 9.801702 91.94324 38.08366 9.801702 87.76767 46.91228 9.801702 82.74685 55.2891 9.801702 76.92914 63.13346 9.801702 70.37055 70.36982 9.801702 63.13427 76.92847 9.801702 55.28996 82.74628 9.801702 46.91319 87.76718 9.801702 38.08463 91.94285 9.801702 28.88928 95.23306 9.801702 19.41572 97.60612 9.801702 9.755172 99.0392 9.801702 -4.37114e-6 100 -1.62921e-5 -9.801723 99.51847 -1.62921e-5 -19.50904 98.07852 -1.62921e-5 -29.02848 95.69403 -1.62921e-5 -38.26836 92.38795 -1.62921e-5 -47.13968 88.19212 -1.62921e-5 -55.55704 83.14696 -1.62921e-5 -63.43935 77.30103 -1.62921e-5 -70.71069 70.71066 -1.62921e-5 -77.30106 63.4393 -1.62921e-5 -83.14698 55.557 -1.62921e-5 -88.19214 47.13964 -1.62921e-5 -92.38797 38.26831 -1.62921e-5 -95.69405 29.02843 -1.62921e-5 -98.07854 19.50899 -1.62921e-5 -99.51848 9.801662 -1.62921e-5 -100 -5.6426e-5 -1.62921e-5 -99.51846 -9.801774 -1.62921e-5 -98.07851 -19.50909 -1.62921e-5 -95.69401 -29.02853 -1.62921e-5 -92.38792 -38.26841 -1.62921e-5 -88.19209 -47.13974 -1.62921e-5 -83.14692 -55.55709 -1.62921e-5 -77.30099 -63.43939 -1.62921e-5 -70.71062 -70.71074 -1.62921e-5 -63.43925 -77.3011 -1.62921e-5 -55.55696 -83.147 -1.62921e-5 -47.13963 -88.19215 -1.62921e-5 -38.26831 -92.38797 -1.62921e-5 -29.02845 -95.69404 -1.62921e-5 -19.50904 -98.07852 -1.62921e-5 -9.801741 -99.51847 -1.62921e-5 -4.64912e-5 -100 -1.62921e-5 9.801648 -99.51848 -1.62921e-5 19.50895 -98.07854 -1.62921e-5 29.02836 -95.69406 -1.62921e-5 38.26823 -92.388 -1.62921e-5 47.13955 -88.19219 -1.62921e-5 55.55689 -83.14706 -1.62921e-5 63.43919 -77.30116 -1.62921e-5 70.71053 -70.71082 -1.62921e-5 77.3009 -63.4395 -1.62921e-5 83.14682 -55.55723 -1.62921e-5 88.192 -47.13991 -1.62921e-5 92.38784 -38.2686 -1.62921e-5 95.69395 -29.02876 -1.62921e-5 98.07847 -19.50935 -1.62921e-5 99.51843 -9.802057 -1.62921e-5 100 -3.63985e-4 -1.62921e-5 99.51851 9.801332 -1.62921e-5 98.07861 19.50864 -1.62921e-5 95.69415 29.02806 -1.62921e-5 92.38812 38.26793 -1.62921e-5 88.19234 47.13927 -1.62921e-5 83.14722 55.55662 -1.62921e-5 77.30137 63.43894 -1.62921e-5 70.71104 70.7103 -1.62921e-5 63.43975 77.3007 -1.62921e-5 55.55749 83.14665 -1.62921e-5 47.14019 88.19185 -1.62921e-5 38.2689 92.38773 -1.62921e-5 29.02906 95.69385 -1.62921e-5 19.50966 98.0784 -1.62921e-5 9.802373 99.51841 -1.62921e-5 -4.35009e-6 99.51847 -9.801734 -9.754524 99.03926 -9.801734 -19.4151 97.60625 -9.801734 -28.8887 95.23324 -9.801734 -38.08409 91.94307 -9.801734 -46.91269 87.76746 -9.801734 -55.28951 82.74657 -9.801734 -63.13387 76.9288 -9.801734 -70.3702 70.37016 -9.801734 -76.92883 63.13382 -9.801734 -82.7466 55.28947 -9.801734 -87.76747 46.91265 -9.801734 -91.94309 38.08403 -9.801734 -95.23325 28.88865 -9.801734 -97.60626 19.41504 -9.801734 -99.03927 9.754464 -9.801734 -99.51847 -5.61543e-5 -9.801734 -99.03925 -9.754576 -9.801734 -97.60624 -19.41515 -9.801734 -95.23322 -28.88875 -9.801734 -91.94305 -38.08414 -9.801734 -87.76743 -46.91275 -9.801734 -82.74654 -55.28957 -9.801734 -76.92876 -63.13391 -9.801734 -70.37012 -70.37025 -9.801734 -63.13378 -76.92888 -9.801734 -55.28944 -82.74663 -9.801734 -46.91264 -87.76748 -9.801734 -38.08404 -91.94309 -9.801734 -28.88867 -95.23324 -9.801734 -19.4151 -97.60625 -9.801734 -9.754542 -99.03926 -9.801734 -4.62674e-5 -99.51847 -9.801734 9.75445 -99.03927 -9.801734 19.41501 -97.60627 -9.801734 28.88858 -95.23327 -9.801734 38.08395 -91.94313 -9.801734 46.91256 -87.76752 -9.801734 55.28936 -82.74668 -9.801734 63.13371 -76.92893 -9.801734 70.37004 -70.37033 -9.801734 76.92867 -63.13402 -9.801734 82.74644 -55.2897 -9.801734 87.76733 -46.91291 -9.801734 91.94297 -38.08433 -9.801734 95.23315 -28.88898 -9.801734 97.60619 -19.41541 -9.801734 99.03922 -9.754857 -9.801734 99.51847 -3.62232e-4 -9.801734 99.0393 9.754136 -9.801734 97.60633 19.4147 -9.801734 95.23336 28.88828 -9.801734 91.94324 38.08366 -9.801734 87.76767 46.91228 -9.801734 82.74685 55.2891 -9.801734 76.92914 63.13346 -9.801734 70.37055 70.36982 -9.801734 63.13427 76.92847 -9.801734 55.28996 82.74628 -9.801734 46.91319 87.76718 -9.801734 38.08463 91.94285 -9.801734 28.88928 95.23306 -9.801734 19.41572 97.60612 -9.801734 9.755172 99.0392 -9.801734 -4.28715e-6 98.07852 -19.50906 -9.613384 97.60625 -19.50906 -19.13418 96.19397 -19.50906 -28.47071 93.85529 -19.50906 -37.53305 90.61273 -19.50906 -46.23391 86.49753 -19.50906 -54.48952 81.5493 -19.50906 -62.22037 75.81571 -19.50906 -69.35201 69.35197 -19.50906 -75.81573 62.22033 -19.50906 -81.54932 54.48948 -19.50906 -86.49755 46.23386 -19.50906 -90.61275 37.53299 -19.50906 -93.85531 28.47065 -19.50906 -96.19398 19.13412 -19.50906 -97.60625 9.613325 -19.50906 -98.07852 -5.53418e-5 -19.50906 -97.60624 -9.613436 -19.50906 -96.19395 -19.13423 -19.50906 -93.85527 -28.47075 -19.50906 -90.61271 -37.53309 -19.50906 -86.49751 -46.23396 -19.50906 -81.54927 -54.48957 -19.50906 -75.81567 -62.22042 -19.50906 -69.35193 -69.35205 -19.50906 -62.22028 -75.81578 -19.50906 -54.48945 -81.54935 -19.50906 -46.23385 -86.49756 -19.50906 -37.533 -90.61275 -19.50906 -28.47068 -93.85529 -19.50906 -19.13418 -96.19397 -19.50906 -9.613402 -97.60625 -19.50906 -4.55979e-5 -98.07852 -19.50906 9.613311 -97.60625 -19.50906 19.13409 -96.19398 -19.50906 28.47059 -93.85532 -19.50906 37.53291 -90.61279 -19.50906 46.23377 -86.4976 -19.50906 54.48937 -81.5494 -19.50906 62.22021 -75.81583 -19.50906 69.35184 -69.35213 -19.50906 75.81558 -62.22052 -19.50906 81.54917 -54.48971 -19.50906 86.49741 -46.23412 -19.50906 90.61263 -37.53328 -19.50906 93.85521 -28.47098 -19.50906 96.19391 -19.13448 -19.50906 97.60621 -9.613712 -19.50906 98.07852 -3.56991e-4 -19.50906 97.60628 9.613002 -19.50906 96.19405 19.13378 -19.50906 93.85542 28.47029 -19.50906 90.61291 37.53262 -19.50906 86.49775 46.23349 -19.50906 81.54957 54.48911 -19.50906 75.81603 62.21997 -19.50906 69.35235 69.35162 -19.50906 62.22077 75.81538 -19.50906 54.48996 81.549 -19.50906 46.2344 86.49726 -19.50906 37.53357 90.61251 -19.50906 28.47128 93.85511 -19.50906 19.13479 96.19385 -19.50906 9.614022 97.60618 -19.50906 -4.18292e-6 95.69402 -29.0285 -9.379663 95.23323 -29.0285 -18.66899 93.85529 -29.0285 -27.77852 91.57346 -29.0285 -36.62054 88.40974 -29.0285 -45.10986 84.39459 -29.0285 -53.16476 79.56667 -29.0285 -60.70766 73.97247 -29.0285 -67.66591 67.66587 -29.0285 -73.9725 60.70762 -29.0285 -79.56669 53.16472 -29.0285 -84.39461 45.10982 -29.0285 -88.40977 36.62048 -29.0285 -91.57349 27.77847 -29.0285 -93.8553 18.66893 -29.0285 -95.23324 9.379604 -29.0285 -95.69402 -5.39963e-5 -29.0285 -95.23322 -9.379712 -29.0285 -93.85528 -18.66904 -29.0285 -91.57345 -27.77857 -29.0285 -88.40972 -36.62058 -29.0285 -84.39456 -45.10991 -29.0285 -79.56663 -53.16481 -29.0285 -73.97243 -60.70771 -29.0285 -67.66583 -67.66595 -29.0285 -60.70758 -73.97253 -29.0285 -53.1647 -79.56671 -29.0285 -45.10981 -84.39462 -29.0285 -36.62049 -88.40977 -29.0285 -27.7785 -91.57347 -29.0285 -18.66898 -93.85529 -29.0285 -9.37968 -95.23323 -29.0285 -4.44893e-5 -95.69402 -29.0285 9.379591 -95.23324 -29.0285 18.6689 -93.8553 -29.0285 27.77841 -91.5735 -29.0285 36.62041 -88.4098 -29.0285 45.10973 -84.39466 -29.0285 53.16462 -79.56676 -29.0285 60.70751 -73.9726 -29.0285 67.66576 -67.66603 -29.0285 73.97234 -60.70781 -29.0285 79.56654 -53.16495 -29.0285 84.39448 -45.11007 -29.0285 88.40965 -36.62077 -29.0285 91.57339 -27.77879 -29.0285 93.85523 -18.66928 -29.0285 95.23319 -9.379983 -29.0285 95.69402 -3.48312e-4 -29.0285 95.23326 9.379289 -29.0285 93.85537 18.6686 -29.0285 91.57359 27.77812 -29.0285 88.40991 36.62012 -29.0285 84.3948 45.10946 -29.0285 79.56693 53.16436 -29.0285 73.97279 60.70728 -29.0285 67.66624 67.66553 -29.0285 60.70805 73.97215 -29.0285 53.1652 79.56638 -29.0285 45.11034 84.39433 -29.0285 36.62105 88.40953 -29.0285 27.77908 91.5733 -29.0285 18.66958 93.85516 -29.0285 9.380285 95.23317 -29.0285 -4.03841e-6 92.38794 -38.26837 -9.05561 91.94306 -38.26837 -18.024 90.61273 -38.26837 -26.81882 88.40974 -38.26837 -35.35535 85.35532 -38.26837 -43.55138 81.47888 -38.26837 -51.328 76.81776 -38.26837 -58.61031 71.41683 -38.26837 -65.32816 65.32812 -38.26837 -71.41685 58.61026 -38.26837 -76.81778 51.32796 -38.26837 -81.4789 43.55134 -38.26837 -85.35534 35.3553 -38.26837 -88.40976 26.81876 -38.26837 -90.61274 18.02395 -38.26837 -91.94307 9.055553 -38.26837 -92.38794 -5.21308e-5 -38.26837 -91.94306 -9.055657 -38.26837 -90.61272 -18.02405 -38.26837 -88.40973 -26.81886 -38.26837 -85.3553 -35.3554 -38.26837 -81.47886 -43.55143 -38.26837 -76.81773 -51.32805 -38.26837 -71.41679 -58.61035 -38.26837 -65.32808 -65.3282 -38.26837 -58.61022 -71.41689 -38.26837 -51.32793 -76.8178 -38.26837 -43.55133 -81.47891 -38.26837 -35.3553 -85.35534 -38.26837 -26.81879 -88.40974 -38.26837 -18.024 -90.61273 -38.26837 -9.055626 -91.94306 -38.26837 -4.29523e-5 -92.38794 -38.26837 9.05554 -91.94307 -38.26837 18.02391 -90.61275 -38.26837 26.81871 -88.40977 -38.26837 35.35522 -85.35537 -38.26837 43.55125 -81.47895 -38.26837 51.32786 -76.81785 -38.26837 58.61016 -71.41695 -38.26837 65.328 -65.32828 -38.26837 71.41671 -58.61045 -38.26837 76.81763 -51.32818 -38.26837 81.47878 -43.55159 -38.26837 85.35522 -35.35558 -38.26837 88.40967 -26.81907 -38.26837 90.61267 -18.02429 -38.26837 91.94303 -9.055919 -38.26837 92.38794 -3.36278e-4 -38.26837 91.9431 9.055248 -38.26837 90.61281 18.02363 -38.26837 88.40986 26.81843 -38.26837 85.35548 35.35496 -38.26837 81.47909 43.55099 -38.26837 76.81801 51.32761 -38.26837 71.41714 58.60993 -38.26837 65.32848 65.3278 -38.26837 58.61068 71.41653 -38.26837 51.32842 76.81747 -38.26837 43.55185 81.47863 -38.26837 35.35585 85.35512 -38.26837 26.81935 88.40958 -38.26837 18.02457 90.61261 -38.26837 9.056211 91.94301 -38.26837 -3.855e-6 88.19211 -47.13971 -8.644345 87.76744 -47.13971 -17.20544 86.49752 -47.13971 -25.60083 84.39458 -47.13971 -33.74968 81.47887 -47.13971 -41.57348 77.7785 -47.13971 -48.99692 73.32905 -47.13971 -55.9485 68.17341 -47.13971 -62.36125 62.36122 -47.13971 -68.17344 55.94846 -47.13971 -73.32907 48.99688 -47.13971 -77.77851 41.57344 -47.13971 -81.4789 33.74963 -47.13971 -84.3946 25.60078 -47.13971 -86.49753 17.20539 -47.13971 -87.76744 8.644292 -47.13971 -88.19211 -4.97633e-5 -47.13971 -87.76743 -8.644392 -47.13971 -86.49751 -17.20548 -47.13971 -84.39457 -25.60087 -47.13971 -81.47886 -33.74972 -47.13971 -77.77847 -41.57353 -47.13971 -73.32902 -48.99697 -47.13971 -68.17337 -55.94854 -47.13971 -62.36118 -62.36129 -47.13971 -55.94842 -68.17347 -47.13971 -48.99686 -73.32909 -47.13971 -41.57343 -77.77852 -47.13971 -33.74963 -81.4789 -47.13971 -25.60081 -84.39458 -47.13971 -17.20543 -86.49752 -47.13971 -8.644361 -87.76744 -47.13971 -4.10016e-5 -88.19211 -47.13971 8.644279 -87.76744 -47.13971 17.20535 -86.49754 -47.13971 25.60073 -84.39462 -47.13971 33.74956 -81.47893 -47.13971 41.57336 -77.77856 -47.13971 48.99679 -73.32914 -47.13971 55.94835 -68.17352 -47.13971 62.36111 -62.36137 -47.13971 68.17329 -55.94863 -47.13971 73.32893 -48.99709 -47.13971 77.77839 -41.57368 -47.13971 81.47879 -33.74989 -47.13971 84.39451 -25.60107 -47.13971 86.49747 -17.20571 -47.13971 87.76741 -8.644641 -47.13971 88.19211 -3.21006e-4 -47.13971 87.76747 8.644001 -47.13971 86.49759 17.20508 -47.13971 84.39469 25.60046 -47.13971 81.47903 33.7493 -47.13971 77.77869 41.57311 -47.13971 73.32929 48.99656 -47.13971 68.17371 55.94814 -47.13971 62.36156 62.36091 -47.13971 55.94885 68.17312 -47.13971 48.99732 73.32878 -47.13971 41.57393 77.77825 -47.13971 33.75015 81.47868 -47.13971 25.60134 84.39442 -47.13971 17.20598 86.49741 -47.13971 8.644919 87.76738 -47.13971 -3.63447e-6 83.14694 -55.55705 -8.149833 82.74657 -55.55705 -16.22117 81.54929 -55.55705 -24.1363 79.56666 -55.55705 -31.81897 76.81775 -55.55705 -39.19521 73.32906 -55.55705 -46.19398 69.13415 -55.55705 -52.74788 64.27345 -55.55705 -58.79378 58.79375 -55.55705 -64.27347 52.74784 -55.55705 -69.13417 46.19394 -55.55705 -73.32907 39.19517 -55.55705 -76.81777 31.81893 -55.55705 -79.56667 24.13625 -55.55705 -81.5493 16.22112 -55.55705 -82.74657 8.149782 -55.55705 -83.14694 -4.69165e-5 -55.55705 -82.74656 -8.149876 -55.55705 -81.54929 -16.22122 -55.55705 -79.56664 -24.13634 -55.55705 -76.81773 -31.81901 -55.55705 -73.32903 -39.19525 -55.55705 -69.13412 -46.19402 -55.55705 -64.27341 -52.74792 -55.55705 -58.79372 -58.79382 -55.55705 -52.7478 -64.27351 -55.55705 -46.19392 -69.13419 -55.55705 -39.19516 -73.32908 -55.55705 -31.81893 -76.81777 -55.55705 -24.13627 -79.56667 -55.55705 -16.22117 -81.54929 -55.55705 -8.149847 -82.74657 -55.55705 -3.8656e-5 -83.14694 -55.55705 8.149771 -82.74657 -55.55705 16.22109 -81.54931 -55.55705 24.1362 -79.56669 -55.55705 31.81886 -76.8178 -55.55705 39.19509 -73.32912 -55.55705 46.19385 -69.13423 -55.55705 52.74774 -64.27355 -55.55705 58.79365 -58.79389 -55.55705 64.27334 -52.748 -55.55705 69.13404 -46.19413 -55.55705 73.32896 -39.19539 -55.55705 76.81767 -31.81917 -55.55705 79.56659 -24.13652 -55.55705 81.54925 -16.22143 -55.55705 82.74654 -8.15011 -55.55705 83.14694 -3.02643e-4 -55.55705 82.7466 8.149508 -55.55705 81.54936 16.22083 -55.55705 79.56676 24.13594 -55.55705 76.8179 31.81862 -55.55705 73.32924 39.19486 -55.55705 69.13438 46.19363 -55.55705 64.27372 52.74754 -55.55705 58.79407 58.79346 -55.55705 52.74821 64.27317 -55.55705 46.19436 69.1339 -55.55705 39.19563 73.32883 -55.55705 31.81942 76.81757 -55.55705 24.13678 79.56651 -55.55705 16.22169 81.54919 -55.55705 8.150373 82.74651 -55.55705 -3.37893e-6 77.30102 -63.43936 -7.576831 76.92879 -63.43936 -15.08069 75.8157 -63.43936 -22.43931 73.97246 -63.43936 -29.58183 71.41682 -63.43936 -36.43945 68.17341 -63.43936 -42.94616 64.27345 -63.43936 -49.03926 59.75448 -63.43936 -54.66009 54.66006 -63.43936 -59.75451 49.03923 -63.43936 -64.27346 42.94612 -63.43936 -68.17342 36.43942 -63.43936 -71.41684 29.58179 -63.43936 -73.97247 22.43927 -63.43936 -75.8157 15.08064 -63.43936 -76.92879 7.576785 -63.43936 -77.30102 -4.36179e-5 -63.43936 -76.92879 -7.576871 -63.43936 -75.81569 -15.08073 -63.43936 -73.97244 -22.43935 -63.43936 -71.41681 -29.58187 -63.43936 -68.17339 -36.4395 -63.43936 -64.27341 -42.9462 -63.43936 -59.75445 -49.0393 -63.43936 -54.66003 -54.66012 -63.43936 -49.03919 -59.75454 -63.43936 -42.9461 -64.27348 -63.43936 -36.43941 -68.17343 -63.43936 -29.58179 -71.41684 -63.43936 -22.43929 -73.97247 -63.43936 -15.08069 -75.8157 -63.43936 -7.576845 -76.92879 -63.43936 -3.59382e-5 -77.30102 -63.43936 7.576774 -76.92879 -63.43936 15.08062 -75.81571 -63.43936 22.43922 -73.97249 -63.43936 29.58173 -71.41687 -63.43936 36.43935 -68.17346 -63.43936 42.94604 -64.27352 -63.43936 49.03913 -59.75459 -63.43936 54.65996 -54.66019 -63.43936 59.75438 -49.03938 -63.43936 64.27334 -42.9463 -63.43936 68.17332 -36.43963 -63.43936 71.41674 -29.58202 -63.43936 73.9724 -22.43953 -63.43936 75.81565 -15.08093 -63.43936 76.92876 -7.57709 -63.43936 77.30102 -2.81364e-4 -63.43936 76.92882 7.57653 -63.43936 75.81577 15.08037 -63.43936 73.97256 22.43899 -63.43936 71.41696 29.5815 -63.43936 68.17358 36.43913 -63.43936 64.27365 42.94583 -63.43936 59.75474 49.03895 -63.43936 54.66036 54.65979 -63.43936 49.03957 59.75423 -63.43936 42.94651 64.27321 -63.43936 36.43985 68.17319 -63.43936 29.58225 71.41665 -63.43936 22.43976 73.97232 -63.43936 15.08117 75.8156 -63.43936 7.577334 76.92874 -63.43936 -3.09086e-6 70.71065 -70.71072 -6.930861 70.37016 -70.71072 -13.79497 69.35196 -70.71072 -20.52623 67.66587 -70.71072 -27.05981 65.32812 -70.71072 -33.33278 62.36122 -70.71072 -39.28474 58.79375 -70.71072 -44.85837 54.66006 -70.71072 -49.99999 49.99997 -70.71072 -54.66008 44.85834 -70.71072 -58.79377 39.28471 -70.71072 -62.36123 33.33274 -70.71072 -65.32813 27.05977 -70.71072 -67.66588 20.52619 -70.71072 -69.35197 13.79493 -70.71072 -70.37016 6.930819 -70.71072 -70.71065 -3.98992e-5 -70.71072 -70.37016 -6.930898 -70.71072 -69.35195 -13.79501 -70.71072 -67.66586 -20.52626 -70.71072 -65.3281 -27.05984 -70.71072 -62.3612 -33.33282 -70.71072 -58.79372 -39.28478 -70.71072 -54.66003 -44.85841 -70.71072 -49.99994 -50.00002 -70.71072 -44.85831 -54.66011 -70.71072 -39.28469 -58.79378 -70.71072 -33.33274 -62.36124 -70.71072 -27.05977 -65.32813 -70.71072 -20.52621 -67.66587 -70.71072 -13.79497 -69.35196 -70.71072 -6.930874 -70.37016 -70.71072 -3.28742e-5 -70.71065 -70.71072 6.930809 -70.37016 -70.71072 13.7949 -69.35197 -70.71072 20.52614 -67.66589 -70.71072 27.05971 -65.32816 -70.71072 33.33268 -62.36127 -70.71072 39.28463 -58.79382 -70.71072 44.85826 -54.66015 -70.71072 49.99988 -50.00008 -70.71072 54.65997 -44.85848 -70.71072 58.79366 -39.28487 -70.71072 62.36114 -33.33294 -70.71072 65.32804 -27.05998 -70.71072 67.66581 -20.52642 -70.71072 69.35192 -13.79519 -70.71072 70.37013 -6.931098 -70.71072 70.71065 -2.57376e-4 -70.71072 70.37018 6.930585 -70.71072 69.35202 13.79468 -70.71072 67.66595 20.52593 -70.71072 65.32824 27.0595 -70.71072 62.36138 33.33248 -70.71072 58.79394 39.28445 -70.71072 54.6603 44.85809 -70.71072 50.00024 49.99972 -70.71072 44.85866 54.65983 -70.71072 39.28506 58.79353 -70.71072 33.33313 62.36103 -70.71072 27.06019 65.32796 -70.71072 20.52664 67.66574 -70.71072 13.79541 69.35188 -70.71072 6.931321 70.37011 -70.71072 -2.77302e-6 63.43929 -77.30108 -6.218143 63.13381 -77.30108 -12.3764 62.22031 -77.30108 -18.41546 60.70761 -77.30108 -24.27718 58.61025 -77.30108 -29.90508 55.94845 -77.30108 -35.24499 52.74783 -77.30108 -40.24547 49.03922 -77.30108 -44.85836 44.85834 -77.30108 -49.03924 40.24544 -77.30108 -52.74785 35.24496 -77.30108 -55.94846 29.90505 -77.30108 -58.61027 24.27714 -77.30108 -60.70762 18.41542 -77.30108 -62.22032 12.37636 -77.30108 -63.13381 6.218104 -77.30108 -63.43929 -3.57962e-5 -77.30108 -63.1338 -6.218176 -77.30108 -62.22031 -12.37643 -77.30108 -60.7076 -18.41549 -77.30108 -58.61024 -24.27721 -77.30108 -55.94843 -29.90511 -77.30108 -52.74781 -35.24502 -77.30108 -49.0392 -40.2455 -77.30108 -44.85831 -44.85839 -77.30108 -40.24541 -49.03927 -77.30108 -35.24494 -52.74786 -77.30108 -29.90504 -55.94847 -77.30108 -24.27714 -58.61027 -77.30108 -18.41544 -60.70761 -77.30108 -12.37639 -62.22031 -77.30108 -6.218154 -63.13381 -77.30108 -2.94937e-5 -63.43929 -77.30108 6.218095 -63.13381 -77.30108 12.37634 -62.22033 -77.30108 18.41539 -60.70763 -77.30108 24.27709 -58.61029 -77.30108 29.90499 -55.9485 -77.30108 35.24489 -52.7479 -77.30108 40.24537 -49.03931 -77.30108 44.85826 -44.85844 -77.30108 49.03914 -40.24557 -77.30108 52.74775 -35.24511 -77.30108 55.94838 -29.90522 -77.30108 58.61019 -24.27733 -77.30108 60.70755 -18.41564 -77.30108 62.22028 -12.37659 -77.30108 63.13379 -6.218355 -77.30108 63.43929 -2.3091e-4 -77.30108 63.13383 6.217895 -77.30108 62.22037 12.37614 -77.30108 60.70769 18.41519 -77.30108 58.61037 24.2769 -77.30108 55.94859 29.90481 -77.30108 52.74801 35.24472 -77.30108 49.03943 40.24521 -77.30108 44.85858 44.85811 -77.30108 40.24572 49.03901 -77.30108 35.24527 52.74764 -77.30108 29.9054 55.94828 -77.30108 24.27752 58.61011 -77.30108 18.41583 60.7075 -77.30108 12.37679 62.22024 -77.30108 6.218555 63.13377 -77.30108 -2.42847e-6 55.55698 -83.147 -5.44554 55.28946 -83.147 -10.83864 54.48946 -83.147 -16.12735 53.16471 -83.147 -21.26075 51.32795 -83.147 -26.18938 48.99688 -83.147 -30.86581 46.19393 -83.147 -35.24498 42.94612 -83.147 -39.28473 39.2847 -83.147 -42.94613 35.24496 -83.147 -46.19395 30.86579 -83.147 -48.99689 26.18936 -83.147 -51.32796 21.26071 -83.147 -53.16472 16.12732 -83.147 -54.48947 10.8386 -83.147 -55.28946 5.445507 -83.147 -55.55698 -3.13486e-5 -83.147 -55.28945 -5.44557 -83.147 -54.48946 -10.83866 -83.147 -53.1647 -16.12737 -83.147 -51.32794 -21.26077 -83.147 -48.99686 -26.18941 -83.147 -46.19391 -30.86584 -83.147 -42.94609 -35.24501 -83.147 -39.28468 -39.28475 -83.147 -35.24493 -42.94616 -83.147 -30.86577 -46.19396 -83.147 -26.18935 -48.99689 -83.147 -21.26072 -51.32796 -83.147 -16.12733 -53.16471 -83.147 -10.83863 -54.48946 -83.147 -5.44555 -55.28946 -83.147 -2.58291e-5 -55.55698 -83.147 5.445499 -55.28946 -83.147 10.83858 -54.48947 -83.147 16.12728 -53.16473 -83.147 21.26067 -51.32798 -83.147 26.18931 -48.99692 -83.147 30.86573 -46.19399 -83.147 35.24489 -42.94619 -83.147 39.28463 -39.2848 -83.147 42.94604 -35.24507 -83.147 46.19386 -30.86592 -83.147 48.99681 -26.18951 -83.147 51.32789 -21.26088 -83.147 53.16466 -16.1275 -83.147 54.48943 -10.83881 -83.147 55.28943 -5.445726 -83.147 55.55698 -2.02219e-4 -83.147 55.28947 5.445323 -83.147 54.48951 10.83841 -83.147 53.16478 16.12711 -83.147 51.32805 21.26051 -83.147 48.997 26.18915 -83.147 46.19408 30.86558 -83.147 42.9463 35.24476 -83.147 39.28492 39.28451 -83.147 35.24521 42.94593 -83.147 30.86606 46.19376 -83.147 26.18966 48.99672 -83.147 21.26104 51.32783 -83.147 16.12767 53.16461 -83.147 10.83898 54.4894 -83.147 5.445902 55.28942 -83.147 -2.06054e-6 47.13962 -88.19215 -4.620495 46.91263 -88.19215 -9.196489 46.23384 -88.19215 -13.68392 45.1098 -88.19215 -18.03956 43.55133 -88.19215 -22.22147 41.57343 -88.19215 -26.18938 39.19516 -88.19215 -29.90507 36.43941 -88.19215 -33.33275 33.33274 -88.19215 -36.43943 29.90505 -88.19215 -39.19517 26.18936 -88.19215 -41.57344 22.22145 -88.19215 -43.55134 18.03954 -88.19215 -45.10981 13.68389 -88.19215 -46.23385 9.196462 -88.19215 -46.91264 4.620466 -88.19215 -47.13962 -2.6599e-5 -88.19215 -46.91263 -4.62052 -88.19215 -46.23384 -9.196513 -88.19215 -45.10979 -13.68394 -88.19215 -43.55132 -18.03959 -88.19215 -41.57342 -22.22149 -88.19215 -39.19514 -26.1894 -88.19215 -36.4394 -29.90509 -88.19215 -33.33272 -33.33278 -88.19215 -29.90503 -36.43945 -88.19215 -26.18934 -39.19518 -88.19215 -22.22144 -41.57345 -88.19215 -18.03954 -43.55134 -88.19215 -13.6839 -45.10981 -88.19215 -9.196486 -46.23384 -88.19215 -4.620503 -46.91263 -88.19215 -2.19158e-5 -47.13962 -88.19215 4.62046 -46.91264 -88.19215 9.196444 -46.23385 -88.19215 13.68386 -45.10982 -88.19215 18.0395 -43.55136 -88.19215 22.2214 -41.57347 -88.19215 26.18931 -39.19521 -88.19215 29.90499 -36.43948 -88.19215 33.33268 -33.33282 -88.19215 36.43935 -29.90514 -88.19215 39.1951 -26.18947 -88.19215 41.57338 -22.22157 -88.19215 43.55128 -18.03967 -88.19215 45.10976 -13.68405 -88.19215 46.23382 -9.196633 -88.19215 46.91261 -4.620653 -88.19215 47.13962 -1.71581e-4 -88.19215 46.91265 4.620311 -88.19215 46.23389 9.196298 -88.19215 45.10986 13.68372 -88.19215 43.55141 18.03936 -88.19215 41.57354 22.22127 -88.19215 39.19529 26.18918 -88.19215 36.43957 29.90488 -88.19215 33.33292 33.33257 -88.19215 29.90526 36.43926 -88.19215 26.18959 39.19501 -88.19215 22.22171 41.5733 -88.19215 18.03981 43.55122 -88.19215 13.68419 45.10972 -88.19215 9.19678 46.23379 -88.19215 4.620801 46.9126 -88.19215 -1.67276e-6 38.26828 -92.38798 -3.750951 38.08401 -92.38798 -7.465776 37.53297 -92.38798 -11.1087 36.62046 -92.38798 -14.64465 35.35528 -92.38798 -18.03955 33.74961 -92.38798 -21.26073 31.81891 -92.38798 -24.27715 29.58178 -92.38798 -27.05977 27.05976 -92.38798 -29.58179 24.27713 -92.38798 -31.81892 21.26071 -92.38798 -33.74962 18.03953 -92.38798 -35.35529 14.64462 -92.38798 -36.62047 11.10868 -92.38798 -37.53297 7.465754 -92.38798 -38.08401 3.750928 -92.38798 -38.26828 -2.15933e-5 -92.38798 -38.08401 -3.750971 -92.38798 -37.53296 -7.465796 -92.38798 -36.62046 -11.10872 -92.38798 -35.35527 -14.64466 -92.38798 -33.7496 -18.03957 -92.38798 -31.8189 -21.26074 -92.38798 -29.58176 -24.27717 -92.38798 -27.05974 -27.05979 -92.38798 -24.27711 -29.58181 -92.38798 -21.2607 -31.81893 -92.38798 -18.03953 -33.74962 -92.38798 -14.64463 -35.35529 -92.38798 -11.10869 -36.62046 -92.38798 -7.465774 -37.53297 -92.38798 -3.750958 -38.08401 -92.38798 -1.77914e-5 -38.26828 -92.38798 3.750922 -38.08401 -92.38798 7.465739 -37.53297 -92.38798 11.10866 -36.62048 -92.38798 14.64459 -35.3553 -92.38798 18.0395 -33.74964 -92.38798 21.26067 -31.81895 -92.38798 24.27709 -29.58183 -92.38798 27.05971 -27.05982 -92.38798 29.58173 -24.27721 -92.38798 31.81886 -21.2608 -92.38798 33.74957 -18.03963 -92.38798 35.35524 -14.64474 -92.38798 36.62043 -11.10881 -92.38798 37.53294 -7.465893 -92.38798 38.084 -3.751079 -92.38798 38.26828 -1.39291e-4 -92.38798 38.08403 3.750802 -92.38798 37.533 7.46562 -92.38798 36.62051 11.10854 -92.38798 35.35535 14.64448 -92.38798 33.74969 18.03939 -92.38798 31.81902 21.26056 -92.38798 29.58191 24.27699 -92.38798 27.0599 27.05962 -92.38798 24.2773 29.58165 -92.38798 21.2609 31.8188 -92.38798 18.03974 33.74951 -92.38798 14.64485 35.3552 -92.38798 11.10892 36.6204 -92.38798 7.466012 37.53292 -92.38798 3.7512 38.08398 -92.38798 -1.26887e-6 29.0284 -95.69405 -2.845284 28.88862 -95.69405 -5.663164 28.47063 -95.69405 -8.426506 27.77845 -95.69405 -11.1087 26.81875 -95.69405 -13.6839 25.60077 -95.69405 -16.12732 24.13623 -95.69405 -18.41543 22.43926 -95.69405 -20.52619 20.52618 -95.69405 -22.43926 18.41542 -95.69405 -24.13624 16.12731 -95.69405 -25.60077 13.68389 -95.69405 -26.81875 11.10868 -95.69405 -27.77846 8.426489 -95.69405 -28.47063 5.663147 -95.69405 -28.88863 2.845266 -95.69405 -29.0284 -1.63796e-5 -95.69405 -28.88862 -2.845299 -95.69405 -28.47063 -5.663179 -95.69405 -27.77844 -8.426519 -95.69405 -26.81874 -11.10871 -95.69405 -25.60076 -13.68391 -95.69405 -24.13622 -16.12734 -95.69405 -22.43924 -18.41544 -95.69405 -20.52616 -20.5262 -95.69405 -18.4154 -22.43928 -95.69405 -16.1273 -24.13625 -95.69405 -13.68388 -25.60077 -95.69405 -11.10868 -26.81875 -95.69405 -8.426497 -27.77845 -95.69405 -5.663163 -28.47063 -95.69405 -2.845289 -28.88862 -95.69405 -1.34957e-5 -29.0284 -95.69405 2.845262 -28.88863 -95.69405 5.663136 -28.47064 -95.69405 8.426471 -27.77846 -95.69405 11.10865 -26.81876 -95.69405 13.68386 -25.60079 -95.69405 16.12728 -24.13626 -95.69405 18.41538 -22.43929 -95.69405 20.52614 -20.52622 -95.69405 22.43922 -18.41547 -95.69405 24.1362 -16.12738 -95.69405 25.60073 -13.68396 -95.69405 26.81872 -11.10877 -95.69405 27.77843 -8.426585 -95.69405 28.47061 -5.663253 -95.69405 28.88861 -2.845381 -95.69405 29.0284 -1.05659e-4 -95.69405 28.88864 2.84517 -95.69405 28.47066 5.663046 -95.69405 27.77849 8.426383 -95.69405 26.8188 11.10857 -95.69405 25.60083 13.68378 -95.69405 24.13631 16.1272 -95.69405 22.43935 18.41531 -95.69405 20.52629 20.52607 -95.69405 18.41555 22.43916 -95.69405 16.12745 24.13614 -95.69405 13.68404 25.60069 -95.69405 11.10885 26.81868 -95.69405 8.426674 27.7784 -95.69405 5.663343 28.47059 -95.69405 2.845472 28.88861 -95.69405 -8.52764e-7 19.50896 -98.07854 -1.912214 19.41502 -98.07854 -3.806012 19.1341 -98.07854 -5.663156 18.66891 -98.07854 -7.46576 18.02393 -98.07854 -9.196463 17.20537 -98.07854 -10.8386 16.22111 -98.07854 -12.37636 15.08063 -98.07854 -13.79492 13.79491 -98.07854 -15.08063 12.37635 -98.07854 -16.22111 10.83859 -98.07854 -17.20537 9.196454 -98.07854 -18.02393 7.465749 -98.07854 -18.66891 5.663144 -98.07854 -19.1341 3.806 -98.07854 -19.41502 1.912202 -98.07854 -19.50896 -1.10081e-5 -98.07854 -19.41502 -1.912224 -98.07854 -19.1341 -3.806022 -98.07854 -18.66891 -5.663165 -98.07854 -18.02392 -7.465769 -98.07854 -17.20536 -9.196473 -98.07854 -16.2211 -10.83861 -98.07854 -15.08062 -12.37637 -98.07854 -13.79491 -13.79493 -98.07854 -12.37634 -15.08064 -98.07854 -10.83859 -16.22112 -98.07854 -9.196451 -17.20537 -98.07854 -7.46575 -18.02393 -98.07854 -5.66315 -18.66891 -98.07854 -3.806011 -19.1341 -98.07854 -1.912218 -19.41502 -98.07854 -9.06996e-6 -19.50896 -98.07854 1.9122 -19.41502 -98.07854 3.805993 -19.1341 -98.07854 5.663132 -18.66892 -98.07854 7.465733 -18.02394 -98.07854 9.196436 -17.20538 -98.07854 10.83857 -16.22113 -98.07854 12.37633 -15.08065 -98.07854 13.79489 -13.79495 -98.07854 15.0806 -12.37639 -98.07854 16.22108 -10.83864 -98.07854 17.20534 -9.196506 -98.07854 18.02391 -7.465807 -98.07854 18.66889 -5.663209 -98.07854 19.13409 -3.806071 -98.07854 19.41501 -1.912279 -98.07854 19.50896 -7.10097e-5 -98.07854 19.41503 1.912138 -98.07854 19.13412 3.805932 -98.07854 18.66894 5.663073 -98.07854 18.02396 7.465676 -98.07854 17.20541 9.196381 -98.07854 16.22116 10.83852 -98.07854 15.08069 12.37628 -98.07854 13.79499 13.79485 -98.07854 12.37644 15.08056 -98.07854 10.83869 16.22105 -98.07854 9.196561 17.20531 -98.07854 7.465865 18.02389 -98.07854 5.663269 18.66888 -98.07854 3.806132 19.13408 -98.07854 1.912341 19.41501 -98.07854 -4.28443e-7 9.801638 -99.51848 -0.9607293 9.75444 -99.51848 -1.912206 9.613301 -99.51848 -2.845267 9.379582 -99.51848 -3.750926 9.055532 -99.51848 -4.620461 8.644273 -99.51848 -5.445499 8.149763 -99.51848 -6.218095 7.576767 -99.51848 -6.930806 6.930802 -99.51848 -7.57677 6.218091 -99.51848 -8.149765 5.445495 -99.51848 -8.644274 4.620457 -99.51848 -9.055533 3.750921 -99.51848 -9.379583 2.845261 -99.51848 -9.613303 1.9122 -99.51848 -9.75444 0.9607234 -99.51848 -9.801638 -5.53067e-6 -99.51848 -9.754439 -0.9607344 -99.51848 -9.6133 -1.912211 -99.51848 -9.37958 -2.845272 -99.51848 -9.05553 -3.750931 -99.51848 -8.644269 -4.620467 -99.51848 -8.149759 -5.445505 -99.51848 -7.576763 -6.2181 -99.51848 -6.930799 -6.930811 -99.51848 -6.218086 -7.576774 -99.51848 -5.445492 -8.149768 -99.51848 -4.620455 -8.644276 -99.51848 -3.750921 -9.055533 -99.51848 -2.845264 -9.379582 -99.51848 -1.912205 -9.613301 -99.51848 -0.960731 -9.75444 -99.51848 -4.5569e-6 -9.801638 -99.51848 0.960722 -9.75444 -99.51848 1.912196 -9.613303 -99.51848 2.845255 -9.379585 -99.51848 3.750913 -9.055537 -99.51848 4.620448 -8.644279 -99.51848 5.445485 -8.149773 -99.51848 6.218079 -7.57678 -99.51848 6.93079 -6.930819 -99.51848 7.576754 -6.21811 -99.51848 8.149751 -5.445518 -99.51848 8.64426 -4.620483 -99.51848 9.055522 -3.75095 -99.51848 9.379574 -2.845294 -99.51848 9.613296 -1.912236 -99.51848 9.754436 -0.9607621 -99.51848 9.801638 -3.56765e-5 -99.51848 9.754443 0.960691 -99.51848 9.61331 1.912166 -99.51848 9.379594 2.845225 -99.51848 9.055549 3.750884 -99.51848 8.644294 4.62042 -99.51848 8.14979 5.445458 -99.51848 7.5768 6.218055 -99.51848 6.93084 6.930768 -99.51848 6.218134 7.576735 -99.51848 5.445544 8.149734 -99.51848 4.62051 8.644245 -99.51848 3.750979 9.05551 -99.51848 2.845324 9.379564 -99.51848 1.912266 9.61329 -99.51848 0.9607931 9.754434 -99.51848 0 0 -100</float_array>
          <technique_common>
            <accessor source="#geom-Sphere001-positions-array" count="1986" stride="3">
              <param name="X" type="float"/>
              <param name="Y" type="float"/>
              <param name="Z" type="float"/>
            </accessor>
          </technique_common>
        </source>
        <source id="geom-Sphere001-normals">
          <float_array id="geom-Sphere001-normals-array" count="5958">2.94499e-8 5.56448e-8 1 1.45014e-7 0.09953568 0.995034 -0.009756205 0.09905632 0.995034 -0.01941845 0.09762309 0.9950341 -0.02889367 0.09524964 0.9950339 -0.03809065 0.09195891 0.995034 -0.04692075 0.08778256 0.9950341 -0.05529905 0.08276086 0.9950341 -0.06314479 0.07694205 0.9950341 -0.07038233 0.07038232 0.995034 -0.07694209 0.06314471 0.9950341 -0.08276086 0.05529898 0.9950341 -0.0877826 0.04692071 0.9950341 -0.09195893 0.03809058 0.9950341 -0.09524966 0.02889364 0.995034 -0.09762309 0.01941838 0.995034 -0.09905636 0.009756146 0.9950341 -0.09953563 -4.05208e-8 0.995034 -0.09905633 -0.009756242 0.995034 -0.09762306 -0.01941855 0.995034 -0.09524959 -0.02889373 0.9950339 -0.09195892 -0.03809066 0.9950341 -0.08778256 -0.04692083 0.995034 -0.08276082 -0.05529914 0.995034 -0.07694203 -0.0631448 0.995034 -0.07038227 -0.07038239 0.995034 -0.06314463 -0.07694214 0.9950339 -0.05529898 -0.08276089 0.9950339 -0.04692073 -0.08778262 0.995034 -0.03809058 -0.09195895 0.995034 -0.02889364 -0.09524966 0.9950339 -0.01941845 -0.09762306 0.9950339 -0.009756228 -0.09905632 0.995034 -3.59195e-8 -0.09953564 0.995034 0.009756104 -0.09905636 0.9950341 0.01941833 -0.09762311 0.995034 0.02889357 -0.09524971 0.9950341 0.03809055 -0.09195897 0.9950341 0.04692064 -0.08778266 0.9950341 0.0552989 -0.08276097 0.9950341 0.06314458 -0.07694218 0.9950341 0.07038219 -0.07038245 0.995034 0.07694194 -0.06314491 0.995034 0.08276068 -0.05529929 0.995034 0.08778247 -0.04692106 0.995034 0.09195882 -0.03809092 0.9950339 0.09524956 -0.02889396 0.995034 0.09762302 -0.01941873 0.995034 0.0990563 -0.009756514 0.9950341 0.09953564 -3.15854e-7 0.9950341 0.09905637 0.009755823 0.9950339 0.09762316 0.01941803 0.9950341 0.09524979 0.02889326 0.9950341 0.0919591 0.0380902 0.9950341 0.08778282 0.04692037 0.9950341 0.08276112 0.05529867 0.995034 0.07694238 0.06314439 0.995034 0.07038267 0.07038194 0.995034 0.06314517 0.07694175 0.995034 0.05529949 0.08276055 0.9950341 0.04692128 0.08778231 0.9950341 0.03809118 0.09195868 0.9950341 0.02889429 0.0952495 0.9950341 0.01941908 0.09762294 0.995034 0.009756691 0.09905636 0.9950341 3.65496e-7 0.1965642 0.980491 -0.01926664 0.1956176 0.980491 -0.03834784 0.1927872 0.980491 -0.05705962 0.1881001 0.980491 -0.07522182 0.1816016 0.980491 -0.0926597 0.1733541 0.980491 -0.1092052 0.1634371 0.980491 -0.124699 0.1519461 0.980491 -0.1389919 0.1389918 0.980491 -0.1519461 0.1246989 0.980491 -0.1634371 0.1092052 0.980491 -0.1733541 0.09265964 0.980491 -0.1816016 0.07522175 0.980491 -0.1881002 0.05705943 0.980491 -0.1927872 0.03834763 0.980491 -0.1956176 0.01926653 0.980491 -0.1965641 -1.1431e-7 0.980491 -0.1956176 -0.01926676 0.980491 -0.1927872 -0.03834793 0.980491 -0.1881 -0.05705971 0.980491 -0.1816015 -0.07522186 0.980491 -0.173354 -0.09265982 0.980491 -0.1634369 -0.1092053 0.980491 -0.1519461 -0.124699 0.980491 -0.1389917 -0.138992 0.980491 -0.1246988 -0.1519462 0.980491 -0.1092051 -0.1634371 0.980491 -0.09265964 -0.1733541 0.980491 -0.07522173 -0.1816016 0.9804909 -0.05705947 -0.1881002 0.980491 -0.03834783 -0.1927872 0.980491 -0.01926669 -0.1956176 0.9804909 1.9596e-8 -0.196564 0.980491 0.01926652 -0.1956176 0.980491 0.03834753 -0.1927872 0.980491 0.05705938 -0.1881002 0.980491 0.07522164 -0.1816017 0.980491 0.09265941 -0.1733542 0.980491 0.1092049 -0.1634372 0.980491 0.1246986 -0.1519464 0.980491 0.1389916 -0.1389921 0.980491 0.1519458 -0.1246993 0.980491 0.1634368 -0.1092057 0.980491 0.1733539 -0.09266015 0.980491 0.1816014 -0.07522234 0.980491 0.1881 -0.05706017 0.980491 0.1927871 -0.03834835 0.980491 0.1956176 -0.0192673 0.980491 0.1965641 -6.91206e-7 0.980491 0.1956177 0.01926588 0.980491 0.1927874 0.03834692 0.980491 0.1881004 0.05705874 0.980491 0.1816019 0.07522102 0.980491 0.1733545 0.09265888 0.980491 0.1634376 0.1092044 0.980491 0.1519467 0.1246982 0.980491 0.1389925 0.1389911 0.980491 0.1246998 0.1519454 0.980491 0.109206 0.1634365 0.980491 0.09266074 0.1733535 0.980491 0.07522293 0.1816011 0.980491 0.05706067 0.1880998 0.980491 0.03834901 0.1927869 0.980491 0.01926763 0.1956176 0.980491 4.94752e-7 0.2916876 0.9565136 -0.02859045 0.290283 0.9565136 -0.05690547 0.2860828 0.9565136 -0.08467244 0.2791276 0.9565137 -0.111624 0.2694841 0.9565137 -0.1375006 0.2572455 0.9565136 -0.162053 0.2425293 0.9565136 -0.1850446 0.2254775 0.9565136 -0.2062543 0.2062541 0.9565137 -0.2254776 0.1850445 0.9565137 -0.2425294 0.1620529 0.9565137 -0.2572455 0.1375005 0.9565136 -0.2694842 0.111624 0.9565136 -0.2791276 0.08467223 0.9565137 -0.2860829 0.05690528 0.9565137 -0.290283 0.02859022 0.9565136 -0.2916875 -2.10849e-7 0.9565137 -0.290283 -0.02859055 0.9565136 -0.2860828 -0.05690561 0.9565137 -0.2791275 -0.08467264 0.9565136 -0.2694841 -0.1116242 0.9565137 -0.2572453 -0.1375007 0.9565136 -0.2425292 -0.1620531 0.9565137 -0.2254774 -0.1850448 0.9565137 -0.206254 -0.2062544 0.9565136 -0.1850443 -0.2254777 0.9565137 -0.1620528 -0.2425294 0.9565136 -0.1375005 -0.2572455 0.9565136 -0.1116238 -0.2694842 0.9565136 -0.08467224 -0.2791276 0.9565136 -0.05690551 -0.2860828 0.9565137 -0.02859052 -0.290283 0.9565136 -7.84e-8 -0.2916875 0.9565136 0.02859023 -0.290283 0.9565136 0.05690514 -0.2860829 0.9565136 0.08467206 -0.2791277 0.9565136 0.1116237 -0.2694843 0.9565136 0.1375001 -0.2572456 0.9565137 0.1620526 -0.2425296 0.9565137 0.1850442 -0.2254778 0.9565136 0.2062538 -0.2062546 0.9565137 0.2254771 -0.185045 0.9565137 0.2425289 -0.1620536 0.9565137 0.2572451 -0.1375013 0.9565137 0.2694838 -0.1116248 0.9565136 0.2791273 -0.08467326 0.9565137 0.2860827 -0.05690622 0.9565136 0.2902829 -0.0285914 0.9565137 0.2916876 -1.07978e-6 0.9565137 0.290283 0.02858923 0.9565137 0.286083 0.05690427 0.9565137 0.2791279 0.08467128 0.9565136 0.2694847 0.1116227 0.9565137 0.257246 0.1374994 0.9565137 0.2425301 0.1620517 0.9565137 0.2254785 0.1850435 0.9565136 0.2062553 0.2062532 0.9565136 0.1850458 0.2254765 0.9565136 0.1620543 0.2425284 0.9565136 0.1375021 0.2572446 0.9565136 0.1116256 0.2694835 0.9565137 0.08467403 0.2791271 0.9565136 0.05690728 0.2860824 0.9565137 0.0285919 0.2902829 0.9565136 7.47338e-7 0.383991 0.9233368 -0.03763775 0.3821419 0.9233369 -0.07491292 0.3766126 0.9233369 -0.1114666 0.3674564 0.9233368 -0.1469471 0.3547613 0.9233368 -0.1810122 0.3386497 0.9233368 -0.213334 0.3192767 0.9233368 -0.2436013 0.296829 0.9233369 -0.2715227 0.2715225 0.9233369 -0.2968292 0.2436012 0.9233368 -0.3192769 0.2133338 0.9233368 -0.3386498 0.181012 0.9233368 -0.3547614 0.146947 0.9233368 -0.3674565 0.1114665 0.9233368 -0.3766127 0.07491274 0.9233369 -0.382142 0.03763758 0.9233369 -0.3839909 -3.87927e-7 0.9233368 -0.3821419 -0.03763796 0.9233368 -0.3766126 -0.07491312 0.9233369 -0.3674563 -0.1114668 0.9233369 -0.3547614 -0.1469472 0.9233369 -0.3386496 -0.1810124 0.9233369 -0.3192767 -0.2133342 0.9233368 -0.2968289 -0.2436015 0.9233368 -0.2715223 -0.2715229 0.9233368 -0.243601 -0.2968293 0.9233369 -0.2133337 -0.3192769 0.9233369 -0.1810119 -0.3386498 0.9233369 -0.1469469 -0.3547615 0.9233368 -0.1114666 -0.3674565 0.9233368 -0.07491293 -0.3766126 0.9233369 -0.03763783 -0.3821419 0.9233368 -1.59804e-7 -0.3839909 0.9233368 0.03763745 -0.382142 0.9233368 0.0749127 -0.3766127 0.9233368 0.1114663 -0.3674565 0.9233369 0.1469464 -0.3547616 0.9233369 0.1810115 -0.3386501 0.9233369 0.2133335 -0.3192771 0.9233368 0.2436008 -0.2968294 0.9233368 0.2715221 -0.2715232 0.9233368 0.2968285 -0.2436018 0.9233368 0.3192763 -0.2133347 0.9233369 0.3386493 -0.1810129 0.9233368 0.3547609 -0.1469481 0.9233369 0.3674561 -0.1114679 0.9233368 0.3766125 -0.0749139 0.9233368 0.3821418 -0.03763904 0.9233368 0.383991 -1.52854e-6 0.9233369 0.3821422 0.03763615 0.9233369 0.3766129 0.07491153 0.9233368 0.3674568 0.1114653 0.9233369 0.3547621 0.1469452 0.9233368 0.3386506 0.1810106 0.9233369 0.3192778 0.2133324 0.9233368 0.2968302 0.2435997 0.9233368 0.271524 0.2715212 0.9233369 0.2436028 0.2968277 0.9233368 0.2133357 0.3192756 0.9233368 0.181014 0.3386487 0.9233368 0.1469491 0.3547605 0.9233368 0.111469 0.3674557 0.9233368 0.07491528 0.3766122 0.9233369 0.03763954 0.3821417 0.9233368 7.98015e-7 0.4725874 0.8812838 -0.04632172 0.4703118 0.8812838 -0.09219728 0.4635067 0.8812838 -0.137185 0.452238 0.8812838 -0.1808515 0.4366138 0.8812838 -0.2227761 0.4167849 0.8812838 -0.2625554 0.3929421 0.8812838 -0.2998065 0.3653148 0.8812838 -0.33417 0.3341695 0.8812838 -0.3653151 0.2998061 0.8812838 -0.3929421 0.2625554 0.8812837 -0.416785 0.2227762 0.8812838 -0.4366139 0.1808512 0.8812838 -0.4522381 0.1371846 0.8812837 -0.4635069 0.09219687 0.8812837 -0.4703118 0.04632152 0.8812837 -0.4725875 -2.02326e-7 0.8812838 -0.4703117 -0.04632194 0.8812839 -0.4635068 -0.09219749 0.8812838 -0.452238 -0.1371852 0.8812838 -0.4366137 -0.1808516 0.8812838 -0.4167847 -0.2227765 0.8812838 -0.3929418 -0.2625559 0.8812838 -0.3653147 -0.2998065 0.8812838 -0.3341695 -0.33417 0.8812838 -0.2998059 -0.3653153 0.8812838 -0.2625552 -0.3929422 0.8812837 -0.222776 -0.416785 0.8812838 -0.1808511 -0.4366139 0.8812838 -0.1371848 -0.452238 0.8812838 -0.09219747 -0.4635068 0.8812838 -0.04632181 -0.4703117 0.8812839 -9.50726e-9 -0.4725874 0.8812838 0.04632143 -0.4703119 0.8812838 0.09219674 -0.463507 0.8812838 0.1371842 -0.4522382 0.8812838 0.1808508 -0.4366141 0.8812838 0.2227756 -0.4167852 0.8812837 0.2625549 -0.3929425 0.8812837 0.2998056 -0.3653156 0.8812838 0.3341692 -0.3341704 0.8812838 0.3653145 -0.299807 0.8812838 0.3929414 -0.2625567 0.8812838 0.4167843 -0.2227774 0.8812837 0.4366134 -0.1808524 0.8812838 0.4522375 -0.1371863 0.8812838 0.4635066 -0.09219867 0.8812838 0.4703116 -0.04632322 0.8812838 0.4725875 -1.76568e-6 0.8812838 0.4703119 0.04631988 0.8812838 0.4635072 0.09219539 0.8812838 0.4522386 0.137183 0.8812838 0.4366147 0.1808493 0.8812838 0.416786 0.2227744 0.8812838 0.3929434 0.2625536 0.8812838 0.3653167 0.2998044 0.8812838 0.3341715 0.334168 0.8812838 0.2998082 0.3653134 0.8812838 0.2625577 0.3929407 0.8812838 0.2227787 0.4167836 0.8812838 0.1808539 0.4366128 0.8812837 0.1371877 0.4522372 0.8812838 0.09220028 0.4635063 0.8812838 0.04632397 0.4703116 0.8812838 1.02583e-6 0.5566283 0.8307617 -0.0545591 0.5539479 0.8307617 -0.1085929 0.5459328 0.8307617 -0.1615808 0.53266 0.8307617 -0.2130125 0.5142574 0.8307617 -0.2623928 0.4909022 0.8307617 -0.3092462 0.4628194 0.8307617 -0.3531213 0.4302794 0.8307617 -0.3935958 0.3935954 0.8307617 -0.4302796 0.3531211 0.8307617 -0.4628196 0.3092459 0.8307617 -0.4909024 0.2623926 0.8307617 -0.5142574 0.2130124 0.8307617 -0.5326601 0.1615804 0.8307617 -0.5459329 0.1085924 0.8307617 -0.5539479 0.05455887 0.8307617 -0.5566283 -1.93458e-7 0.8307617 -0.5539479 -0.0545595 0.8307617 -0.5459327 -0.1085932 0.8307617 -0.53266 -0.161581 0.8307617 -0.5142574 -0.2130127 0.8307617 -0.4909021 -0.2623931 0.8307617 -0.4628192 -0.3092465 0.8307617 -0.4302793 -0.3531215 0.8307617 -0.3935952 -0.393596 0.8307617 -0.3531207 -0.4302799 0.8307617 -0.3092458 -0.4628196 0.8307617 -0.2623925 -0.4909024 0.8307617 -0.2130122 -0.5142576 0.8307617 -0.1615806 -0.5326601 0.8307617 -0.108593 -0.5459328 0.8307617 -0.05455922 -0.5539479 0.8307617 -4.60615e-8 -0.5566282 0.8307617 0.05455883 -0.5539479 0.8307617 0.1085922 -0.5459329 0.8307617 0.16158 -0.5326601 0.8307617 0.2130118 -0.5142577 0.8307617 0.262392 -0.4909027 0.8307617 0.3092453 -0.4628201 0.8307617 0.3531204 -0.4302801 0.8307617 0.3935949 -0.3935964 0.8307617 0.4302787 -0.3531221 0.8307617 0.4628187 -0.3092473 0.8307617 0.4909016 -0.2623941 0.8307617 0.5142569 -0.2130139 0.8307617 0.5326596 -0.1615823 0.8307617 0.5459325 -0.1085944 0.8307617 0.5539477 -0.05456093 0.8307617 0.5566282 -2.15687e-6 0.8307617 0.5539481 0.05455689 0.8307617 0.5459332 0.1085906 0.8307617 0.5326607 0.1615784 0.8307617 0.5142584 0.21301 0.8307617 0.4909034 0.2623906 0.8307617 0.4628209 0.3092439 0.8307617 0.4302813 0.353119 0.8307617 0.3935978 0.3935935 0.8307617 0.3531237 0.4302775 0.8307617 0.3092485 0.4628178 0.8307617 0.2623957 0.4909008 0.8307617 0.2130155 0.5142562 0.8307617 0.1615837 0.5326591 0.8307617 0.1085963 0.5459321 0.8307617 0.05456196 0.5539477 0.8307617 1.09147e-6 0.6353074 0.7722594 -0.06227107 0.6322482 0.7722593 -0.1239425 0.6231002 0.7722594 -0.1844201 0.6079513 0.7722593 -0.2431217 0.5869474 0.7722594 -0.2994819 0.5602911 0.7722594 -0.352958 0.5282387 0.7722594 -0.4030348 0.4910992 0.7722594 -0.4492304 0.44923 0.7722593 -0.4910994 0.4030345 0.7722594 -0.5282389 0.3529577 0.7722594 -0.5602912 0.2994817 0.7722594 -0.5869475 0.2431215 0.7722594 -0.6079513 0.1844197 0.7722594 -0.6231002 0.123942 0.7722594 -0.6322482 0.06227069 0.7722594 -0.6353073 -3.38854e-7 0.7722594 -0.632248 -0.06227151 0.7722594 -0.6230999 -0.1239428 0.7722594 -0.6079511 -0.1844202 0.7722594 -0.5869473 -0.2431219 0.7722594 -0.5602908 -0.2994822 0.7722594 -0.5282384 -0.3529584 0.7722594 -0.491099 -0.4030351 0.7722594 -0.4492297 -0.4492305 0.7722594 -0.4030343 -0.4910996 0.7722594 -0.3529576 -0.528239 0.7722594 -0.2994816 -0.5602912 0.7722594 -0.2431214 -0.5869476 0.7722594 -0.1844198 -0.6079513 0.7722594 -0.1239425 -0.6231001 0.7722594 -0.06227129 -0.6322482 0.7722594 -2.13419e-7 -0.6353074 0.7722594 0.06227067 -0.632248 0.7722594 0.1239417 -0.6231001 0.7722594 0.1844191 -0.6079514 0.7722594 0.2431209 -0.5869476 0.7722594 0.299481 -0.5602915 0.7722594 0.352957 -0.5282393 0.7722594 0.4030339 -0.4911 0.7722594 0.4492293 -0.4492311 0.7722594 0.4910984 -0.4030357 0.7722594 0.5282378 -0.3529593 0.7722594 0.5602903 -0.2994833 0.7722594 0.5869467 -0.2431233 0.7722594 0.6079506 -0.1844219 0.7722594 0.6230997 -0.1239442 0.7722594 0.6322479 -0.06227317 0.7722594 0.6353074 -2.30777e-6 0.7722594 0.6322485 0.06226847 0.7722594 0.6231006 0.1239398 0.7722594 0.607952 0.1844174 0.7722594 0.5869485 0.2431189 0.7722594 0.5602924 0.2994793 0.7722594 0.5282404 0.3529553 0.7722594 0.4911012 0.4030323 0.7722594 0.4492326 0.4492277 0.7722594 0.4030375 0.491097 0.7722594 0.3529606 0.528237 0.7722594 0.2994851 0.5602894 0.7722594 0.2431252 0.586946 0.7722594 0.1844236 0.6079502 0.7722594 0.1239464 0.6230994 0.7722594 0.06227426 0.6322479 0.7722594 1.20945e-6 0.7078717 0.706341 -0.06938368 0.7044631 0.7063411 -0.1380991 0.6942701 0.7063411 -0.2054845 0.6773909 0.706341 -0.2708907 0.6539882 0.706341 -0.3336885 0.6242871 0.7063411 -0.3932726 0.5885738 0.7063411 -0.4490692 0.5471921 0.7063411 -0.5005412 0.5005406 0.7063411 -0.5471923 0.449069 0.7063411 -0.588574 0.3932724 0.706341 -0.6242872 0.3336881 0.7063411 -0.6539882 0.2708906 0.7063411 -0.6773911 0.205484 0.706341 -0.6942703 0.1380987 0.706341 -0.7044632 0.0693833 0.7063411 -0.7078717 -4.16232e-7 0.7063409 -0.704463 -0.06938403 0.7063411 -0.69427 -0.1380996 0.7063411 -0.677391 -0.2054845 0.706341 -0.6539879 -0.2708911 0.7063411 -0.6242868 -0.333689 0.7063411 -0.5885734 -0.3932731 0.706341 -0.5471919 -0.4490694 0.706341 -0.5005405 -0.5005413 0.7063411 -0.4490685 -0.5471926 0.7063411 -0.3932721 -0.5885741 0.7063411 -0.333688 -0.6242872 0.7063411 -0.2708904 -0.6539882 0.7063411 -0.2054842 -0.677391 0.7063411 -0.1380991 -0.6942701 0.7063411 -0.0693838 -0.704463 0.7063411 -3.23472e-7 -0.7078717 0.7063411 0.06938304 -0.7044632 0.706341 0.1380983 -0.6942703 0.7063411 0.2054835 -0.6773912 0.7063411 0.2708901 -0.6539885 0.706341 0.3336875 -0.6242875 0.7063411 0.3932715 -0.5885745 0.7063411 0.4490681 -0.547193 0.7063411 0.5005398 -0.5005419 0.706341 0.5471913 -0.4490702 0.7063411 0.5885727 -0.3932739 0.7063411 0.6242861 -0.33369 0.7063411 0.6539873 -0.2708927 0.7063411 0.6773903 -0.2054865 0.7063411 0.6942698 -0.1381011 0.706341 0.7044629 -0.06938582 0.7063411 0.7078717 -2.36955e-6 0.7063411 0.7044634 0.06938068 0.7063411 0.6942707 0.138096 0.7063411 0.6773918 0.2054815 0.706341 0.6539895 0.2708878 0.7063409 0.6242886 0.3336857 0.7063411 0.5885758 0.3932695 0.7063411 0.5471945 0.4490663 0.7063411 0.5005435 0.5005381 0.7063411 0.449072 0.5471897 0.7063411 0.3932756 0.5885718 0.7063411 0.3336921 0.6242852 0.7063411 0.2708948 0.6539865 0.7063411 0.2054882 0.6773897 0.7063411 0.1381034 0.6942692 0.7063411 0.06938728 0.7044628 0.706341 1.41431e-6 0.7736262 0.6336423 -0.07582875 0.7699008 0.6336424 -0.1509272 0.758761 0.6336424 -0.224572 0.7403139 0.6336425 -0.2960539 0.7147373 0.6336424 -0.3646848 0.6822774 0.6336424 -0.4298039 0.6432464 0.6336424 -0.4907834 0.598021 0.6336424 -0.5470364 0.547036 0.6336425 -0.5980213 0.4907828 0.6336425 -0.6432468 0.4298035 0.6336423 -0.6822773 0.3646848 0.6336424 -0.7147373 0.2960538 0.6336424 -0.7403141 0.2245713 0.6336425 -0.7587612 0.1509265 0.6336424 -0.7699009 0.07582834 0.6336424 -0.7736261 -4.5617e-7 0.6336423 -0.7699009 -0.0758291 0.6336423 -0.758761 -0.1509276 0.6336423 -0.740314 -0.2245721 0.6336423 -0.7147374 -0.2960541 0.6336422 -0.6822769 -0.3646855 0.6336424 -0.6432461 -0.4298043 0.6336424 -0.5980208 -0.4907836 0.6336424 -0.5470358 -0.5470368 0.6336424 -0.4907827 -0.5980215 0.6336423 -0.4298033 -0.6432468 0.6336424 -0.3646845 -0.6822774 0.6336424 -0.2960534 -0.7147374 0.6336425 -0.2245715 -0.7403141 0.6336425 -0.1509272 -0.7587611 0.6336424 -0.07582892 -0.7699008 0.6336424 -9.04014e-8 -0.7736261 0.6336424 0.07582818 -0.7699009 0.6336424 0.1509261 -0.7587614 0.6336423 0.224571 -0.7403143 0.6336424 0.2960531 -0.7147376 0.6336424 0.3646838 -0.6822779 0.6336424 0.4298025 -0.6432472 0.6336424 0.490782 -0.5980219 0.6336426 0.5470352 -0.5470373 0.6336424 0.5980201 -0.4907846 0.6336423 0.6432455 -0.4298054 0.6336424 0.6822764 -0.3646866 0.6336423 0.7147365 -0.2960559 0.6336424 0.7403134 -0.2245742 0.6336424 0.7587607 -0.1509292 0.6336424 0.7699007 -0.07583126 0.6336423 0.773626 -2.75011e-6 0.6336424 0.7699012 0.07582553 0.6336424 0.7587618 0.1509236 0.6336423 0.7403148 0.2245689 0.6336425 0.7147386 0.2960507 0.6336425 0.6822789 0.3646816 0.6336424 0.6432487 0.4298005 0.6336424 0.5980235 0.4907802 0.6336424 0.5470393 0.5470333 0.6336424 0.4907865 0.5980183 0.6336425 0.4298069 0.6432443 0.6336425 0.3646888 0.6822751 0.6336425 0.2960583 0.7147354 0.6336424 0.2245761 0.7403127 0.6336424 0.1509319 0.7587601 0.6336424 0.07583266 0.7699005 0.6336424 1.38604e-6 0.8319415 0.5548633 -0.08154463 0.8279355 0.5548633 -0.1623039 0.8159559 0.5548634 -0.2415 0.7961183 0.5548634 -0.3183705 0.7686136 0.5548634 -0.3921745 0.733707 0.5548632 -0.4622021 0.691734 0.5548633 -0.5277783 0.6430993 0.5548634 -0.5882716 0.5882714 0.5548632 -0.6430998 0.5277779 0.5548633 -0.6917344 0.4622015 0.5548634 -0.7337069 0.3921746 0.5548633 -0.7686138 0.3183701 0.5548633 -0.7961186 0.2414992 0.5548633 -0.8159561 0.1623034 0.5548632 -0.8279356 0.0815443 0.5548632 -0.8319415 -7.00753e-7 0.5548633 -0.8279355 -0.08154514 0.5548632 -0.8159561 -0.1623043 0.5548631 -0.7961183 -0.2415003 0.5548632 -0.7686136 -0.3183706 0.5548632 -0.7337067 -0.392175 0.5548632 -0.6917337 -0.4622026 0.5548633 -0.6430991 -0.5277786 0.5548633 -0.5882709 -0.588272 0.5548632 -0.5277776 -0.6431 0.5548633 -0.4622017 -0.6917344 0.5548633 -0.3921743 -0.7337071 0.5548632 -0.3183698 -0.7686139 0.5548632 -0.2414996 -0.7961186 0.5548632 -0.1623039 -0.8159559 0.5548633 -0.08154487 -0.8279355 0.5548633 -2.92674e-7 -0.8319416 0.5548632 0.08154404 -0.8279356 0.5548632 0.1623031 -0.8159561 0.5548634 0.2414987 -0.7961189 0.5548632 0.3183693 -0.7686141 0.5548633 0.3921735 -0.7337074 0.5548634 0.4622007 -0.6917349 0.5548633 0.527777 -0.6431004 0.5548633 0.5882705 -0.5882725 0.5548633 0.6430984 -0.5277796 0.5548631 0.6917329 -0.4622038 0.5548632 0.733706 -0.3921763 0.5548633 0.7686129 -0.3183725 0.5548632 0.7961177 -0.2415026 0.5548632 0.8159555 -0.1623062 0.5548633 0.8279352 -0.08154719 0.5548633 0.8319415 -3.11234e-6 0.5548632 0.8279358 0.0815414 0.5548633 0.8159569 0.1623003 0.554863 0.7961196 0.2414964 0.5548632 0.7686151 0.3183668 0.5548634 0.7337087 0.3921712 0.5548633 0.6917363 0.4621987 0.5548633 0.6431022 0.527775 0.5548632 0.5882747 0.5882683 0.5548632 0.5277817 0.6430966 0.5548633 0.4622057 0.6917316 0.5548633 0.3921788 0.7337046 0.5548633 0.3183748 0.7686118 0.5548634 0.2415045 0.796117 0.5548632 0.1623089 0.815955 0.5548633 0.08154892 0.8279352 0.5548632 1.55883e-6 0.8822612 0.4707603 -0.08647663 0.8780128 0.4707602 -0.1721206 0.8653086 0.4707604 -0.2561071 0.8442711 0.4707604 -0.3376271 0.8151028 0.4707603 -0.4158951 0.7780848 0.4707604 -0.490158 0.7335733 0.4707604 -0.5597008 0.6819968 0.4707604 -0.6238531 0.6238526 0.4707602 -0.6819972 0.5597004 0.4707602 -0.7335734 0.4901577 0.4707604 -0.7780849 0.4158947 0.4707605 -0.815103 0.3376268 0.4707602 -0.8442714 0.2561063 0.4707603 -0.8653088 0.1721199 0.4707605 -0.8780129 0.08647641 0.4707603 -0.8822612 -4.34331e-7 0.4707603 -0.8780127 -0.08647751 0.4707605 -0.8653086 -0.1721214 0.4707603 -0.8442712 -0.2561072 0.4707602 -0.8151029 -0.337627 0.4707603 -0.7780845 -0.4158955 0.4707605 -0.7335727 -0.4901588 0.4707604 -0.6819967 -0.5597011 0.4707602 -0.6238523 -0.6238534 0.4707603 -0.5597 -0.6819975 0.4707603 -0.4901576 -0.7335736 0.4707603 -0.4158945 -0.7780851 0.4707603 -0.3376262 -0.8151033 0.4707603 -0.2561067 -0.8442713 0.4707602 -0.1721209 -0.8653086 0.4707603 -0.08647702 -0.8780128 0.4707602 -4.40281e-8 -0.882261 0.4707603 0.0864761 -0.8780129 0.4707602 0.1721196 -0.8653089 0.4707603 0.2561059 -0.8442716 0.4707603 0.3376256 -0.8151036 0.4707601 0.4158939 -0.7780855 0.4707603 0.4901569 -0.733574 0.4707603 0.5596993 -0.6819981 0.4707602 0.6238517 -0.6238539 0.4707602 0.6819959 -0.5597019 0.4707604 0.7335718 -0.4901603 0.4707602 0.7780837 -0.4158969 0.4707604 0.815102 -0.3376289 0.4707605 0.8442705 -0.2561096 0.4707603 0.8653083 -0.1721234 0.4707601 0.8780125 -0.08647966 0.4707603 0.882261 -3.15574e-6 0.4707603 0.878013 0.08647335 0.4707603 0.8653094 0.1721172 0.4707605 0.8442724 0.2561031 0.4707603 0.8151046 0.337623 0.4707602 0.7780867 0.4158916 0.4707601 0.7335756 0.4901546 0.4707603 0.6819997 0.5596971 0.4707604 0.6238562 0.6238494 0.4707604 0.5597044 0.681994 0.4707603 0.490162 0.7335708 0.4707602 0.4158997 0.7780824 0.47076 0.3376316 0.8151011 0.4707602 0.2561118 0.8442698 0.4707602 0.1721261 0.8653076 0.4707603 0.08648125 0.8780124 0.4707604 1.30558e-6 0.9241033 0.3821428 -0.09057792 0.9196535 0.3821426 -0.1802835 0.906347 0.3821425 -0.2682534 0.8843117 0.3821425 -0.3536393 0.85376 0.3821427 -0.4356193 0.8149862 0.3821429 -0.5134043 0.7683638 0.3821429 -0.5862454 0.7143412 0.3821428 -0.6534401 0.6534393 0.3821426 -0.7143415 0.586245 0.3821426 -0.7683639 0.5134042 0.3821427 -0.8149865 0.435619 0.3821428 -0.8537602 0.3536389 0.3821427 -0.8843118 0.2682526 0.3821427 -0.9063471 0.180283 0.382143 -0.9196535 0.09057742 0.3821429 -0.9241033 -4.09406e-7 0.3821427 -0.9196535 -0.09057861 0.3821427 -0.9063467 -0.1802845 0.382143 -0.8843116 -0.2682534 0.3821428 -0.85376 -0.3536392 0.3821427 -0.8149861 -0.4356198 0.3821427 -0.7683632 -0.5134053 0.3821427 -0.714341 -0.5862456 0.3821427 -0.6534393 -0.6534402 0.3821427 -0.5862443 -0.714342 0.3821428 -0.513404 -0.7683641 0.3821427 -0.4356188 -0.8149867 0.3821427 -0.3536385 -0.8537604 0.3821426 -0.2682528 -0.8843118 0.3821427 -0.1802839 -0.9063469 0.3821427 -0.09057812 -0.9196535 0.3821427 -3.76677e-7 -0.9241033 0.3821427 0.09057745 -0.9196535 0.3821429 0.1802826 -0.9063472 0.3821427 0.2682521 -0.884312 0.3821428 0.353638 -0.8537605 0.3821428 0.435618 -0.814987 0.3821427 0.5134032 -0.7683647 0.3821427 0.5862437 -0.7143425 0.3821427 0.6534384 -0.653441 0.3821426 0.7143403 -0.5862464 0.3821428 0.7683624 -0.5134064 0.3821427 0.8149853 -0.4356215 0.3821428 0.8537592 -0.3536414 0.3821428 0.8843109 -0.2682557 0.3821428 0.9063464 -0.1802861 0.3821428 0.9196532 -0.09058125 0.3821425 0.9241034 -3.39188e-6 0.3821426 0.9196539 0.09057415 0.3821426 0.9063476 0.18028 0.382143 0.8843128 0.2682493 0.3821428 0.8537617 0.3536353 0.3821427 0.8149884 0.4356157 0.3821426 0.7683664 0.5134004 0.3821427 0.7143444 0.5862413 0.3821428 0.6534433 0.6534361 0.3821428 0.5862487 0.7143384 0.3821428 0.5134083 0.7683612 0.3821427 0.4356241 0.8149838 0.3821427 0.3536442 0.853758 0.3821427 0.2682584 0.8843101 0.3821426 0.1802896 0.9063458 0.3821427 0.09058269 0.919653 0.3821428 1.51523e-6 0.9570691 0.28986 -0.09380931 0.9524604 0.2898602 -0.1867151 0.9386792 0.28986 -0.2778227 0.9158579 0.2898598 -0.3662545 0.8842165 0.28986 -0.4511591 0.8440596 0.28986 -0.5317193 0.7957737 0.28986 -0.6071585 0.7398242 0.2898599 -0.6767505 0.6767495 0.2898603 -0.7398245 0.6071581 0.28986 -0.7957739 0.5317191 0.2898599 -0.8440598 0.4511589 0.2898601 -0.8842166 0.3662543 0.2898601 -0.9158581 0.2778222 0.2898599 -0.9386793 0.1867145 0.28986 -0.9524605 0.09380851 0.2898602 -0.957069 -7.26667e-7 0.2898601 -0.9524605 -0.09380974 0.2898599 -0.9386791 -0.1867156 0.28986 -0.9158577 -0.2778232 0.2898602 -0.8842164 -0.3662548 0.28986 -0.8440592 -0.4511599 0.2898598 -0.7957733 -0.53172 0.2898599 -0.7398239 -0.6071588 0.2898602 -0.6767495 -0.6767504 0.2898602 -0.6071574 -0.739825 0.2898601 -0.5317185 -0.7957742 0.2898599 -0.4511587 -0.8440598 0.28986 -0.3662541 -0.8842166 0.2898601 -0.2778223 -0.915858 0.2898601 -0.1867153 -0.9386792 0.28986 -0.09380941 -0.9524604 0.2898601 -4.36833e-7 -0.9570691 0.2898601 0.09380876 -0.9524605 0.2898602 0.186714 -0.9386795 0.28986 0.2778212 -0.9158584 0.2898599 0.3662533 -0.884217 0.28986 0.451158 -0.8440602 0.28986 0.531718 -0.7957746 0.2898601 0.6071568 -0.7398255 0.28986 0.6767486 -0.6767514 0.2898601 0.7398231 -0.6071597 0.2898601 0.7957723 -0.5317214 0.2898599 0.8440583 -0.4511616 0.28986 0.8842155 -0.3662568 0.2898601 0.9158571 -0.2778254 0.28986 0.9386787 -0.1867175 0.28986 0.9524602 -0.09381235 0.2898601 0.9570691 -3.4661e-6 0.28986 0.952461 0.0938053 0.2898598 0.93868 0.1867109 0.2898598 0.9158591 0.2778187 0.2898601 0.884218 0.3662505 0.2898601 0.8440615 0.4511555 0.2898601 0.7957765 0.531715 0.2898599 0.7398275 0.6071544 0.2898599 0.6767536 0.6767464 0.28986 0.6071622 0.7398211 0.2898599 0.5317231 0.7957711 0.2898601 0.4511642 0.8440568 0.28986 0.3662598 0.8842143 0.28986 0.277828 0.9158563 0.28986 0.186721 0.938678 0.2898602 0.09381422 0.9524601 0.2898597 1.77844e-6 0.9808435 0.1947972 -0.09613951 0.9761206 0.1947972 -0.1913533 0.9619969 0.1947973 -0.2847241 0.9386086 0.1947975 -0.3753525 0.9061813 0.1947975 -0.4623666 0.8650267 0.1947974 -0.5449278 0.8155414 0.1947971 -0.6222408 0.7582021 0.194797 -0.6935614 0.693561 0.1947971 -0.7582026 0.6222402 0.1947974 -0.8155416 0.5449276 0.1947971 -0.8650268 0.4623663 0.1947972 -0.9061815 0.3753522 0.1947974 -0.9386088 0.2847233 0.1947973 -0.961997 0.1913526 0.1947972 -0.9761206 0.09613904 0.1947971 -0.9808435 -8.03514e-7 0.1947972 -0.9761204 -0.09614018 0.1947973 -0.9619968 -0.1913538 0.1947973 -0.9386085 -0.2847243 0.1947972 -0.906181 -0.375353 0.1947975 -0.8650264 -0.4623671 0.1947974 -0.8155411 -0.5449283 0.1947974 -0.7582018 -0.622241 0.1947973 -0.6935607 -0.6935616 0.1947972 -0.6222397 -0.758203 0.1947974 -0.5449268 -0.815542 0.1947973 -0.4623661 -0.8650271 0.1947972 -0.3753521 -0.9061815 0.1947974 -0.2847236 -0.9386088 0.1947972 -0.1913534 -0.9619969 0.1947972 -0.09613975 -0.9761205 0.1947973 -3.70807e-7 -0.9808435 0.1947973 0.09613884 -0.9761206 0.1947972 0.1913524 -0.961997 0.1947975 0.2847227 -0.9386091 0.1947972 0.3753516 -0.9061817 0.1947974 0.462365 -0.8650275 0.1947971 0.5449262 -0.8155425 0.1947973 0.6222392 -0.7582034 0.1947973 0.6935596 -0.6935625 0.1947972 0.758201 -0.6222421 0.1947973 0.8155401 -0.5449296 0.1947973 0.8650255 -0.4623689 0.1947972 0.9061801 -0.3753551 0.1947972 0.9386079 -0.2847266 0.1947973 0.9619964 -0.1913559 0.1947971 0.9761201 -0.09614276 0.1947972 0.9808435 -3.58367e-6 0.1947974 0.9761208 0.09613582 0.1947975 0.9619978 0.1913488 0.1947971 0.9386101 0.2847198 0.1947972 0.906183 0.3753485 0.1947971 0.8650287 0.4623627 0.1947973 0.8155441 0.5449236 0.1947974 0.7582056 0.6222366 0.1947973 0.6935648 0.6935574 0.1947973 0.6222448 0.7581989 0.1947971 0.5449318 0.8155388 0.1947974 0.4623714 0.8650241 0.1947975 0.375358 0.906179 0.1947972 0.2847297 0.938607 0.1947971 0.1913593 0.9619957 0.1947974 0.09614433 0.9761201 0.1947974 1.54045e-6 0.9951994 0.09786792 -0.09754679 0.9904073 0.09786776 -0.1941536 0.976077 0.09786761 -0.2888913 0.9523463 0.09786801 -0.3808464 0.9194443 0.09786792 -0.4691339 0.8776875 0.09786795 -0.5529036 0.8274778 0.09786811 -0.6313482 0.7692993 0.09786809 -0.7037125 0.703712 0.09786791 -0.7692998 0.6313475 0.09786796 -0.8274782 0.552903 0.09786795 -0.8776876 0.4691337 0.09786764 -0.9194446 0.380846 0.09786779 -0.9523466 0.2888908 0.0978677 -0.976077 0.1941532 0.09786791 -0.9904073 0.09754609 0.09786782 -0.9951994 -8.08916e-7 0.09786782 -0.9904072 -0.09754717 0.09786775 -0.9760768 -0.1941545 0.09786789 -0.9523463 -0.2888916 0.09786777 -0.9194443 -0.3808466 0.09786779 -0.8776872 -0.4691344 0.09786799 -0.8274775 -0.552904 0.09786802 -0.769299 -0.6313485 0.09786779 -0.7037117 -0.7037129 0.0978676 -0.6313473 -0.7693001 0.09786758 -0.5529025 -0.8274785 0.09786803 -0.4691333 -0.8776878 0.09786797 -0.3808459 -0.9194444 0.09786792 -0.2888907 -0.9523466 0.09786796 -0.1941542 -0.9760769 0.09786764 -0.09754699 -0.9904072 0.09786774 -3.63685e-7 -0.9951994 0.09786784 0.09754586 -0.9904073 0.09786775 0.1941531 -0.9760771 0.09786786 0.28889 -0.9523469 0.09786769 0.3808452 -0.9194449 0.09786776 0.4691324 -0.8776882 0.09786792 0.5529019 -0.8274789 0.09786802 0.6313466 -0.7693005 0.09786798 0.7037108 -0.7037137 0.09786782 0.7692982 -0.6313494 0.09786782 0.8274766 -0.5529054 0.09786778 0.8776863 -0.4691362 0.09786771 0.9194433 -0.380849 0.09786767 0.9523456 -0.288894 0.09786788 0.9760764 -0.1941565 0.09786797 0.9904069 -0.09755012 0.09786777 0.9951994 -3.86601e-6 0.09786784 0.9904077 0.09754284 0.09786802 0.9760777 0.1941498 0.09786791 0.9523477 0.2888872 0.09786772 0.9194461 0.3808423 0.09786774 0.8776896 0.4691299 0.09786775 0.8274809 0.5528989 0.09786773 0.7693027 0.6313439 0.09786803 0.703716 0.7037086 0.09786774 0.6313521 0.7692961 0.09786792 0.5529076 0.8274751 0.09786786 0.4691389 0.8776848 0.09786788 0.3808517 0.9194421 0.097868 0.288897 0.9523447 0.09786788 0.1941604 0.9760756 0.09786774 0.09755144 0.9904067 0.09786806 1.45596e-6 1 3.57144e-9 -0.09801739 0.9951847 2.14286e-8 -0.1950903 0.9807853 2.08334e-8 -0.2902846 0.9569404 -5.05954e-8 -0.3826836 0.9238794 1.66667e-8 -0.4713968 0.8819212 -4.76192e-8 -0.5555705 0.8314695 -1e-7 -0.6343936 0.7730102 7.73812e-9 -0.7071071 0.7071066 -8.9286e-9 -0.7730107 0.6343931 -1.30953e-8 -0.8314699 0.5555698 1.00596e-7 -0.8819214 0.4713965 4.64287e-8 -0.9238797 0.3826832 -2.08334e-8 -0.9569405 0.2902842 5.23811e-8 -0.9807854 0.1950899 -2.08334e-8 -0.9951848 0.09801663 -2.26191e-8 -1 -7.79169e-7 -1.78572e-9 -0.9951847 -0.09801781 2.7381e-8 -0.9807851 -0.1950911 2.26191e-8 -0.9569401 -0.2902853 3.51192e-8 -0.9238795 -0.3826838 1.96429e-8 -0.8819211 -0.4713973 -5.23811e-8 -0.8314691 -0.5555712 1.07143e-8 -0.7730098 -0.634394 1.78572e-9 -0.7071062 -0.7071074 -5.35716e-9 -0.6343928 -0.773011 -4.76192e-9 -0.5555697 -0.8314699 -9.40479e-8 -0.4713963 -0.8819215 -3.03572e-8 -0.382683 -0.9238797 -2.14286e-8 -0.2902842 -0.9569405 5.05954e-8 -0.1950905 -0.9807853 6.96431e-8 -0.09801763 -0.9951847 -2.38096e-8 -3.91073e-7 -1 0 0.09801648 -0.9951848 2.7381e-8 0.1950896 -0.9807854 2.32144e-8 0.2902837 -0.9569406 3.80954e-8 0.3826822 -0.92388 2.38096e-8 0.4713953 -0.8819221 -5.35716e-8 0.5555688 -0.8314705 -9.46431e-8 0.6343921 -0.7730115 5.9524e-10 0.7071054 -0.7071081 3.57144e-8 0.7730091 -0.6343948 6.54764e-9 0.8314682 -0.5555723 4.4643e-8 0.8819199 -0.4713991 5.23811e-8 0.9238785 -0.3826861 -5.35716e-9 0.9569394 -0.2902879 -1.33334e-7 0.9807847 -0.1950931 -1.42858e-8 0.9951844 -0.09802047 7.38097e-8 1 -3.89346e-6 4.16668e-9 0.9951851 0.09801334 3.09525e-8 0.9807861 0.1950865 2.7381e-8 0.9569416 0.2902806 -3.63096e-8 0.9238814 0.3826792 -7.6786e-8 0.8819234 0.471393 3.86906e-8 0.8314724 0.555566 1.7262e-8 0.7730137 0.6343893 3.51192e-8 0.7071105 0.7071031 -3.57144e-8 0.6343976 0.7730069 -6.66669e-8 0.5555746 0.8314668 8.15479e-8 0.4714019 0.8819185 -3.33334e-8 0.3826889 0.9238772 -7.73812e-9 0.2902904 0.9569386 4.58335e-8 0.195097 0.9807841 -8.33336e-9 0.09802216 0.9951842 -1.90477e-8 1.48331e-6 0.9951994 -0.09786822 -0.09754676 0.9904072 -0.09786811 -0.1941538 0.9760769 -0.09786812 -0.2888911 0.9523464 -0.09786837 -0.3808465 0.9194443 -0.0978683 -0.4691339 0.8776873 -0.0978683 -0.5529035 0.8274778 -0.09786832 -0.6313481 0.7692993 -0.09786829 -0.7037125 0.7037119 -0.09786837 -0.7692997 0.6313475 -0.09786841 -0.8274781 0.5529031 -0.09786844 -0.8776876 0.4691335 -0.0978681 -0.9194444 0.3808461 -0.0978682 -0.9523466 0.2888907 -0.09786822 -0.976077 0.1941534 -0.09786827 -0.9904073 0.097546 -0.09786814 -0.9951994 -7.57131e-7 -0.0978682 -0.9904072 -0.09754725 -0.09786822 -0.9760767 -0.1941544 -0.09786832 -0.9523463 -0.2888917 -0.0978682 -0.9194442 -0.3808465 -0.09786822 -0.8776872 -0.4691344 -0.09786803 -0.8274775 -0.5529041 -0.09786819 -0.7692989 -0.6313486 -0.0978682 -0.7037116 -0.7037129 -0.0978681 -0.6313472 -0.7693001 -0.0978682 -0.5529025 -0.8274785 -0.09786833 -0.4691333 -0.8776878 -0.09786829 -0.3808459 -0.9194446 -0.0978683 -0.2888908 -0.9523465 -0.09786841 -0.194154 -0.9760768 -0.09786808 -0.097547 -0.9904072 -0.09786814 -4.23208e-7 -0.9951994 -0.09786822 0.09754591 -0.9904073 -0.09786822 0.194153 -0.9760771 -0.09786829 0.2888901 -0.9523468 -0.09786815 0.380845 -0.9194449 -0.09786822 0.4691325 -0.8776882 -0.09786806 0.5529019 -0.8274789 -0.09786837 0.6313465 -0.7693006 -0.09786833 0.7037109 -0.7037137 -0.09786817 0.7692982 -0.6313494 -0.09786825 0.8274766 -0.5529054 -0.09786829 0.8776862 -0.4691362 -0.09786817 0.9194432 -0.380849 -0.09786802 0.9523456 -0.288894 -0.09786811 0.9760764 -0.1941566 -0.09786833 0.9904069 -0.09755004 -0.09786827 0.9951994 -3.82256e-6 -0.09786831 0.9904076 0.0975427 -0.09786844 0.9760777 0.1941498 -0.09786823 0.9523476 0.2888872 -0.09786799 0.9194461 0.3808423 -0.09786806 0.8776895 0.4691299 -0.09786829 0.8274808 0.552899 -0.09786835 0.7693029 0.6313437 -0.0978685 0.7037158 0.7037086 -0.09786815 0.6313521 0.769296 -0.09786839 0.5529076 0.827475 -0.09786841 0.4691388 0.8776848 -0.09786826 0.3808517 0.919442 -0.09786836 0.288897 0.9523447 -0.09786827 0.1941602 0.9760756 -0.09786819 0.09755167 0.9904068 -0.09786848 1.78321e-6 0.9808434 -0.1947981 -0.09613951 0.9761204 -0.194798 -0.1913533 0.9619967 -0.194798 -0.2847238 0.9386085 -0.1947982 -0.3753526 0.906181 -0.1947979 -0.4623665 0.8650265 -0.1947981 -0.5449275 0.8155413 -0.194798 -0.6222407 0.758202 -0.194798 -0.6935614 0.6935607 -0.1947979 -0.7582025 0.6222402 -0.1947979 -0.8155415 0.5449273 -0.1947979 -0.8650266 0.4623663 -0.194798 -0.9061813 0.3753522 -0.1947978 -0.9386088 0.2847233 -0.1947979 -0.9619969 0.1913526 -0.194798 -0.9761204 0.09613901 -0.194798 -0.9808434 -7.54112e-7 -0.194798 -0.9761202 -0.09614021 -0.1947979 -0.9619966 -0.1913537 -0.194798 -0.9386085 -0.2847244 -0.1947981 -0.906181 -0.3753527 -0.1947982 -0.8650264 -0.4623668 -0.1947983 -0.8155408 -0.5449284 -0.1947982 -0.7582016 -0.6222411 -0.1947981 -0.6935604 -0.6935616 -0.1947981 -0.6222396 -0.7582027 -0.194798 -0.5449268 -0.8155418 -0.194798 -0.4623661 -0.8650268 -0.1947979 -0.3753521 -0.9061814 -0.1947979 -0.2847235 -0.9386086 -0.194798 -0.1913535 -0.9619967 -0.194798 -0.09613971 -0.9761204 -0.1947979 -4.14851e-7 -0.9808434 -0.194798 0.09613897 -0.9761204 -0.194798 0.1913521 -0.9619969 -0.1947982 0.2847227 -0.9386088 -0.1947979 0.3753512 -0.9061817 -0.1947981 0.462365 -0.8650274 -0.194798 0.5449261 -0.8155423 -0.194798 0.622239 -0.7582033 -0.1947979 0.6935595 -0.6935624 -0.194798 0.7582009 -0.622242 -0.1947979 0.81554 -0.5449296 -0.194798 0.8650253 -0.4623689 -0.194798 0.90618 -0.3753551 -0.194798 0.9386077 -0.2847266 -0.1947981 0.9619963 -0.1913557 -0.1947978 0.9761199 -0.09614284 -0.1947979 0.9808434 -3.52475e-6 -0.194798 0.9761207 0.09613565 -0.1947981 0.9619976 0.191349 -0.194798 0.9386099 0.2847197 -0.1947981 0.9061828 0.3753485 -0.194798 0.8650287 0.4623627 -0.1947981 0.8155441 0.5449235 -0.194798 0.7582054 0.6222365 -0.1947981 0.6935647 0.6935573 -0.1947982 0.6222445 0.7581988 -0.1947979 0.5449318 0.8155385 -0.1947981 0.4623715 0.8650239 -0.1947982 0.3753579 0.906179 -0.1947979 0.2847296 0.9386069 -0.1947981 0.1913594 0.9619955 -0.1947981 0.09614431 0.9761199 -0.194798 1.54856e-6 0.957069 -0.28986 -0.09380921 0.9524605 -0.2898602 -0.1867151 0.9386792 -0.2898599 -0.2778226 0.915858 -0.2898599 -0.3662543 0.8842165 -0.2898602 -0.4511593 0.8440595 -0.2898601 -0.5317194 0.7957736 -0.2898599 -0.6071585 0.739824 -0.28986 -0.6767503 0.6767498 -0.2898602 -0.7398245 0.607158 -0.2898602 -0.7957739 0.5317189 -0.28986 -0.8440595 0.4511592 -0.2898602 -0.8842165 0.3662543 -0.2898602 -0.9158581 0.277822 -0.2898601 -0.9386793 0.1867144 -0.28986 -0.9524605 0.09380866 -0.2898602 -0.957069 -7.37974e-7 -0.28986 -0.9524605 -0.09380978 -0.28986 -0.9386791 -0.1867156 -0.28986 -0.9158579 -0.2778232 -0.2898598 -0.8842164 -0.3662549 -0.28986 -0.8440592 -0.4511598 -0.2898601 -0.7957733 -0.5317199 -0.2898601 -0.7398239 -0.6071588 -0.28986 -0.6767495 -0.6767506 -0.2898601 -0.6071576 -0.7398248 -0.2898602 -0.5317187 -0.7957741 -0.28986 -0.4511589 -0.8440598 -0.28986 -0.3662539 -0.8842168 -0.2898601 -0.2778221 -0.9158581 -0.2898601 -0.1867152 -0.9386792 -0.2898601 -0.09380957 -0.9524604 -0.2898602 -3.3923e-7 -0.9570691 -0.2898602 0.09380865 -0.9524605 -0.2898602 0.1867142 -0.9386795 -0.28986 0.2778212 -0.9158584 -0.2898601 0.3662533 -0.884217 -0.2898601 0.4511579 -0.8440602 -0.2898602 0.5317177 -0.7957747 -0.28986 0.6071569 -0.7398255 -0.2898598 0.6767487 -0.6767513 -0.28986 0.7398232 -0.6071596 -0.2898601 0.7957724 -0.5317212 -0.28986 0.8440583 -0.4511616 -0.2898601 0.8842155 -0.366257 -0.2898601 0.9158571 -0.2778253 -0.2898601 0.9386786 -0.1867176 -0.2898601 0.9524603 -0.09381234 -0.28986 0.9570691 -3.5399e-6 -0.28986 0.9524609 0.09380536 -0.2898599 0.93868 0.1867111 -0.2898598 0.9158591 0.2778187 -0.2898601 0.884218 0.3662506 -0.2898601 0.8440615 0.4511555 -0.2898602 0.7957765 0.5317151 -0.2898601 0.7398275 0.6071544 -0.28986 0.6767537 0.6767463 -0.28986 0.6071623 0.739821 -0.28986 0.5317231 0.7957711 -0.28986 0.4511642 0.8440568 -0.2898601 0.3662599 0.8842143 -0.2898599 0.2778278 0.9158564 -0.2898599 0.1867213 0.938678 -0.2898602 0.09381397 0.9524601 -0.2898599 1.27106e-6 0.9241033 -0.3821427 -0.09057794 0.9196535 -0.3821428 -0.1802834 0.9063469 -0.3821428 -0.2682534 0.8843117 -0.3821426 -0.3536392 0.8537601 -0.3821429 -0.4356194 0.8149863 -0.3821429 -0.5134043 0.7683637 -0.382143 -0.5862453 0.7143412 -0.3821427 -0.6534402 0.6534393 -0.3821426 -0.7143417 0.5862447 -0.3821427 -0.7683638 0.5134042 -0.3821429 -0.8149865 0.435619 -0.3821428 -0.8537601 0.3536388 -0.3821429 -0.8843117 0.2682526 -0.3821429 -0.906347 0.180283 -0.382143 -0.9196534 0.09057752 -0.382143 -0.9241033 -4.68317e-7 -0.3821429 -0.9196534 -0.09057871 -0.3821428 -0.9063467 -0.1802841 -0.382143 -0.8843116 -0.2682536 -0.3821427 -0.8537599 -0.3536396 -0.3821427 -0.8149861 -0.4356198 -0.3821429 -0.7683634 -0.513405 -0.3821428 -0.714341 -0.5862455 -0.3821427 -0.653439 -0.6534404 -0.3821428 -0.5862443 -0.7143421 -0.3821429 -0.5134038 -0.7683641 -0.3821428 -0.4356188 -0.8149865 -0.382143 -0.3536385 -0.8537604 -0.382143 -0.2682529 -0.8843117 -0.382143 -0.1802838 -0.9063469 -0.3821427 -0.09057814 -0.9196535 -0.3821427 -3.10625e-7 -0.9241033 -0.382143 0.09057725 -0.9196535 -0.382143 0.1802828 -0.906347 -0.3821427 0.2682521 -0.884312 -0.3821427 0.3536379 -0.8537605 -0.3821428 0.4356181 -0.814987 -0.3821429 0.5134029 -0.7683647 -0.382143 0.5862435 -0.7143426 -0.382143 0.6534384 -0.6534409 -0.3821428 0.7143403 -0.5862464 -0.3821429 0.7683625 -0.5134063 -0.3821428 0.8149852 -0.4356216 -0.3821428 0.8537591 -0.3536415 -0.3821428 0.8843109 -0.2682557 -0.3821428 0.9063464 -0.1802863 -0.3821429 0.9196532 -0.09058111 -0.3821427 0.9241033 -3.52815e-6 -0.3821428 0.9196538 0.09057434 -0.3821428 0.9063476 0.1802798 -0.382143 0.8843128 0.2682494 -0.3821428 0.8537616 0.3536353 -0.3821427 0.8149883 0.4356159 -0.3821426 0.7683664 0.5134005 -0.3821427 0.7143446 0.5862413 -0.3821428 0.6534433 0.6534362 -0.3821428 0.5862488 0.7143382 -0.3821428 0.5134083 0.7683611 -0.3821428 0.4356242 0.8149837 -0.3821428 0.3536443 0.853758 -0.3821428 0.2682581 0.8843102 -0.3821428 0.1802896 0.9063457 -0.3821428 0.09058279 0.9196529 -0.3821429 1.58144e-6 0.8822609 -0.4707609 -0.08647678 0.8780126 -0.4707607 -0.1721205 0.8653084 -0.4707609 -0.2561071 0.8442708 -0.4707609 -0.3376267 0.8151027 -0.4707608 -0.415895 0.7780846 -0.4707606 -0.490158 0.733573 -0.4707608 -0.5597005 0.6819966 -0.4707609 -0.6238528 0.6238524 -0.4707608 -0.6819972 0.5597001 -0.4707606 -0.7335732 0.4901578 -0.4707606 -0.7780848 0.4158948 -0.4707607 -0.8151029 0.3376263 -0.4707607 -0.8442711 0.2561063 -0.4707609 -0.8653086 0.1721199 -0.4707609 -0.8780127 0.08647625 -0.4707606 -0.8822609 -4.33141e-7 -0.4707609 -0.8780124 -0.08647738 -0.4707608 -0.8653083 -0.1721211 -0.4707608 -0.8442708 -0.2561071 -0.470761 -0.8151025 -0.3376272 -0.4707609 -0.7780842 -0.4158955 -0.4707609 -0.7335725 -0.4901585 -0.4707609 -0.6819963 -0.5597008 -0.4707609 -0.6238521 -0.6238532 -0.4707608 -0.5596997 -0.6819975 -0.4707607 -0.4901575 -0.7335733 -0.4707609 -0.4158945 -0.7780848 -0.4707607 -0.3376261 -0.8151031 -0.4707607 -0.2561066 -0.8442711 -0.4707606 -0.1721211 -0.8653083 -0.4707609 -0.08647683 -0.8780126 -0.4707607 -1.35654e-7 -0.8822609 -0.4707606 0.08647621 -0.8780126 -0.4707607 0.1721195 -0.8653086 -0.4707609 0.2561058 -0.8442713 -0.4707608 0.3376257 -0.8151033 -0.4707606 0.4158938 -0.7780853 -0.4707607 0.4901569 -0.7335738 -0.4707607 0.5596991 -0.6819978 -0.4707609 0.6238514 -0.6238539 -0.4707609 0.6819958 -0.5597017 -0.4707608 0.7335717 -0.4901599 -0.4707608 0.7780834 -0.4158971 -0.4707608 0.8151019 -0.3376288 -0.4707608 0.8442702 -0.2561094 -0.4707609 0.8653079 -0.1721233 -0.4707607 0.8780123 -0.08647967 -0.4707607 0.8822609 -3.17478e-6 -0.4707607 0.8780129 0.08647338 -0.4707608 0.8653091 0.1721171 -0.4707609 0.8442721 0.2561032 -0.4707609 0.8151042 0.3376229 -0.4707609 0.7780865 0.4158915 -0.4707607 0.7335756 0.4901542 -0.4707607 0.6819997 0.5596969 -0.4707607 0.6238559 0.6238494 -0.4707608 0.5597041 0.6819937 -0.4707608 0.4901618 0.7335704 -0.4707607 0.4158995 0.7780823 -0.4707607 0.3376316 0.8151007 -0.4707608 0.2561116 0.8442695 -0.4707607 0.1721261 0.8653073 -0.4707607 0.08648128 0.8780121 -0.4707608 1.4021e-6 0.8319415 -0.5548634 -0.08154467 0.8279354 -0.5548636 -0.1623039 0.8159558 -0.5548636 -0.2414999 0.7961182 -0.5548636 -0.3183703 0.7686136 -0.5548635 -0.3921744 0.7337068 -0.5548636 -0.4622023 0.6917339 -0.5548633 -0.5277782 0.6430993 -0.5548636 -0.5882717 0.5882711 -0.5548635 -0.6430994 0.5277779 -0.5548637 -0.691734 0.4622018 -0.5548636 -0.7337068 0.3921743 -0.5548635 -0.7686138 0.3183698 -0.5548635 -0.7961184 0.2414993 -0.5548636 -0.8159558 0.1623034 -0.5548636 -0.8279355 0.08154421 -0.5548635 -0.8319415 -6.75768e-7 -0.5548635 -0.8279353 -0.08154504 -0.5548635 -0.8159558 -0.1623044 -0.5548635 -0.7961181 -0.2415002 -0.5548636 -0.7686134 -0.3183708 -0.5548635 -0.7337065 -0.392175 -0.5548635 -0.6917336 -0.4622026 -0.5548635 -0.643099 -0.5277785 -0.5548635 -0.588271 -0.5882717 -0.5548635 -0.5277773 -0.6431001 -0.5548634 -0.4622014 -0.6917343 -0.5548635 -0.3921743 -0.7337068 -0.5548635 -0.3183698 -0.7686138 -0.5548635 -0.2414995 -0.7961185 -0.5548634 -0.162304 -0.8159558 -0.5548636 -0.08154483 -0.8279353 -0.5548636 -3.20633e-7 -0.8319413 -0.5548636 0.08154411 -0.8279355 -0.5548635 0.162303 -0.8159561 -0.5548635 0.2414987 -0.7961186 -0.5548635 0.3183691 -0.7686141 -0.5548635 0.3921734 -0.7337073 -0.5548635 0.4622009 -0.6917347 -0.5548635 0.5277768 -0.6431004 -0.5548635 0.5882701 -0.5882726 -0.5548635 0.6430984 -0.5277792 -0.5548635 0.6917328 -0.4622037 -0.5548635 0.7337058 -0.3921764 -0.5548636 0.7686127 -0.3183723 -0.5548636 0.7961175 -0.2415024 -0.5548635 0.8159554 -0.1623063 -0.5548636 0.827935 -0.08154726 -0.5548635 0.8319413 -3.04572e-6 -0.5548635 0.8279357 0.08154126 -0.5548635 0.8159567 0.1623005 -0.5548633 0.7961193 0.2414963 -0.5548635 0.768615 0.3183667 -0.5548635 0.7337084 0.3921713 -0.5548635 0.6917362 0.4621986 -0.5548635 0.643102 0.5277748 -0.5548636 0.5882745 0.5882682 -0.5548636 0.5277817 0.6430964 -0.5548635 0.4622056 0.6917315 -0.5548635 0.3921787 0.7337045 -0.5548635 0.3183749 0.7686116 -0.5548636 0.2415045 0.7961168 -0.5548636 0.162309 0.8159548 -0.5548636 0.08154886 0.827935 -0.5548635 1.39052e-6 0.7736258 -0.6336427 -0.07582876 0.7699007 -0.6336427 -0.1509271 0.7587609 -0.6336426 -0.2245717 0.7403138 -0.6336426 -0.296054 0.7147371 -0.6336425 -0.3646847 0.6822771 -0.6336427 -0.4298037 0.6432464 -0.6336426 -0.4907833 0.5980207 -0.6336427 -0.5470364 0.5470358 -0.6336426 -0.5980211 0.4907828 -0.6336427 -0.6432464 0.4298034 -0.6336427 -0.6822771 0.3646846 -0.6336428 -0.7147372 0.2960536 -0.6336427 -0.7403139 0.2245712 -0.6336426 -0.7587611 0.1509265 -0.6336426 -0.7699007 0.07582837 -0.6336427 -0.7736258 -4.14538e-7 -0.6336427 -0.7699007 -0.07582921 -0.6336425 -0.7587608 -0.1509275 -0.6336427 -0.7403137 -0.2245721 -0.6336426 -0.7147371 -0.2960541 -0.6336426 -0.6822769 -0.3646853 -0.6336425 -0.643246 -0.4298042 -0.6336426 -0.5980205 -0.4907837 -0.6336426 -0.5470356 -0.5470365 -0.6336427 -0.4907824 -0.5980213 -0.6336427 -0.4298031 -0.6432468 -0.6336426 -0.3646846 -0.6822773 -0.6336426 -0.2960535 -0.7147372 -0.6336427 -0.2245715 -0.7403138 -0.6336427 -0.1509272 -0.7587608 -0.6336427 -0.07582892 -0.7699006 -0.6336427 -7.25591e-8 -0.773626 -0.6336426 0.07582812 -0.7699007 -0.6336427 0.1509261 -0.758761 -0.6336427 0.2245707 -0.7403141 -0.6336427 0.2960531 -0.7147374 -0.6336427 0.3646837 -0.6822776 -0.6336427 0.4298025 -0.6432471 -0.6336427 0.4907821 -0.5980217 -0.6336426 0.547035 -0.5470372 -0.6336427 0.5980198 -0.4907842 -0.6336428 0.6432452 -0.4298052 -0.6336427 0.6822761 -0.3646865 -0.6336427 0.7147362 -0.2960559 -0.6336426 0.7403131 -0.2245741 -0.6336427 0.7587604 -0.1509292 -0.6336426 0.7699004 -0.0758312 -0.6336426 0.7736258 -2.71026e-6 -0.6336427 0.7699009 0.07582539 -0.6336427 0.7587615 0.1509238 -0.6336427 0.7403147 0.2245686 -0.6336427 0.7147384 0.2960507 -0.6336426 0.6822786 0.3646818 -0.6336427 0.6432485 0.4298002 -0.6336427 0.5980234 0.4907801 -0.6336426 0.547039 0.5470333 -0.6336426 0.4907865 0.5980181 -0.6336427 0.4298069 0.6432441 -0.6336427 0.3646886 0.682275 -0.6336427 0.2960581 0.7147353 -0.6336427 0.2245762 0.7403124 -0.6336426 0.1509318 0.75876 -0.6336426 0.0758327 0.7699003 -0.6336427 1.17199e-6 0.7078714 -0.7063414 -0.06938363 0.7044626 -0.7063415 -0.1380988 0.6942697 -0.7063415 -0.2054841 0.6773906 -0.7063415 -0.2708908 0.6539877 -0.7063414 -0.3336884 0.6242867 -0.7063414 -0.3932723 0.5885734 -0.7063414 -0.4490691 0.5471917 -0.7063414 -0.5005409 0.5005404 -0.7063414 -0.5471922 0.4490686 -0.7063414 -0.5885736 0.3932721 -0.7063414 -0.6242867 0.3336881 -0.7063415 -0.6539879 0.2708904 -0.7063414 -0.6773908 0.2054838 -0.7063414 -0.6942698 0.1380987 -0.7063414 -0.7044628 0.06938324 -0.7063414 -0.7078713 -3.69852e-7 -0.7063414 -0.7044627 -0.06938407 -0.7063414 -0.6942697 -0.1380995 -0.7063414 -0.6773905 -0.2054845 -0.7063414 -0.6539876 -0.2708908 -0.7063414 -0.6242865 -0.3336887 -0.7063414 -0.5885731 -0.3932729 -0.7063414 -0.5471916 -0.4490693 -0.7063414 -0.5005402 -0.5005411 -0.7063414 -0.4490683 -0.5471923 -0.7063414 -0.393272 -0.5885736 -0.7063414 -0.3336881 -0.6242868 -0.7063414 -0.2708901 -0.653988 -0.7063414 -0.2054839 -0.6773907 -0.7063414 -0.138099 -0.6942697 -0.7063414 -0.06938384 -0.7044626 -0.7063415 -3.37742e-7 -0.7078713 -0.7063415 0.06938309 -0.7044628 -0.7063414 0.1380983 -0.69427 -0.7063414 0.2054833 -0.6773908 -0.7063415 0.2708898 -0.6539881 -0.7063415 0.3336875 -0.6242872 -0.7063414 0.3932712 -0.5885741 -0.7063414 0.4490676 -0.5471928 -0.7063414 0.5005397 -0.5005416 -0.7063414 0.5471911 -0.4490698 -0.7063414 0.5885724 -0.3932739 -0.7063414 0.6242858 -0.3336899 -0.7063415 0.6539872 -0.2708924 -0.7063414 0.6773897 -0.2054865 -0.7063415 0.6942692 -0.138101 -0.7063414 0.7044626 -0.06938581 -0.7063414 0.7078714 -2.38144e-6 -0.7063414 0.7044629 0.06938074 -0.7063414 0.6942703 0.1380959 -0.7063414 0.6773914 0.2054814 -0.7063414 0.6539891 0.2708876 -0.7063415 0.6242883 0.3336855 -0.7063414 0.5885755 0.3932694 -0.7063414 0.5471942 0.4490659 -0.7063415 0.5005432 0.5005379 -0.7063414 0.4490717 0.5471895 -0.7063414 0.3932753 0.5885713 -0.7063415 0.3336919 0.6242849 -0.7063414 0.2708946 0.6539862 -0.7063414 0.2054885 0.6773894 -0.7063414 0.1381033 0.694269 -0.7063413 0.069387 0.7044624 -0.7063414 1.11703e-6 0.6353071 -0.7722596 -0.06227114 0.632248 -0.7722596 -0.1239424 0.6230999 -0.7722596 -0.1844199 0.607951 -0.7722597 -0.2431215 0.5869472 -0.7722597 -0.2994817 0.5602908 -0.7722597 -0.3529578 0.5282385 -0.7722597 -0.4030347 0.4910989 -0.7722596 -0.4492302 0.4492298 -0.7722596 -0.4910992 0.4030344 -0.7722596 -0.5282387 0.3529575 -0.7722596 -0.5602909 0.2994816 -0.7722596 -0.5869473 0.2431213 -0.7722597 -0.6079512 0.1844196 -0.7722596 -0.6230999 0.123942 -0.7722595 -0.6322479 0.06227078 -0.7722597 -0.6353071 -3.97708e-7 -0.7722596 -0.6322479 -0.06227147 -0.7722596 -0.6230997 -0.1239428 -0.7722596 -0.6079509 -0.1844202 -0.7722596 -0.5869471 -0.2431218 -0.7722597 -0.5602906 -0.2994821 -0.7722597 -0.5282382 -0.3529581 -0.7722597 -0.4910988 -0.4030349 -0.7722597 -0.4492296 -0.4492304 -0.7722596 -0.4030341 -0.4910995 -0.7722596 -0.3529574 -0.5282388 -0.7722596 -0.2994815 -0.5602909 -0.7722597 -0.2431211 -0.5869473 -0.7722597 -0.1844196 -0.607951 -0.7722596 -0.1239425 -0.6230999 -0.7722596 -0.06227124 -0.6322479 -0.7722597 -1.93801e-7 -0.6353071 -0.7722596 0.06227064 -0.6322479 -0.7722597 0.1239417 -0.6230999 -0.7722596 0.1844191 -0.6079512 -0.7722597 0.2431207 -0.5869476 -0.7722596 0.2994809 -0.5602912 -0.7722596 0.3529569 -0.5282392 -0.7722596 0.4030336 -0.4910999 -0.7722596 0.4492291 -0.4492308 -0.7722596 0.4910982 -0.4030355 -0.7722596 0.5282376 -0.3529591 -0.7722596 0.56029 -0.2994832 -0.7722597 0.5869466 -0.2431231 -0.7722597 0.6079504 -0.1844218 -0.7722597 0.6230993 -0.1239443 -0.7722597 0.6322476 -0.0622732 -0.7722597 0.6353071 -2.32026e-6 -0.7722596 0.6322482 0.06226858 -0.7722595 0.6231003 0.1239398 -0.7722596 0.6079518 0.1844173 -0.7722596 0.5869484 0.2431188 -0.7722596 0.5602922 0.2994792 -0.7722597 0.5282403 0.3529552 -0.7722596 0.4911011 0.4030321 -0.7722596 0.4492323 0.4492275 -0.7722597 0.4030373 0.4910969 -0.7722596 0.3529606 0.5282366 -0.7722596 0.2994851 0.560289 -0.7722596 0.2431251 0.5869458 -0.7722596 0.1844237 0.6079499 -0.7722596 0.1239463 0.623099 -0.7722596 0.06227408 0.6322476 -0.7722595 1.03356e-6 0.556628 -0.8307619 -0.05455912 0.5539477 -0.8307619 -0.1085928 0.5459325 -0.8307619 -0.1615807 0.5326599 -0.8307619 -0.2130125 0.5142571 -0.8307619 -0.2623927 0.490902 -0.8307619 -0.3092459 0.4628193 -0.8307619 -0.3531212 0.430279 -0.8307619 -0.3935955 0.3935952 -0.8307618 -0.4302794 0.3531209 -0.8307619 -0.4628194 0.3092458 -0.8307619 -0.4909021 0.2623925 -0.8307619 -0.5142573 0.2130122 -0.8307619 -0.5326599 0.1615804 -0.8307619 -0.5459327 0.1085924 -0.8307618 -0.5539477 0.05455875 -0.8307619 -0.556628 -2.26444e-7 -0.8307619 -0.5539477 -0.05455948 -0.8307619 -0.5459325 -0.1085932 -0.8307618 -0.5326597 -0.1615808 -0.8307618 -0.5142571 -0.2130125 -0.8307618 -0.4909018 -0.262393 -0.8307618 -0.4628189 -0.3092464 -0.8307619 -0.430279 -0.3531214 -0.8307619 -0.3935951 -0.3935957 -0.8307618 -0.3531206 -0.4302796 -0.8307619 -0.3092457 -0.4628194 -0.8307619 -0.2623924 -0.4909022 -0.8307619 -0.2130119 -0.5142574 -0.8307619 -0.1615804 -0.5326598 -0.8307619 -0.108593 -0.5459325 -0.8307619 -0.05455924 -0.5539477 -0.8307618 -3.1203e-8 -0.556628 -0.8307618 0.05455884 -0.5539476 -0.8307618 0.1085921 -0.5459327 -0.8307618 0.1615799 -0.53266 -0.8307618 0.2130117 -0.5142574 -0.8307618 0.2623919 -0.4909024 -0.8307619 0.3092452 -0.4628198 -0.8307619 0.3531202 -0.4302799 -0.8307619 0.3935948 -0.3935961 -0.8307619 0.4302785 -0.3531218 -0.8307618 0.4628184 -0.3092472 -0.8307618 0.4909013 -0.262394 -0.8307619 0.5142567 -0.2130137 -0.8307618 0.5326593 -0.1615822 -0.8307618 0.5459322 -0.1085944 -0.8307619 0.5539474 -0.05456105 -0.8307619 0.556628 -2.12032e-6 -0.8307618 0.5539479 0.05455687 -0.8307618 0.545933 0.1085905 -0.8307618 0.5326605 0.1615783 -0.8307619 0.5142581 0.21301 -0.8307619 0.4909032 0.2623905 -0.8307619 0.4628208 0.3092436 -0.8307618 0.4302811 0.3531188 -0.8307619 0.3935975 0.3935933 -0.8307618 0.3531235 0.4302773 -0.8307618 0.3092483 0.4628178 -0.8307618 0.2623956 0.4909004 -0.8307619 0.2130153 0.5142559 -0.8307619 0.1615838 0.5326588 -0.8307618 0.1085963 0.5459318 -0.8307619 0.05456181 0.5539474 -0.8307618 7.83754e-7 0.472587 -0.881284 -0.04632173 0.4703113 -0.8812841 -0.09219722 0.4635062 -0.8812841 -0.1371848 0.4522374 -0.8812841 -0.1808512 0.4366133 -0.8812841 -0.2227759 0.4167844 -0.881284 -0.2625553 0.3929417 -0.881284 -0.2998061 0.3653144 -0.8812841 -0.3341695 0.3341692 -0.8812841 -0.3653146 0.2998059 -0.881284 -0.3929417 0.2625551 -0.881284 -0.4167845 0.2227758 -0.8812841 -0.4366134 0.1808512 -0.8812841 -0.4522375 0.1371846 -0.881284 -0.4635063 0.09219691 -0.8812841 -0.4703113 0.04632129 -0.8812841 -0.4725869 -3.77022e-7 -0.881284 -0.4703112 -0.04632191 -0.881284 -0.4635063 -0.09219749 -0.8812841 -0.4522374 -0.137185 -0.881284 -0.4366132 -0.1808514 -0.881284 -0.4167842 -0.2227763 -0.8812841 -0.3929414 -0.2625555 -0.8812841 -0.3653144 -0.2998062 -0.8812841 -0.3341691 -0.3341697 -0.881284 -0.2998056 -0.3653149 -0.8812841 -0.2625549 -0.3929418 -0.881284 -0.2227757 -0.4167846 -0.881284 -0.1808509 -0.4366134 -0.881284 -0.1371846 -0.4522376 -0.8812841 -0.09219732 -0.4635063 -0.8812841 -0.0463218 -0.4703112 -0.8812841 -1.69942e-7 -0.4725868 -0.881284 0.0463215 -0.4703113 -0.881284 0.0921967 -0.4635063 -0.881284 0.137184 -0.4522377 -0.8812841 0.1808507 -0.4366136 -0.8812841 0.2227754 -0.4167847 -0.881284 0.2625546 -0.3929421 -0.881284 0.2998051 -0.3653153 -0.8812841 0.3341689 -0.33417 -0.881284 0.365314 -0.2998067 -0.881284 0.392941 -0.2625563 -0.8812841 0.4167839 -0.2227771 -0.8812841 0.4366128 -0.1808524 -0.881284 0.4522371 -0.1371861 -0.8812841 0.463506 -0.09219851 -0.8812841 0.4703111 -0.04632321 -0.881284 0.472587 -1.75706e-6 -0.881284 0.4703114 0.0463197 -0.881284 0.4635067 0.09219523 -0.8812841 0.4522381 0.137183 -0.8812841 0.4366142 0.1808493 -0.8812841 0.4167854 0.222774 -0.8812841 0.392943 0.2625532 -0.8812841 0.3653162 0.299804 -0.8812841 0.3341712 0.3341677 -0.8812841 0.2998079 0.365313 -0.8812841 0.2625573 0.3929402 -0.881284 0.2227785 0.4167832 -0.881284 0.1808538 0.4366123 -0.8812841 0.1371875 0.4522367 -0.881284 0.09220023 0.4635057 -0.8812841 0.04632395 0.4703111 -0.881284 7.09615e-7 0.3839901 -0.9233371 -0.03763774 0.3821411 -0.9233372 -0.07491269 0.3766118 -0.9233372 -0.1114664 0.3674557 -0.9233371 -0.1469468 0.3547606 -0.9233372 -0.1810117 0.338649 -0.9233372 -0.2133335 0.3192761 -0.9233372 -0.2436009 0.2968283 -0.9233372 -0.2715222 0.2715219 -0.9233371 -0.2968284 0.2436007 -0.9233372 -0.3192762 0.2133334 -0.9233372 -0.3386491 0.1810116 -0.9233371 -0.3547606 0.1469465 -0.9233371 -0.3674556 0.1114663 -0.9233372 -0.3766118 0.07491267 -0.9233372 -0.3821411 0.03763735 -0.9233372 -0.3839901 -3.86145e-7 -0.9233372 -0.382141 -0.03763793 -0.9233372 -0.3766118 -0.07491291 -0.9233372 -0.3674556 -0.1114666 -0.9233372 -0.3547605 -0.1469469 -0.9233371 -0.3386489 -0.181012 -0.9233372 -0.3192759 -0.2133338 -0.9233371 -0.2968282 -0.2436009 -0.9233373 -0.2715218 -0.2715222 -0.9233371 -0.2436004 -0.2968286 -0.9233372 -0.2133332 -0.3192762 -0.9233372 -0.1810115 -0.3386491 -0.9233372 -0.1469465 -0.3547606 -0.9233371 -0.1114663 -0.3674557 -0.9233372 -0.07491288 -0.3766118 -0.9233373 -0.03763783 -0.3821411 -0.9233372 -1.86537e-7 -0.3839901 -0.9233372 0.03763745 -0.3821411 -0.9233372 0.07491253 -0.3766119 -0.9233373 0.1114658 -0.3674558 -0.9233372 0.1469462 -0.3547607 -0.9233372 0.1810112 -0.3386492 -0.9233373 0.2133329 -0.3192765 -0.9233372 0.2436002 -0.2968288 -0.9233372 0.2715214 -0.2715226 -0.9233372 0.2968279 -0.2436014 -0.9233371 0.3192756 -0.2133343 -0.9233372 0.3386485 -0.1810126 -0.9233372 0.3547602 -0.1469477 -0.9233372 0.3674554 -0.1114675 -0.9233372 0.3766116 -0.07491388 -0.9233372 0.382141 -0.03763897 -0.9233371 0.3839901 -1.55557e-6 -0.9233372 0.3821413 0.0376361 -0.9233372 0.3766122 0.0749113 -0.9233372 0.3674561 0.1114649 -0.9233372 0.3547613 0.1469451 -0.9233371 0.3386498 0.1810102 -0.9233371 0.3192771 0.2133319 -0.9233372 0.2968296 0.2435992 -0.9233371 0.2715235 0.2715205 -0.9233371 0.2436023 0.296827 -0.9233372 0.2133352 0.3192749 -0.9233371 0.1810137 0.3386479 -0.9233372 0.1469488 0.3547598 -0.9233372 0.1114686 0.367455 -0.9233371 0.07491507 0.3766114 -0.9233372 0.03763954 0.3821409 -0.9233372 5.27418e-7 0.2916872 -0.9565138 -0.02859036 0.2902825 -0.9565138 -0.05690533 0.2860823 -0.9565138 -0.08467229 0.2791271 -0.9565138 -0.1116239 0.2694836 -0.9565138 -0.1375003 0.257245 -0.9565138 -0.1620526 0.2425289 -0.9565138 -0.1850444 0.2254771 -0.9565138 -0.206254 0.2062537 -0.9565138 -0.2254772 0.1850442 -0.9565138 -0.242529 0.1620526 -0.9565138 -0.257245 0.1375002 -0.9565138 -0.2694837 0.1116238 -0.9565138 -0.2791271 0.08467217 -0.9565138 -0.2860824 0.05690513 -0.9565138 -0.2902825 0.02859017 -0.9565138 -0.291687 -1.90655e-7 -0.9565138 -0.2902825 -0.02859057 -0.9565138 -0.2860824 -0.05690552 -0.9565138 -0.279127 -0.08467238 -0.9565138 -0.2694836 -0.1116239 -0.9565138 -0.2572449 -0.1375006 -0.9565138 -0.2425287 -0.1620529 -0.9565138 -0.225477 -0.1850445 -0.9565138 -0.2062537 -0.206254 -0.9565138 -0.1850441 -0.2254772 -0.9565138 -0.1620525 -0.242529 -0.9565138 -0.1375002 -0.2572451 -0.9565138 -0.1116237 -0.2694837 -0.9565138 -0.08467221 -0.2791272 -0.9565138 -0.05690536 -0.2860824 -0.9565138 -0.02859045 -0.2902825 -0.9565138 -1.07503e-7 -0.291687 -0.9565138 0.02859013 -0.2902825 -0.9565138 0.05690509 -0.2860824 -0.9565138 0.08467191 -0.2791272 -0.9565138 0.1116234 -0.2694838 -0.9565138 0.1375 -0.2572452 -0.9565138 0.1620522 -0.2425292 -0.9565138 0.1850438 -0.2254775 -0.9565138 0.2062535 -0.2062543 -0.9565138 0.2254768 -0.1850448 -0.9565138 0.2425285 -0.1620533 -0.9565138 0.2572446 -0.137501 -0.9565138 0.2694833 -0.1116245 -0.9565138 0.2791268 -0.08467316 -0.9565138 0.2860822 -0.05690625 -0.9565138 0.2902824 -0.02859134 -0.9565138 0.291687 -1.09701e-6 -0.9565138 0.2902825 0.02858915 -0.9565138 0.2860826 0.05690419 -0.9565138 0.2791274 0.08467112 -0.9565138 0.2694842 0.1116226 -0.9565138 0.2572456 0.1374993 -0.9565138 0.2425297 0.1620515 -0.9565138 0.2254781 0.1850431 -0.9565138 0.206255 0.2062527 -0.9565138 0.1850455 0.2254761 -0.9565138 0.1620539 0.242528 -0.9565138 0.1375019 0.2572442 -0.9565138 0.1116254 0.269483 -0.9565138 0.08467395 0.2791266 -0.9565138 0.05690713 0.286082 -0.9565138 0.02859179 0.2902824 -0.9565138 3.63566e-7 0.1965637 -0.9804911 -0.01926658 0.1956171 -0.980491 -0.03834769 0.1927867 -0.9804911 -0.05705948 0.1880996 -0.980491 -0.07522167 0.181601 -0.9804911 -0.0926595 0.1733536 -0.980491 -0.1092049 0.1634367 -0.9804911 -0.1246987 0.1519457 -0.9804911 -0.1389915 0.1389914 -0.980491 -0.1519458 0.1246986 -0.980491 -0.1634367 0.1092048 -0.9804911 -0.1733537 0.09265937 -0.980491 -0.1816011 0.07522165 -0.9804911 -0.1880997 0.05705939 -0.9804911 -0.1927867 0.03834748 -0.9804911 -0.1956171 0.01926648 -0.9804911 -0.1965636 -1.01989e-7 -0.9804911 -0.1956171 -0.01926677 -0.980491 -0.1927867 -0.03834778 -0.9804911 -0.1880996 -0.0570595 -0.9804911 -0.181601 -0.07522175 -0.9804911 -0.1733536 -0.09265954 -0.9804911 -0.1634366 -0.109205 -0.980491 -0.1519456 -0.1246987 -0.9804911 -0.1389914 -0.1389916 -0.9804911 -0.1246985 -0.1519459 -0.9804911 -0.1092048 -0.1634367 -0.9804911 -0.09265934 -0.1733536 -0.9804911 -0.07522152 -0.1816011 -0.9804911 -0.05705941 -0.1880996 -0.980491 -0.03834776 -0.1927867 -0.9804911 -0.01926663 -0.1956171 -0.9804911 -4.89901e-9 -0.1965636 -0.9804911 0.01926652 -0.1956171 -0.9804911 0.03834748 -0.1927867 -0.9804911 0.05705912 -0.1880997 -0.9804911 0.07522132 -0.1816012 -0.9804911 0.09265917 -0.1733538 -0.980491 0.1092047 -0.1634368 -0.9804911 0.1246983 -0.1519459 -0.9804911 0.1389912 -0.1389918 -0.9804911 0.1519455 -0.1246989 -0.9804911 0.1634364 -0.1092053 -0.9804911 0.1733534 -0.09265995 -0.980491 0.1816009 -0.07522213 -0.9804911 0.1880995 -0.05705993 -0.9804911 0.1927866 -0.03834826 -0.9804911 0.195617 -0.01926731 -0.9804911 0.1965636 -6.80517e-7 -0.9804911 0.1956171 0.01926584 -0.9804911 0.1927868 0.03834681 -0.980491 0.1880999 0.05705865 -0.980491 0.1816014 0.07522081 -0.980491 0.173354 0.09265859 -0.9804911 0.1634372 0.1092041 -0.9804911 0.1519464 0.1246979 -0.9804911 0.1389922 0.1389907 -0.9804911 0.1246994 0.1519451 -0.9804911 0.1092057 0.1634361 -0.9804911 0.09266053 0.173353 -0.9804911 0.07522278 0.1816006 -0.9804911 0.05706053 0.1880993 -0.980491 0.03834885 0.1927865 -0.9804911 0.01926757 0.1956171 -0.9804911 1.84199e-7 0.09953468 -0.9950341 -0.00975613 0.09905536 -0.9950342 -0.01941824 0.09762206 -0.9950342 -0.02889339 0.0952487 -0.9950341 -0.03809025 0.09195799 -0.9950342 -0.04692031 0.08778172 -0.9950342 -0.05529851 0.08275999 -0.9950342 -0.06314413 0.07694128 -0.9950342 -0.07038164 0.07038157 -0.9950341 -0.07694133 0.06314405 -0.9950341 -0.08276003 0.05529844 -0.9950341 -0.0877817 0.04692028 -0.9950341 -0.091958 0.03809023 -0.9950341 -0.09524869 0.02889337 -0.9950341 -0.09762213 0.01941819 -0.9950342 -0.09905533 0.009756029 -0.9950341 -0.09953463 -4.86843e-8 -0.9950342 -0.09905532 -0.009756179 -0.9950341 -0.09762206 -0.0194183 -0.9950341 -0.09524869 -0.02889342 -0.9950342 -0.09195796 -0.03809032 -0.9950342 -0.08778165 -0.04692037 -0.9950341 -0.08275996 -0.05529855 -0.9950342 -0.07694126 -0.06314413 -0.9950342 -0.07038156 -0.07038168 -0.9950341 -0.06314401 -0.07694136 -0.9950342 -0.05529843 -0.08276004 -0.9950341 -0.04692024 -0.08778175 -0.9950342 -0.03809018 -0.09195802 -0.9950342 -0.02889335 -0.0952487 -0.9950342 -0.01941829 -0.09762206 -0.9950342 -0.00975615 -0.09905535 -0.9950342 -7.42138e-11 -0.09953462 -0.9950342 0.009756054 -0.09905533 -0.9950341 0.01941815 -0.09762212 -0.9950342 0.02889325 -0.09524873 -0.9950342 0.03809012 -0.09195806 -0.9950342 0.04692018 -0.08778176 -0.9950342 0.05529833 -0.08276009 -0.9950341 0.06314392 -0.07694142 -0.9950341 0.07038148 -0.07038175 -0.9950342 0.07694115 -0.06314425 -0.9950342 0.08275988 -0.05529868 -0.9950342 0.08778158 -0.04692053 -0.9950341 0.0919579 -0.03809052 -0.9950342 0.09524862 -0.02889365 -0.9950342 0.09762204 -0.01941854 -0.9950341 0.0990553 -0.009756449 -0.9950342 0.09953465 -3.47432e-7 -0.9950342 0.09905535 0.009755707 -0.9950341 0.09762219 0.01941785 -0.9950341 0.09524879 0.02889299 -0.9950342 0.09195817 0.03808983 -0.9950342 0.08778192 0.0469199 -0.9950342 0.08276029 0.05529804 -0.9950341 0.07694164 0.06314372 -0.9950341 0.07038196 0.07038121 -0.9950342 0.06314454 0.07694095 -0.9950342 0.05529889 0.08275973 -0.9950341 0.04692078 0.08778141 -0.9950341 0.03809083 0.09195778 -0.9950342 0.02889398 0.0952485 -0.9950342 0.01941888 0.09762198 -0.9950342 0.009756577 0.09905533 -0.9950342 -5.33504e-9 -3.43969e-8 -1</float_array>
          <technique_common>
            <accessor source="#geom-Sphere001-normals-array" count="1986" stride="3">
              <param name="X" type="float"/>
              <param name="Y" type="float"/>
              <param name="Z" type="float"/>
            </accessor>
          </technique_common>
        </source>
        <source id="geom-Sphere001-map1">
          <float_array id="geom-Sphere001-map1-array" count="6435">0 1 0 0.015625 1 0 0.03125 1 0 0.046875 1 0 0.0625 1 0 0.078125 1 0 0.09375 1 0 0.109375 1 0 0.125 1 0 0.140625 1 0 0.15625 1 0 0.171875 1 0 0.1875 1 0 0.203125 1 0 0.21875 1 0 0.234375 1 0 0.25 1 0 0.265625 1 0 0.28125 1 0 0.296875 1 0 0.3125 1 0 0.328125 1 0 0.3437501 1 0 0.3593751 1 0 0.3750001 1 0 0.3906251 1 0 0.4062501 1 0 0.4218751 1 0 0.4375001 1 0 0.4531251 1 0 0.4687501 1 0 0.4843751 1 0 0.5000001 1 0 0.5156251 1 0 0.5312501 1 0 0.5468751 1 0 0.5625001 1 0 0.5781251 1 0 0.5937501 1 0 0.6093751 1 0 0.6250002 1 0 0.6406251 1 0 0.6562501 1 0 0.6718751 1 0 0.6875 1 0 0.703125 1 0 0.7187499 1 0 0.7343749 1 0 0.7499999 1 0 0.7656249 1 0 0.7812498 1 0 0.7968748 1 0 0.8124998 1 0 0.8281248 1 0 0.8437497 1 0 0.8593746 1 0 0.8749996 1 0 0.8906246 1 0 0.9062496 1 0 0.9218745 1 0 0.9374995 1 0 0.9531245 1 0 0.9687495 1 0 0.9843744 1 0 0.9999994 1 0 0 0.96875 0 0.015625 0.96875 0 0.03125 0.96875 0 0.046875 0.96875 0 0.0625 0.96875 0 0.078125 0.96875 0 0.09375 0.96875 0 0.109375 0.96875 0 0.125 0.96875 0 0.140625 0.96875 0 0.15625 0.96875 0 0.171875 0.96875 0 0.1875 0.96875 0 0.203125 0.96875 0 0.21875 0.96875 0 0.234375 0.96875 0 0.25 0.96875 0 0.265625 0.96875 0 0.28125 0.96875 0 0.296875 0.96875 0 0.3125 0.96875 0 0.328125 0.96875 0 0.3437501 0.96875 0 0.3593751 0.96875 0 0.3750001 0.96875 0 0.3906251 0.96875 0 0.4062501 0.96875 0 0.4218751 0.96875 0 0.4375001 0.96875 0 0.4531251 0.96875 0 0.4687501 0.96875 0 0.4843751 0.96875 0 0.5000001 0.96875 0 0.5156251 0.96875 0 0.5312501 0.96875 0 0.5468751 0.96875 0 0.5625001 0.96875 0 0.5781251 0.96875 0 0.5937501 0.96875 0 0.6093751 0.96875 0 0.6250002 0.96875 0 0.6406251 0.96875 0 0.6562501 0.96875 0 0.6718751 0.96875 0 0.6875 0.96875 0 0.703125 0.96875 0 0.7187499 0.96875 0 0.7343749 0.96875 0 0.7499999 0.96875 0 0.7656249 0.96875 0 0.7812498 0.96875 0 0.7968748 0.96875 0 0.8124998 0.96875 0 0.8281248 0.96875 0 0.8437497 0.96875 0 0.8593746 0.96875 0 0.8749996 0.96875 0 0.8906246 0.96875 0 0.9062496 0.96875 0 0.9218745 0.96875 0 0.9374995 0.96875 0 0.9531245 0.96875 0 0.9687495 0.96875 0 0.9843744 0.96875 0 0.9999994 0.96875 0 0 0.9375 0 0.015625 0.9375 0 0.03125 0.9375 0 0.046875 0.9375 0 0.0625 0.9375 0 0.078125 0.9375 0 0.09375 0.9375 0 0.109375 0.9375 0 0.125 0.9375 0 0.140625 0.9375 0 0.15625 0.9375 0 0.171875 0.9375 0 0.1875 0.9375 0 0.203125 0.9375 0 0.21875 0.9375 0 0.234375 0.9375 0 0.25 0.9375 0 0.265625 0.9375 0 0.28125 0.9375 0 0.296875 0.9375 0 0.3125 0.9375 0 0.328125 0.9375 0 0.3437501 0.9375 0 0.3593751 0.9375 0 0.3750001 0.9375 0 0.3906251 0.9375 0 0.4062501 0.9375 0 0.4218751 0.9375 0 0.4375001 0.9375 0 0.4531251 0.9375 0 0.4687501 0.9375 0 0.4843751 0.9375 0 0.5000001 0.9375 0 0.5156251 0.9375 0 0.5312501 0.9375 0 0.5468751 0.9375 0 0.5625001 0.9375 0 0.5781251 0.9375 0 0.5937501 0.9375 0 0.6093751 0.9375 0 0.6250002 0.9375 0 0.6406251 0.9375 0 0.6562501 0.9375 0 0.6718751 0.9375 0 0.6875 0.9375 0 0.703125 0.9375 0 0.7187499 0.9375 0 0.7343749 0.9375 0 0.7499999 0.9375 0 0.7656249 0.9375 0 0.7812498 0.9375 0 0.7968748 0.9375 0 0.8124998 0.9375 0 0.8281248 0.9375 0 0.8437497 0.9375 0 0.8593746 0.9375 0 0.8749996 0.9375 0 0.8906246 0.9375 0 0.9062496 0.9375 0 0.9218745 0.9375 0 0.9374995 0.9375 0 0.9531245 0.9375 0 0.9687495 0.9375 0 0.9843744 0.9375 0 0.9999994 0.9375 0 0 0.90625 0 0.015625 0.90625 0 0.03125 0.90625 0 0.046875 0.90625 0 0.0625 0.90625 0 0.078125 0.90625 0 0.09375 0.90625 0 0.109375 0.90625 0 0.125 0.90625 0 0.140625 0.90625 0 0.15625 0.90625 0 0.171875 0.90625 0 0.1875 0.90625 0 0.203125 0.90625 0 0.21875 0.90625 0 0.234375 0.90625 0 0.25 0.90625 0 0.265625 0.90625 0 0.28125 0.90625 0 0.296875 0.90625 0 0.3125 0.90625 0 0.328125 0.90625 0 0.3437501 0.90625 0 0.3593751 0.90625 0 0.3750001 0.90625 0 0.3906251 0.90625 0 0.4062501 0.90625 0 0.4218751 0.90625 0 0.4375001 0.90625 0 0.4531251 0.90625 0 0.4687501 0.90625 0 0.4843751 0.90625 0 0.5000001 0.90625 0 0.5156251 0.90625 0 0.5312501 0.90625 0 0.5468751 0.90625 0 0.5625001 0.90625 0 0.5781251 0.90625 0 0.5937501 0.90625 0 0.6093751 0.90625 0 0.6250002 0.90625 0 0.6406251 0.90625 0 0.6562501 0.90625 0 0.6718751 0.90625 0 0.6875 0.90625 0 0.703125 0.90625 0 0.7187499 0.90625 0 0.7343749 0.90625 0 0.7499999 0.90625 0 0.7656249 0.90625 0 0.7812498 0.90625 0 0.7968748 0.90625 0 0.8124998 0.90625 0 0.8281248 0.90625 0 0.8437497 0.90625 0 0.8593746 0.90625 0 0.8749996 0.90625 0 0.8906246 0.90625 0 0.9062496 0.90625 0 0.9218745 0.90625 0 0.9374995 0.90625 0 0.9531245 0.90625 0 0.9687495 0.90625 0 0.9843744 0.90625 0 0.9999994 0.90625 0 0 0.875 0 0.015625 0.875 0 0.03125 0.875 0 0.046875 0.875 0 0.0625 0.875 0 0.078125 0.875 0 0.09375 0.875 0 0.109375 0.875 0 0.125 0.875 0 0.140625 0.875 0 0.15625 0.875 0 0.171875 0.875 0 0.1875 0.875 0 0.203125 0.875 0 0.21875 0.875 0 0.234375 0.875 0 0.25 0.875 0 0.265625 0.875 0 0.28125 0.875 0 0.296875 0.875 0 0.3125 0.875 0 0.328125 0.875 0 0.3437501 0.875 0 0.3593751 0.875 0 0.3750001 0.875 0 0.3906251 0.875 0 0.4062501 0.875 0 0.4218751 0.875 0 0.4375001 0.875 0 0.4531251 0.875 0 0.4687501 0.875 0 0.4843751 0.875 0 0.5000001 0.875 0 0.5156251 0.875 0 0.5312501 0.875 0 0.5468751 0.875 0 0.5625001 0.875 0 0.5781251 0.875 0 0.5937501 0.875 0 0.6093751 0.875 0 0.6250002 0.875 0 0.6406251 0.875 0 0.6562501 0.875 0 0.6718751 0.875 0 0.6875 0.875 0 0.703125 0.875 0 0.7187499 0.875 0 0.7343749 0.875 0 0.7499999 0.875 0 0.7656249 0.875 0 0.7812498 0.875 0 0.7968748 0.875 0 0.8124998 0.875 0 0.8281248 0.875 0 0.8437497 0.875 0 0.8593746 0.875 0 0.8749996 0.875 0 0.8906246 0.875 0 0.9062496 0.875 0 0.9218745 0.875 0 0.9374995 0.875 0 0.9531245 0.875 0 0.9687495 0.875 0 0.9843744 0.875 0 0.9999994 0.875 0 0 0.84375 0 0.015625 0.84375 0 0.03125 0.84375 0 0.046875 0.84375 0 0.0625 0.84375 0 0.078125 0.84375 0 0.09375 0.84375 0 0.109375 0.84375 0 0.125 0.84375 0 0.140625 0.84375 0 0.15625 0.84375 0 0.171875 0.84375 0 0.1875 0.84375 0 0.203125 0.84375 0 0.21875 0.84375 0 0.234375 0.84375 0 0.25 0.84375 0 0.265625 0.84375 0 0.28125 0.84375 0 0.296875 0.84375 0 0.3125 0.84375 0 0.328125 0.84375 0 0.3437501 0.84375 0 0.3593751 0.84375 0 0.3750001 0.84375 0 0.3906251 0.84375 0 0.4062501 0.84375 0 0.4218751 0.84375 0 0.4375001 0.84375 0 0.4531251 0.84375 0 0.4687501 0.84375 0 0.4843751 0.84375 0 0.5000001 0.84375 0 0.5156251 0.84375 0 0.5312501 0.84375 0 0.5468751 0.84375 0 0.5625001 0.84375 0 0.5781251 0.84375 0 0.5937501 0.84375 0 0.6093751 0.84375 0 0.6250002 0.84375 0 0.6406251 0.84375 0 0.6562501 0.84375 0 0.6718751 0.84375 0 0.6875 0.84375 0 0.703125 0.84375 0 0.7187499 0.84375 0 0.7343749 0.84375 0 0.7499999 0.84375 0 0.7656249 0.84375 0 0.7812498 0.84375 0 0.7968748 0.84375 0 0.8124998 0.84375 0 0.8281248 0.84375 0 0.8437497 0.84375 0 0.8593746 0.84375 0 0.8749996 0.84375 0 0.8906246 0.84375 0 0.9062496 0.84375 0 0.9218745 0.84375 0 0.9374995 0.84375 0 0.9531245 0.84375 0 0.9687495 0.84375 0 0.9843744 0.84375 0 0.9999994 0.84375 0 0 0.8125 0 0.015625 0.8125 0 0.03125 0.8125 0 0.046875 0.8125 0 0.0625 0.8125 0 0.078125 0.8125 0 0.09375 0.8125 0 0.109375 0.8125 0 0.125 0.8125 0 0.140625 0.8125 0 0.15625 0.8125 0 0.171875 0.8125 0 0.1875 0.8125 0 0.203125 0.8125 0 0.21875 0.8125 0 0.234375 0.8125 0 0.25 0.8125 0 0.265625 0.8125 0 0.28125 0.8125 0 0.296875 0.8125 0 0.3125 0.8125 0 0.328125 0.8125 0 0.3437501 0.8125 0 0.3593751 0.8125 0 0.3750001 0.8125 0 0.3906251 0.8125 0 0.4062501 0.8125 0 0.4218751 0.8125 0 0.4375001 0.8125 0 0.4531251 0.8125 0 0.4687501 0.8125 0 0.4843751 0.8125 0 0.5000001 0.8125 0 0.5156251 0.8125 0 0.5312501 0.8125 0 0.5468751 0.8125 0 0.5625001 0.8125 0 0.5781251 0.8125 0 0.5937501 0.8125 0 0.6093751 0.8125 0 0.6250002 0.8125 0 0.6406251 0.8125 0 0.6562501 0.8125 0 0.6718751 0.8125 0 0.6875 0.8125 0 0.703125 0.8125 0 0.7187499 0.8125 0 0.7343749 0.8125 0 0.7499999 0.8125 0 0.7656249 0.8125 0 0.7812498 0.8125 0 0.7968748 0.8125 0 0.8124998 0.8125 0 0.8281248 0.8125 0 0.8437497 0.8125 0 0.8593746 0.8125 0 0.8749996 0.8125 0 0.8906246 0.8125 0 0.9062496 0.8125 0 0.9218745 0.8125 0 0.9374995 0.8125 0 0.9531245 0.8125 0 0.9687495 0.8125 0 0.9843744 0.8125 0 0.9999994 0.8125 0 0 0.78125 0 0.015625 0.78125 0 0.03125 0.78125 0 0.046875 0.78125 0 0.0625 0.78125 0 0.078125 0.78125 0 0.09375 0.78125 0 0.109375 0.78125 0 0.125 0.78125 0 0.140625 0.78125 0 0.15625 0.78125 0 0.171875 0.78125 0 0.1875 0.78125 0 0.203125 0.78125 0 0.21875 0.78125 0 0.234375 0.78125 0 0.25 0.78125 0 0.265625 0.78125 0 0.28125 0.78125 0 0.296875 0.78125 0 0.3125 0.78125 0 0.328125 0.78125 0 0.3437501 0.78125 0 0.3593751 0.78125 0 0.3750001 0.78125 0 0.3906251 0.78125 0 0.4062501 0.78125 0 0.4218751 0.78125 0 0.4375001 0.78125 0 0.4531251 0.78125 0 0.4687501 0.78125 0 0.4843751 0.78125 0 0.5000001 0.78125 0 0.5156251 0.78125 0 0.5312501 0.78125 0 0.5468751 0.78125 0 0.5625001 0.78125 0 0.5781251 0.78125 0 0.5937501 0.78125 0 0.6093751 0.78125 0 0.6250002 0.78125 0 0.6406251 0.78125 0 0.6562501 0.78125 0 0.6718751 0.78125 0 0.6875 0.78125 0 0.703125 0.78125 0 0.7187499 0.78125 0 0.7343749 0.78125 0 0.7499999 0.78125 0 0.7656249 0.78125 0 0.7812498 0.78125 0 0.7968748 0.78125 0 0.8124998 0.78125 0 0.8281248 0.78125 0 0.8437497 0.78125 0 0.8593746 0.78125 0 0.8749996 0.78125 0 0.8906246 0.78125 0 0.9062496 0.78125 0 0.9218745 0.78125 0 0.9374995 0.78125 0 0.9531245 0.78125 0 0.9687495 0.78125 0 0.9843744 0.78125 0 0.9999994 0.78125 0 0 0.75 0 0.015625 0.75 0 0.03125 0.75 0 0.046875 0.75 0 0.0625 0.75 0 0.078125 0.75 0 0.09375 0.75 0 0.109375 0.75 0 0.125 0.75 0 0.140625 0.75 0 0.15625 0.75 0 0.171875 0.75 0 0.1875 0.75 0 0.203125 0.75 0 0.21875 0.75 0 0.234375 0.75 0 0.25 0.75 0 0.265625 0.75 0 0.28125 0.75 0 0.296875 0.75 0 0.3125 0.75 0 0.328125 0.75 0 0.3437501 0.75 0 0.3593751 0.75 0 0.3750001 0.75 0 0.3906251 0.75 0 0.4062501 0.75 0 0.4218751 0.75 0 0.4375001 0.75 0 0.4531251 0.75 0 0.4687501 0.75 0 0.4843751 0.75 0 0.5000001 0.75 0 0.5156251 0.75 0 0.5312501 0.75 0 0.5468751 0.75 0 0.5625001 0.75 0 0.5781251 0.75 0 0.5937501 0.75 0 0.6093751 0.75 0 0.6250002 0.75 0 0.6406251 0.75 0 0.6562501 0.75 0 0.6718751 0.75 0 0.6875 0.75 0 0.703125 0.75 0 0.7187499 0.75 0 0.7343749 0.75 0 0.7499999 0.75 0 0.7656249 0.75 0 0.7812498 0.75 0 0.7968748 0.75 0 0.8124998 0.75 0 0.8281248 0.75 0 0.8437497 0.75 0 0.8593746 0.75 0 0.8749996 0.75 0 0.8906246 0.75 0 0.9062496 0.75 0 0.9218745 0.75 0 0.9374995 0.75 0 0.9531245 0.75 0 0.9687495 0.75 0 0.9843744 0.75 0 0.9999994 0.75 0 0 0.71875 0 0.015625 0.71875 0 0.03125 0.71875 0 0.046875 0.71875 0 0.0625 0.71875 0 0.078125 0.71875 0 0.09375 0.71875 0 0.109375 0.71875 0 0.125 0.71875 0 0.140625 0.71875 0 0.15625 0.71875 0 0.171875 0.71875 0 0.1875 0.71875 0 0.203125 0.71875 0 0.21875 0.71875 0 0.234375 0.71875 0 0.25 0.71875 0 0.265625 0.71875 0 0.28125 0.71875 0 0.296875 0.71875 0 0.3125 0.71875 0 0.328125 0.71875 0 0.3437501 0.71875 0 0.3593751 0.71875 0 0.3750001 0.71875 0 0.3906251 0.71875 0 0.4062501 0.71875 0 0.4218751 0.71875 0 0.4375001 0.71875 0 0.4531251 0.71875 0 0.4687501 0.71875 0 0.4843751 0.71875 0 0.5000001 0.71875 0 0.5156251 0.71875 0 0.5312501 0.71875 0 0.5468751 0.71875 0 0.5625001 0.71875 0 0.5781251 0.71875 0 0.5937501 0.71875 0 0.6093751 0.71875 0 0.6250002 0.71875 0 0.6406251 0.71875 0 0.6562501 0.71875 0 0.6718751 0.71875 0 0.6875 0.71875 0 0.703125 0.71875 0 0.7187499 0.71875 0 0.7343749 0.71875 0 0.7499999 0.71875 0 0.7656249 0.71875 0 0.7812498 0.71875 0 0.7968748 0.71875 0 0.8124998 0.71875 0 0.8281248 0.71875 0 0.8437497 0.71875 0 0.8593746 0.71875 0 0.8749996 0.71875 0 0.8906246 0.71875 0 0.9062496 0.71875 0 0.9218745 0.71875 0 0.9374995 0.71875 0 0.9531245 0.71875 0 0.9687495 0.71875 0 0.9843744 0.71875 0 0.9999994 0.71875 0 0 0.6875 0 0.015625 0.6875 0 0.03125 0.6875 0 0.046875 0.6875 0 0.0625 0.6875 0 0.078125 0.6875 0 0.09375 0.6875 0 0.109375 0.6875 0 0.125 0.6875 0 0.140625 0.6875 0 0.15625 0.6875 0 0.171875 0.6875 0 0.1875 0.6875 0 0.203125 0.6875 0 0.21875 0.6875 0 0.234375 0.6875 0 0.25 0.6875 0 0.265625 0.6875 0 0.28125 0.6875 0 0.296875 0.6875 0 0.3125 0.6875 0 0.328125 0.6875 0 0.3437501 0.6875 0 0.3593751 0.6875 0 0.3750001 0.6875 0 0.3906251 0.6875 0 0.4062501 0.6875 0 0.4218751 0.6875 0 0.4375001 0.6875 0 0.4531251 0.6875 0 0.4687501 0.6875 0 0.4843751 0.6875 0 0.5000001 0.6875 0 0.5156251 0.6875 0 0.5312501 0.6875 0 0.5468751 0.6875 0 0.5625001 0.6875 0 0.5781251 0.6875 0 0.5937501 0.6875 0 0.6093751 0.6875 0 0.6250002 0.6875 0 0.6406251 0.6875 0 0.6562501 0.6875 0 0.6718751 0.6875 0 0.6875 0.6875 0 0.703125 0.6875 0 0.7187499 0.6875 0 0.7343749 0.6875 0 0.7499999 0.6875 0 0.7656249 0.6875 0 0.7812498 0.6875 0 0.7968748 0.6875 0 0.8124998 0.6875 0 0.8281248 0.6875 0 0.8437497 0.6875 0 0.8593746 0.6875 0 0.8749996 0.6875 0 0.8906246 0.6875 0 0.9062496 0.6875 0 0.9218745 0.6875 0 0.9374995 0.6875 0 0.9531245 0.6875 0 0.9687495 0.6875 0 0.9843744 0.6875 0 0.9999994 0.6875 0 0 0.65625 0 0.015625 0.65625 0 0.03125 0.65625 0 0.046875 0.65625 0 0.0625 0.65625 0 0.078125 0.65625 0 0.09375 0.65625 0 0.109375 0.65625 0 0.125 0.65625 0 0.140625 0.65625 0 0.15625 0.65625 0 0.171875 0.65625 0 0.1875 0.65625 0 0.203125 0.65625 0 0.21875 0.65625 0 0.234375 0.65625 0 0.25 0.65625 0 0.265625 0.65625 0 0.28125 0.65625 0 0.296875 0.65625 0 0.3125 0.65625 0 0.328125 0.65625 0 0.3437501 0.65625 0 0.3593751 0.65625 0 0.3750001 0.65625 0 0.3906251 0.65625 0 0.4062501 0.65625 0 0.4218751 0.65625 0 0.4375001 0.65625 0 0.4531251 0.65625 0 0.4687501 0.65625 0 0.4843751 0.65625 0 0.5000001 0.65625 0 0.5156251 0.65625 0 0.5312501 0.65625 0 0.5468751 0.65625 0 0.5625001 0.65625 0 0.5781251 0.65625 0 0.5937501 0.65625 0 0.6093751 0.65625 0 0.6250002 0.65625 0 0.6406251 0.65625 0 0.6562501 0.65625 0 0.6718751 0.65625 0 0.6875 0.65625 0 0.703125 0.65625 0 0.7187499 0.65625 0 0.7343749 0.65625 0 0.7499999 0.65625 0 0.7656249 0.65625 0 0.7812498 0.65625 0 0.7968748 0.65625 0 0.8124998 0.65625 0 0.8281248 0.65625 0 0.8437497 0.65625 0 0.8593746 0.65625 0 0.8749996 0.65625 0 0.8906246 0.65625 0 0.9062496 0.65625 0 0.9218745 0.65625 0 0.9374995 0.65625 0 0.9531245 0.65625 0 0.9687495 0.65625 0 0.9843744 0.65625 0 0.9999994 0.65625 0 0 0.625 0 0.015625 0.625 0 0.03125 0.625 0 0.046875 0.625 0 0.0625 0.625 0 0.078125 0.625 0 0.09375 0.625 0 0.109375 0.625 0 0.125 0.625 0 0.140625 0.625 0 0.15625 0.625 0 0.171875 0.625 0 0.1875 0.625 0 0.203125 0.625 0 0.21875 0.625 0 0.234375 0.625 0 0.25 0.625 0 0.265625 0.625 0 0.28125 0.625 0 0.296875 0.625 0 0.3125 0.625 0 0.328125 0.625 0 0.3437501 0.625 0 0.3593751 0.625 0 0.3750001 0.625 0 0.3906251 0.625 0 0.4062501 0.625 0 0.4218751 0.625 0 0.4375001 0.625 0 0.4531251 0.625 0 0.4687501 0.625 0 0.4843751 0.625 0 0.5000001 0.625 0 0.5156251 0.625 0 0.5312501 0.625 0 0.5468751 0.625 0 0.5625001 0.625 0 0.5781251 0.625 0 0.5937501 0.625 0 0.6093751 0.625 0 0.6250002 0.625 0 0.6406251 0.625 0 0.6562501 0.625 0 0.6718751 0.625 0 0.6875 0.625 0 0.703125 0.625 0 0.7187499 0.625 0 0.7343749 0.625 0 0.7499999 0.625 0 0.7656249 0.625 0 0.7812498 0.625 0 0.7968748 0.625 0 0.8124998 0.625 0 0.8281248 0.625 0 0.8437497 0.625 0 0.8593746 0.625 0 0.8749996 0.625 0 0.8906246 0.625 0 0.9062496 0.625 0 0.9218745 0.625 0 0.9374995 0.625 0 0.9531245 0.625 0 0.9687495 0.625 0 0.9843744 0.625 0 0.9999994 0.625 0 0 0.59375 0 0.015625 0.59375 0 0.03125 0.59375 0 0.046875 0.59375 0 0.0625 0.59375 0 0.078125 0.59375 0 0.09375 0.59375 0 0.109375 0.59375 0 0.125 0.59375 0 0.140625 0.59375 0 0.15625 0.59375 0 0.171875 0.59375 0 0.1875 0.59375 0 0.203125 0.59375 0 0.21875 0.59375 0 0.234375 0.59375 0 0.25 0.59375 0 0.265625 0.59375 0 0.28125 0.59375 0 0.296875 0.59375 0 0.3125 0.59375 0 0.328125 0.59375 0 0.3437501 0.59375 0 0.3593751 0.59375 0 0.3750001 0.59375 0 0.3906251 0.59375 0 0.4062501 0.59375 0 0.4218751 0.59375 0 0.4375001 0.59375 0 0.4531251 0.59375 0 0.4687501 0.59375 0 0.4843751 0.59375 0 0.5000001 0.59375 0 0.5156251 0.59375 0 0.5312501 0.59375 0 0.5468751 0.59375 0 0.5625001 0.59375 0 0.5781251 0.59375 0 0.5937501 0.59375 0 0.6093751 0.59375 0 0.6250002 0.59375 0 0.6406251 0.59375 0 0.6562501 0.59375 0 0.6718751 0.59375 0 0.6875 0.59375 0 0.703125 0.59375 0 0.7187499 0.59375 0 0.7343749 0.59375 0 0.7499999 0.59375 0 0.7656249 0.59375 0 0.7812498 0.59375 0 0.7968748 0.59375 0 0.8124998 0.59375 0 0.8281248 0.59375 0 0.8437497 0.59375 0 0.8593746 0.59375 0 0.8749996 0.59375 0 0.8906246 0.59375 0 0.9062496 0.59375 0 0.9218745 0.59375 0 0.9374995 0.59375 0 0.9531245 0.59375 0 0.9687495 0.59375 0 0.9843744 0.59375 0 0.9999994 0.59375 0 0 0.5625 0 0.015625 0.5625 0 0.03125 0.5625 0 0.046875 0.5625 0 0.0625 0.5625 0 0.078125 0.5625 0 0.09375 0.5625 0 0.109375 0.5625 0 0.125 0.5625 0 0.140625 0.5625 0 0.15625 0.5625 0 0.171875 0.5625 0 0.1875 0.5625 0 0.203125 0.5625 0 0.21875 0.5625 0 0.234375 0.5625 0 0.25 0.5625 0 0.265625 0.5625 0 0.28125 0.5625 0 0.296875 0.5625 0 0.3125 0.5625 0 0.328125 0.5625 0 0.3437501 0.5625 0 0.3593751 0.5625 0 0.3750001 0.5625 0 0.3906251 0.5625 0 0.4062501 0.5625 0 0.4218751 0.5625 0 0.4375001 0.5625 0 0.4531251 0.5625 0 0.4687501 0.5625 0 0.4843751 0.5625 0 0.5000001 0.5625 0 0.5156251 0.5625 0 0.5312501 0.5625 0 0.5468751 0.5625 0 0.5625001 0.5625 0 0.5781251 0.5625 0 0.5937501 0.5625 0 0.6093751 0.5625 0 0.6250002 0.5625 0 0.6406251 0.5625 0 0.6562501 0.5625 0 0.6718751 0.5625 0 0.6875 0.5625 0 0.703125 0.5625 0 0.7187499 0.5625 0 0.7343749 0.5625 0 0.7499999 0.5625 0 0.7656249 0.5625 0 0.7812498 0.5625 0 0.7968748 0.5625 0 0.8124998 0.5625 0 0.8281248 0.5625 0 0.8437497 0.5625 0 0.8593746 0.5625 0 0.8749996 0.5625 0 0.8906246 0.5625 0 0.9062496 0.5625 0 0.9218745 0.5625 0 0.9374995 0.5625 0 0.9531245 0.5625 0 0.9687495 0.5625 0 0.9843744 0.5625 0 0.9999994 0.5625 0 0 0.53125 0 0.015625 0.53125 0 0.03125 0.53125 0 0.046875 0.53125 0 0.0625 0.53125 0 0.078125 0.53125 0 0.09375 0.53125 0 0.109375 0.53125 0 0.125 0.53125 0 0.140625 0.53125 0 0.15625 0.53125 0 0.171875 0.53125 0 0.1875 0.53125 0 0.203125 0.53125 0 0.21875 0.53125 0 0.234375 0.53125 0 0.25 0.53125 0 0.265625 0.53125 0 0.28125 0.53125 0 0.296875 0.53125 0 0.3125 0.53125 0 0.328125 0.53125 0 0.3437501 0.53125 0 0.3593751 0.53125 0 0.3750001 0.53125 0 0.3906251 0.53125 0 0.4062501 0.53125 0 0.4218751 0.53125 0 0.4375001 0.53125 0 0.4531251 0.53125 0 0.4687501 0.53125 0 0.4843751 0.53125 0 0.5000001 0.53125 0 0.5156251 0.53125 0 0.5312501 0.53125 0 0.5468751 0.53125 0 0.5625001 0.53125 0 0.5781251 0.53125 0 0.5937501 0.53125 0 0.6093751 0.53125 0 0.6250002 0.53125 0 0.6406251 0.53125 0 0.6562501 0.53125 0 0.6718751 0.53125 0 0.6875 0.53125 0 0.703125 0.53125 0 0.7187499 0.53125 0 0.7343749 0.53125 0 0.7499999 0.53125 0 0.7656249 0.53125 0 0.7812498 0.53125 0 0.7968748 0.53125 0 0.8124998 0.53125 0 0.8281248 0.53125 0 0.8437497 0.53125 0 0.8593746 0.53125 0 0.8749996 0.53125 0 0.8906246 0.53125 0 0.9062496 0.53125 0 0.9218745 0.53125 0 0.9374995 0.53125 0 0.9531245 0.53125 0 0.9687495 0.53125 0 0.9843744 0.53125 0 0.9999994 0.53125 0 0 0.4999999 0 0.015625 0.4999999 0 0.03125 0.4999999 0 0.046875 0.4999999 0 0.0625 0.4999999 0 0.078125 0.4999999 0 0.09375 0.4999999 0 0.109375 0.4999999 0 0.125 0.4999999 0 0.140625 0.4999999 0 0.15625 0.4999999 0 0.171875 0.4999999 0 0.1875 0.4999999 0 0.203125 0.4999999 0 0.21875 0.4999999 0 0.234375 0.4999999 0 0.25 0.4999999 0 0.265625 0.4999999 0 0.28125 0.4999999 0 0.296875 0.4999999 0 0.3125 0.4999999 0 0.328125 0.4999999 0 0.3437501 0.4999999 0 0.3593751 0.4999999 0 0.3750001 0.4999999 0 0.3906251 0.4999999 0 0.4062501 0.4999999 0 0.4218751 0.4999999 0 0.4375001 0.4999999 0 0.4531251 0.4999999 0 0.4687501 0.4999999 0 0.4843751 0.4999999 0 0.5000001 0.4999999 0 0.5156251 0.4999999 0 0.5312501 0.4999999 0 0.5468751 0.4999999 0 0.5625001 0.4999999 0 0.5781251 0.4999999 0 0.5937501 0.4999999 0 0.6093751 0.4999999 0 0.6250002 0.4999999 0 0.6406251 0.4999999 0 0.6562501 0.4999999 0 0.6718751 0.4999999 0 0.6875 0.4999999 0 0.703125 0.4999999 0 0.7187499 0.4999999 0 0.7343749 0.4999999 0 0.7499999 0.4999999 0 0.7656249 0.4999999 0 0.7812498 0.4999999 0 0.7968748 0.4999999 0 0.8124998 0.4999999 0 0.8281248 0.4999999 0 0.8437497 0.4999999 0 0.8593746 0.4999999 0 0.8749996 0.4999999 0 0.8906246 0.4999999 0 0.9062496 0.4999999 0 0.9218745 0.4999999 0 0.9374995 0.4999999 0 0.9531245 0.4999999 0 0.9687495 0.4999999 0 0.9843744 0.4999999 0 0.9999994 0.4999999 0 0 0.4687499 0 0.015625 0.4687499 0 0.03125 0.4687499 0 0.046875 0.4687499 0 0.0625 0.4687499 0 0.078125 0.4687499 0 0.09375 0.4687499 0 0.109375 0.4687499 0 0.125 0.4687499 0 0.140625 0.4687499 0 0.15625 0.4687499 0 0.171875 0.4687499 0 0.1875 0.4687499 0 0.203125 0.4687499 0 0.21875 0.4687499 0 0.234375 0.4687499 0 0.25 0.4687499 0 0.265625 0.4687499 0 0.28125 0.4687499 0 0.296875 0.4687499 0 0.3125 0.4687499 0 0.328125 0.4687499 0 0.3437501 0.4687499 0 0.3593751 0.4687499 0 0.3750001 0.4687499 0 0.3906251 0.4687499 0 0.4062501 0.4687499 0 0.4218751 0.4687499 0 0.4375001 0.4687499 0 0.4531251 0.4687499 0 0.4687501 0.4687499 0 0.4843751 0.4687499 0 0.5000001 0.4687499 0 0.5156251 0.4687499 0 0.5312501 0.4687499 0 0.5468751 0.4687499 0 0.5625001 0.4687499 0 0.5781251 0.4687499 0 0.5937501 0.4687499 0 0.6093751 0.4687499 0 0.6250002 0.4687499 0 0.6406251 0.4687499 0 0.6562501 0.4687499 0 0.6718751 0.4687499 0 0.6875 0.4687499 0 0.703125 0.4687499 0 0.7187499 0.4687499 0 0.7343749 0.4687499 0 0.7499999 0.4687499 0 0.7656249 0.4687499 0 0.7812498 0.4687499 0 0.7968748 0.4687499 0 0.8124998 0.4687499 0 0.8281248 0.4687499 0 0.8437497 0.4687499 0 0.8593746 0.4687499 0 0.8749996 0.4687499 0 0.8906246 0.4687499 0 0.9062496 0.4687499 0 0.9218745 0.4687499 0 0.9374995 0.4687499 0 0.9531245 0.4687499 0 0.9687495 0.4687499 0 0.9843744 0.4687499 0 0.9999994 0.4687499 0 0 0.4374999 0 0.015625 0.4374999 0 0.03125 0.4374999 0 0.046875 0.4374999 0 0.0625 0.4374999 0 0.078125 0.4374999 0 0.09375 0.4374999 0 0.109375 0.4374999 0 0.125 0.4374999 0 0.140625 0.4374999 0 0.15625 0.4374999 0 0.171875 0.4374999 0 0.1875 0.4374999 0 0.203125 0.4374999 0 0.21875 0.4374999 0 0.234375 0.4374999 0 0.25 0.4374999 0 0.265625 0.4374999 0 0.28125 0.4374999 0 0.296875 0.4374999 0 0.3125 0.4374999 0 0.328125 0.4374999 0 0.3437501 0.4374999 0 0.3593751 0.4374999 0 0.3750001 0.4374999 0 0.3906251 0.4374999 0 0.4062501 0.4374999 0 0.4218751 0.4374999 0 0.4375001 0.4374999 0 0.4531251 0.4374999 0 0.4687501 0.4374999 0 0.4843751 0.4374999 0 0.5000001 0.4374999 0 0.5156251 0.4374999 0 0.5312501 0.4374999 0 0.5468751 0.4374999 0 0.5625001 0.4374999 0 0.5781251 0.4374999 0 0.5937501 0.4374999 0 0.6093751 0.4374999 0 0.6250002 0.4374999 0 0.6406251 0.4374999 0 0.6562501 0.4374999 0 0.6718751 0.4374999 0 0.6875 0.4374999 0 0.703125 0.4374999 0 0.7187499 0.4374999 0 0.7343749 0.4374999 0 0.7499999 0.4374999 0 0.7656249 0.4374999 0 0.7812498 0.4374999 0 0.7968748 0.4374999 0 0.8124998 0.4374999 0 0.8281248 0.4374999 0 0.8437497 0.4374999 0 0.8593746 0.4374999 0 0.8749996 0.4374999 0 0.8906246 0.4374999 0 0.9062496 0.4374999 0 0.9218745 0.4374999 0 0.9374995 0.4374999 0 0.9531245 0.4374999 0 0.9687495 0.4374999 0 0.9843744 0.4374999 0 0.9999994 0.4374999 0 0 0.4062499 0 0.015625 0.4062499 0 0.03125 0.4062499 0 0.046875 0.4062499 0 0.0625 0.4062499 0 0.078125 0.4062499 0 0.09375 0.4062499 0 0.109375 0.4062499 0 0.125 0.4062499 0 0.140625 0.4062499 0 0.15625 0.4062499 0 0.171875 0.4062499 0 0.1875 0.4062499 0 0.203125 0.4062499 0 0.21875 0.4062499 0 0.234375 0.4062499 0 0.25 0.4062499 0 0.265625 0.4062499 0 0.28125 0.4062499 0 0.296875 0.4062499 0 0.3125 0.4062499 0 0.328125 0.4062499 0 0.3437501 0.4062499 0 0.3593751 0.4062499 0 0.3750001 0.4062499 0 0.3906251 0.4062499 0 0.4062501 0.4062499 0 0.4218751 0.4062499 0 0.4375001 0.4062499 0 0.4531251 0.4062499 0 0.4687501 0.4062499 0 0.4843751 0.4062499 0 0.5000001 0.4062499 0 0.5156251 0.4062499 0 0.5312501 0.4062499 0 0.5468751 0.4062499 0 0.5625001 0.4062499 0 0.5781251 0.4062499 0 0.5937501 0.4062499 0 0.6093751 0.4062499 0 0.6250002 0.4062499 0 0.6406251 0.4062499 0 0.6562501 0.4062499 0 0.6718751 0.4062499 0 0.6875 0.4062499 0 0.703125 0.4062499 0 0.7187499 0.4062499 0 0.7343749 0.4062499 0 0.7499999 0.4062499 0 0.7656249 0.4062499 0 0.7812498 0.4062499 0 0.7968748 0.4062499 0 0.8124998 0.4062499 0 0.8281248 0.4062499 0 0.8437497 0.4062499 0 0.8593746 0.4062499 0 0.8749996 0.4062499 0 0.8906246 0.4062499 0 0.9062496 0.4062499 0 0.9218745 0.4062499 0 0.9374995 0.4062499 0 0.9531245 0.4062499 0 0.9687495 0.4062499 0 0.9843744 0.4062499 0 0.9999994 0.4062499 0 0 0.3749999 0 0.015625 0.3749999 0 0.03125 0.3749999 0 0.046875 0.3749999 0 0.0625 0.3749999 0 0.078125 0.3749999 0 0.09375 0.3749999 0 0.109375 0.3749999 0 0.125 0.3749999 0 0.140625 0.3749999 0 0.15625 0.3749999 0 0.171875 0.3749999 0 0.1875 0.3749999 0 0.203125 0.3749999 0 0.21875 0.3749999 0 0.234375 0.3749999 0 0.25 0.3749999 0 0.265625 0.3749999 0 0.28125 0.3749999 0 0.296875 0.3749999 0 0.3125 0.3749999 0 0.328125 0.3749999 0 0.3437501 0.3749999 0 0.3593751 0.3749999 0 0.3750001 0.3749999 0 0.3906251 0.3749999 0 0.4062501 0.3749999 0 0.4218751 0.3749999 0 0.4375001 0.3749999 0 0.4531251 0.3749999 0 0.4687501 0.3749999 0 0.4843751 0.3749999 0 0.5000001 0.3749999 0 0.5156251 0.3749999 0 0.5312501 0.3749999 0 0.5468751 0.3749999 0 0.5625001 0.3749999 0 0.5781251 0.3749999 0 0.5937501 0.3749999 0 0.6093751 0.3749999 0 0.6250002 0.3749999 0 0.6406251 0.3749999 0 0.6562501 0.3749999 0 0.6718751 0.3749999 0 0.6875 0.3749999 0 0.703125 0.3749999 0 0.7187499 0.3749999 0 0.7343749 0.3749999 0 0.7499999 0.3749999 0 0.7656249 0.3749999 0 0.7812498 0.3749999 0 0.7968748 0.3749999 0 0.8124998 0.3749999 0 0.8281248 0.3749999 0 0.8437497 0.3749999 0 0.8593746 0.3749999 0 0.8749996 0.3749999 0 0.8906246 0.3749999 0 0.9062496 0.3749999 0 0.9218745 0.3749999 0 0.9374995 0.3749999 0 0.9531245 0.3749999 0 0.9687495 0.3749999 0 0.9843744 0.3749999 0 0.9999994 0.3749999 0 0 0.3437499 0 0.015625 0.3437499 0 0.03125 0.3437499 0 0.046875 0.3437499 0 0.0625 0.3437499 0 0.078125 0.3437499 0 0.09375 0.3437499 0 0.109375 0.3437499 0 0.125 0.3437499 0 0.140625 0.3437499 0 0.15625 0.3437499 0 0.171875 0.3437499 0 0.1875 0.3437499 0 0.203125 0.3437499 0 0.21875 0.3437499 0 0.234375 0.3437499 0 0.25 0.3437499 0 0.265625 0.3437499 0 0.28125 0.3437499 0 0.296875 0.3437499 0 0.3125 0.3437499 0 0.328125 0.3437499 0 0.3437501 0.3437499 0 0.3593751 0.3437499 0 0.3750001 0.3437499 0 0.3906251 0.3437499 0 0.4062501 0.3437499 0 0.4218751 0.3437499 0 0.4375001 0.3437499 0 0.4531251 0.3437499 0 0.4687501 0.3437499 0 0.4843751 0.3437499 0 0.5000001 0.3437499 0 0.5156251 0.3437499 0 0.5312501 0.3437499 0 0.5468751 0.3437499 0 0.5625001 0.3437499 0 0.5781251 0.3437499 0 0.5937501 0.3437499 0 0.6093751 0.3437499 0 0.6250002 0.3437499 0 0.6406251 0.3437499 0 0.6562501 0.3437499 0 0.6718751 0.3437499 0 0.6875 0.3437499 0 0.703125 0.3437499 0 0.7187499 0.3437499 0 0.7343749 0.3437499 0 0.7499999 0.3437499 0 0.7656249 0.3437499 0 0.7812498 0.3437499 0 0.7968748 0.3437499 0 0.8124998 0.3437499 0 0.8281248 0.3437499 0 0.8437497 0.3437499 0 0.8593746 0.3437499 0 0.8749996 0.3437499 0 0.8906246 0.3437499 0 0.9062496 0.3437499 0 0.9218745 0.3437499 0 0.9374995 0.3437499 0 0.9531245 0.3437499 0 0.9687495 0.3437499 0 0.9843744 0.3437499 0 0.9999994 0.3437499 0 0 0.3124999 0 0.015625 0.3124999 0 0.03125 0.3124999 0 0.046875 0.3124999 0 0.0625 0.3124999 0 0.078125 0.3124999 0 0.09375 0.3124999 0 0.109375 0.3124999 0 0.125 0.3124999 0 0.140625 0.3124999 0 0.15625 0.3124999 0 0.171875 0.3124999 0 0.1875 0.3124999 0 0.203125 0.3124999 0 0.21875 0.3124999 0 0.234375 0.3124999 0 0.25 0.3124999 0 0.265625 0.3124999 0 0.28125 0.3124999 0 0.296875 0.3124999 0 0.3125 0.3124999 0 0.328125 0.3124999 0 0.3437501 0.3124999 0 0.3593751 0.3124999 0 0.3750001 0.3124999 0 0.3906251 0.3124999 0 0.4062501 0.3124999 0 0.4218751 0.3124999 0 0.4375001 0.3124999 0 0.4531251 0.3124999 0 0.4687501 0.3124999 0 0.4843751 0.3124999 0 0.5000001 0.3124999 0 0.5156251 0.3124999 0 0.5312501 0.3124999 0 0.5468751 0.3124999 0 0.5625001 0.3124999 0 0.5781251 0.3124999 0 0.5937501 0.3124999 0 0.6093751 0.3124999 0 0.6250002 0.3124999 0 0.6406251 0.3124999 0 0.6562501 0.3124999 0 0.6718751 0.3124999 0 0.6875 0.3124999 0 0.703125 0.3124999 0 0.7187499 0.3124999 0 0.7343749 0.3124999 0 0.7499999 0.3124999 0 0.7656249 0.3124999 0 0.7812498 0.3124999 0 0.7968748 0.3124999 0 0.8124998 0.3124999 0 0.8281248 0.3124999 0 0.8437497 0.3124999 0 0.8593746 0.3124999 0 0.8749996 0.3124999 0 0.8906246 0.3124999 0 0.9062496 0.3124999 0 0.9218745 0.3124999 0 0.9374995 0.3124999 0 0.9531245 0.3124999 0 0.9687495 0.3124999 0 0.9843744 0.3124999 0 0.9999994 0.3124999 0 0 0.2812499 0 0.015625 0.2812499 0 0.03125 0.2812499 0 0.046875 0.2812499 0 0.0625 0.2812499 0 0.078125 0.2812499 0 0.09375 0.2812499 0 0.109375 0.2812499 0 0.125 0.2812499 0 0.140625 0.2812499 0 0.15625 0.2812499 0 0.171875 0.2812499 0 0.1875 0.2812499 0 0.203125 0.2812499 0 0.21875 0.2812499 0 0.234375 0.2812499 0 0.25 0.2812499 0 0.265625 0.2812499 0 0.28125 0.2812499 0 0.296875 0.2812499 0 0.3125 0.2812499 0 0.328125 0.2812499 0 0.3437501 0.2812499 0 0.3593751 0.2812499 0 0.3750001 0.2812499 0 0.3906251 0.2812499 0 0.4062501 0.2812499 0 0.4218751 0.2812499 0 0.4375001 0.2812499 0 0.4531251 0.2812499 0 0.4687501 0.2812499 0 0.4843751 0.2812499 0 0.5000001 0.2812499 0 0.5156251 0.2812499 0 0.5312501 0.2812499 0 0.5468751 0.2812499 0 0.5625001 0.2812499 0 0.5781251 0.2812499 0 0.5937501 0.2812499 0 0.6093751 0.2812499 0 0.6250002 0.2812499 0 0.6406251 0.2812499 0 0.6562501 0.2812499 0 0.6718751 0.2812499 0 0.6875 0.2812499 0 0.703125 0.2812499 0 0.7187499 0.2812499 0 0.7343749 0.2812499 0 0.7499999 0.2812499 0 0.7656249 0.2812499 0 0.7812498 0.2812499 0 0.7968748 0.2812499 0 0.8124998 0.2812499 0 0.8281248 0.2812499 0 0.8437497 0.2812499 0 0.8593746 0.2812499 0 0.8749996 0.2812499 0 0.8906246 0.2812499 0 0.9062496 0.2812499 0 0.9218745 0.2812499 0 0.9374995 0.2812499 0 0.9531245 0.2812499 0 0.9687495 0.2812499 0 0.9843744 0.2812499 0 0.9999994 0.2812499 0 0 0.2499999 0 0.015625 0.2499999 0 0.03125 0.2499999 0 0.046875 0.2499999 0 0.0625 0.2499999 0 0.078125 0.2499999 0 0.09375 0.2499999 0 0.109375 0.2499999 0 0.125 0.2499999 0 0.140625 0.2499999 0 0.15625 0.2499999 0 0.171875 0.2499999 0 0.1875 0.2499999 0 0.203125 0.2499999 0 0.21875 0.2499999 0 0.234375 0.2499999 0 0.25 0.2499999 0 0.265625 0.2499999 0 0.28125 0.2499999 0 0.296875 0.2499999 0 0.3125 0.2499999 0 0.328125 0.2499999 0 0.3437501 0.2499999 0 0.3593751 0.2499999 0 0.3750001 0.2499999 0 0.3906251 0.2499999 0 0.4062501 0.2499999 0 0.4218751 0.2499999 0 0.4375001 0.2499999 0 0.4531251 0.2499999 0 0.4687501 0.2499999 0 0.4843751 0.2499999 0 0.5000001 0.2499999 0 0.5156251 0.2499999 0 0.5312501 0.2499999 0 0.5468751 0.2499999 0 0.5625001 0.2499999 0 0.5781251 0.2499999 0 0.5937501 0.2499999 0 0.6093751 0.2499999 0 0.6250002 0.2499999 0 0.6406251 0.2499999 0 0.6562501 0.2499999 0 0.6718751 0.2499999 0 0.6875 0.2499999 0 0.703125 0.2499999 0 0.7187499 0.2499999 0 0.7343749 0.2499999 0 0.7499999 0.2499999 0 0.7656249 0.2499999 0 0.7812498 0.2499999 0 0.7968748 0.2499999 0 0.8124998 0.2499999 0 0.8281248 0.2499999 0 0.8437497 0.2499999 0 0.8593746 0.2499999 0 0.8749996 0.2499999 0 0.8906246 0.2499999 0 0.9062496 0.2499999 0 0.9218745 0.2499999 0 0.9374995 0.2499999 0 0.9531245 0.2499999 0 0.9687495 0.2499999 0 0.9843744 0.2499999 0 0.9999994 0.2499999 0 0 0.2187499 0 0.015625 0.2187499 0 0.03125 0.2187499 0 0.046875 0.2187499 0 0.0625 0.2187499 0 0.078125 0.2187499 0 0.09375 0.2187499 0 0.109375 0.2187499 0 0.125 0.2187499 0 0.140625 0.2187499 0 0.15625 0.2187499 0 0.171875 0.2187499 0 0.1875 0.2187499 0 0.203125 0.2187499 0 0.21875 0.2187499 0 0.234375 0.2187499 0 0.25 0.2187499 0 0.265625 0.2187499 0 0.28125 0.2187499 0 0.296875 0.2187499 0 0.3125 0.2187499 0 0.328125 0.2187499 0 0.3437501 0.2187499 0 0.3593751 0.2187499 0 0.3750001 0.2187499 0 0.3906251 0.2187499 0 0.4062501 0.2187499 0 0.4218751 0.2187499 0 0.4375001 0.2187499 0 0.4531251 0.2187499 0 0.4687501 0.2187499 0 0.4843751 0.2187499 0 0.5000001 0.2187499 0 0.5156251 0.2187499 0 0.5312501 0.2187499 0 0.5468751 0.2187499 0 0.5625001 0.2187499 0 0.5781251 0.2187499 0 0.5937501 0.2187499 0 0.6093751 0.2187499 0 0.6250002 0.2187499 0 0.6406251 0.2187499 0 0.6562501 0.2187499 0 0.6718751 0.2187499 0 0.6875 0.2187499 0 0.703125 0.2187499 0 0.7187499 0.2187499 0 0.7343749 0.2187499 0 0.7499999 0.2187499 0 0.7656249 0.2187499 0 0.7812498 0.2187499 0 0.7968748 0.2187499 0 0.8124998 0.2187499 0 0.8281248 0.2187499 0 0.8437497 0.2187499 0 0.8593746 0.2187499 0 0.8749996 0.2187499 0 0.8906246 0.2187499 0 0.9062496 0.2187499 0 0.9218745 0.2187499 0 0.9374995 0.2187499 0 0.9531245 0.2187499 0 0.9687495 0.2187499 0 0.9843744 0.2187499 0 0.9999994 0.2187499 0 0 0.1874999 0 0.015625 0.1874999 0 0.03125 0.1874999 0 0.046875 0.1874999 0 0.0625 0.1874999 0 0.078125 0.1874999 0 0.09375 0.1874999 0 0.109375 0.1874999 0 0.125 0.1874999 0 0.140625 0.1874999 0 0.15625 0.1874999 0 0.171875 0.1874999 0 0.1875 0.1874999 0 0.203125 0.1874999 0 0.21875 0.1874999 0 0.234375 0.1874999 0 0.25 0.1874999 0 0.265625 0.1874999 0 0.28125 0.1874999 0 0.296875 0.1874999 0 0.3125 0.1874999 0 0.328125 0.1874999 0 0.3437501 0.1874999 0 0.3593751 0.1874999 0 0.3750001 0.1874999 0 0.3906251 0.1874999 0 0.4062501 0.1874999 0 0.4218751 0.1874999 0 0.4375001 0.1874999 0 0.4531251 0.1874999 0 0.4687501 0.1874999 0 0.4843751 0.1874999 0 0.5000001 0.1874999 0 0.5156251 0.1874999 0 0.5312501 0.1874999 0 0.5468751 0.1874999 0 0.5625001 0.1874999 0 0.5781251 0.1874999 0 0.5937501 0.1874999 0 0.6093751 0.1874999 0 0.6250002 0.1874999 0 0.6406251 0.1874999 0 0.6562501 0.1874999 0 0.6718751 0.1874999 0 0.6875 0.1874999 0 0.703125 0.1874999 0 0.7187499 0.1874999 0 0.7343749 0.1874999 0 0.7499999 0.1874999 0 0.7656249 0.1874999 0 0.7812498 0.1874999 0 0.7968748 0.1874999 0 0.8124998 0.1874999 0 0.8281248 0.1874999 0 0.8437497 0.1874999 0 0.8593746 0.1874999 0 0.8749996 0.1874999 0 0.8906246 0.1874999 0 0.9062496 0.1874999 0 0.9218745 0.1874999 0 0.9374995 0.1874999 0 0.9531245 0.1874999 0 0.9687495 0.1874999 0 0.9843744 0.1874999 0 0.9999994 0.1874999 0 0 0.1562498 0 0.015625 0.1562498 0 0.03125 0.1562498 0 0.046875 0.1562498 0 0.0625 0.1562498 0 0.078125 0.1562498 0 0.09375 0.1562498 0 0.109375 0.1562498 0 0.125 0.1562498 0 0.140625 0.1562498 0 0.15625 0.1562498 0 0.171875 0.1562498 0 0.1875 0.1562498 0 0.203125 0.1562498 0 0.21875 0.1562498 0 0.234375 0.1562498 0 0.25 0.1562498 0 0.265625 0.1562498 0 0.28125 0.1562498 0 0.296875 0.1562498 0 0.3125 0.1562498 0 0.328125 0.1562498 0 0.3437501 0.1562498 0 0.3593751 0.1562498 0 0.3750001 0.1562498 0 0.3906251 0.1562498 0 0.4062501 0.1562498 0 0.4218751 0.1562498 0 0.4375001 0.1562498 0 0.4531251 0.1562498 0 0.4687501 0.1562498 0 0.4843751 0.1562498 0 0.5000001 0.1562498 0 0.5156251 0.1562498 0 0.5312501 0.1562498 0 0.5468751 0.1562498 0 0.5625001 0.1562498 0 0.5781251 0.1562498 0 0.5937501 0.1562498 0 0.6093751 0.1562498 0 0.6250002 0.1562498 0 0.6406251 0.1562498 0 0.6562501 0.1562498 0 0.6718751 0.1562498 0 0.6875 0.1562498 0 0.703125 0.1562498 0 0.7187499 0.1562498 0 0.7343749 0.1562498 0 0.7499999 0.1562498 0 0.7656249 0.1562498 0 0.7812498 0.1562498 0 0.7968748 0.1562498 0 0.8124998 0.1562498 0 0.8281248 0.1562498 0 0.8437497 0.1562498 0 0.8593746 0.1562498 0 0.8749996 0.1562498 0 0.8906246 0.1562498 0 0.9062496 0.1562498 0 0.9218745 0.1562498 0 0.9374995 0.1562498 0 0.9531245 0.1562498 0 0.9687495 0.1562498 0 0.9843744 0.1562498 0 0.9999994 0.1562498 0 0 0.1249998 0 0.015625 0.1249998 0 0.03125 0.1249998 0 0.046875 0.1249998 0 0.0625 0.1249998 0 0.078125 0.1249998 0 0.09375 0.1249998 0 0.109375 0.1249998 0 0.125 0.1249998 0 0.140625 0.1249998 0 0.15625 0.1249998 0 0.171875 0.1249998 0 0.1875 0.1249998 0 0.203125 0.1249998 0 0.21875 0.1249998 0 0.234375 0.1249998 0 0.25 0.1249998 0 0.265625 0.1249998 0 0.28125 0.1249998 0 0.296875 0.1249998 0 0.3125 0.1249998 0 0.328125 0.1249998 0 0.3437501 0.1249998 0 0.3593751 0.1249998 0 0.3750001 0.1249998 0 0.3906251 0.1249998 0 0.4062501 0.1249998 0 0.4218751 0.1249998 0 0.4375001 0.1249998 0 0.4531251 0.1249998 0 0.4687501 0.1249998 0 0.4843751 0.1249998 0 0.5000001 0.1249998 0 0.5156251 0.1249998 0 0.5312501 0.1249998 0 0.5468751 0.1249998 0 0.5625001 0.1249998 0 0.5781251 0.1249998 0 0.5937501 0.1249998 0 0.6093751 0.1249998 0 0.6250002 0.1249998 0 0.6406251 0.1249998 0 0.6562501 0.1249998 0 0.6718751 0.1249998 0 0.6875 0.1249998 0 0.703125 0.1249998 0 0.7187499 0.1249998 0 0.7343749 0.1249998 0 0.7499999 0.1249998 0 0.7656249 0.1249998 0 0.7812498 0.1249998 0 0.7968748 0.1249998 0 0.8124998 0.1249998 0 0.8281248 0.1249998 0 0.8437497 0.1249998 0 0.8593746 0.1249998 0 0.8749996 0.1249998 0 0.8906246 0.1249998 0 0.9062496 0.1249998 0 0.9218745 0.1249998 0 0.9374995 0.1249998 0 0.9531245 0.1249998 0 0.9687495 0.1249998 0 0.9843744 0.1249998 0 0.9999994 0.1249998 0 0 0.09374982 0 0.015625 0.09374982 0 0.03125 0.09374982 0 0.046875 0.09374982 0 0.0625 0.09374982 0 0.078125 0.09374982 0 0.09375 0.09374982 0 0.109375 0.09374982 0 0.125 0.09374982 0 0.140625 0.09374982 0 0.15625 0.09374982 0 0.171875 0.09374982 0 0.1875 0.09374982 0 0.203125 0.09374982 0 0.21875 0.09374982 0 0.234375 0.09374982 0 0.25 0.09374982 0 0.265625 0.09374982 0 0.28125 0.09374982 0 0.296875 0.09374982 0 0.3125 0.09374982 0 0.328125 0.09374982 0 0.3437501 0.09374982 0 0.3593751 0.09374982 0 0.3750001 0.09374982 0 0.3906251 0.09374982 0 0.4062501 0.09374982 0 0.4218751 0.09374982 0 0.4375001 0.09374982 0 0.4531251 0.09374982 0 0.4687501 0.09374982 0 0.4843751 0.09374982 0 0.5000001 0.09374982 0 0.5156251 0.09374982 0 0.5312501 0.09374982 0 0.5468751 0.09374982 0 0.5625001 0.09374982 0 0.5781251 0.09374982 0 0.5937501 0.09374982 0 0.6093751 0.09374982 0 0.6250002 0.09374982 0 0.6406251 0.09374982 0 0.6562501 0.09374982 0 0.6718751 0.09374982 0 0.6875 0.09374982 0 0.703125 0.09374982 0 0.7187499 0.09374982 0 0.7343749 0.09374982 0 0.7499999 0.09374982 0 0.7656249 0.09374982 0 0.7812498 0.09374982 0 0.7968748 0.09374982 0 0.8124998 0.09374982 0 0.8281248 0.09374982 0 0.8437497 0.09374982 0 0.8593746 0.09374982 0 0.8749996 0.09374982 0 0.8906246 0.09374982 0 0.9062496 0.09374982 0 0.9218745 0.09374982 0 0.9374995 0.09374982 0 0.9531245 0.09374982 0 0.9687495 0.09374982 0 0.9843744 0.09374982 0 0.9999994 0.09374982 0 0 0.06249982 0 0.015625 0.06249982 0 0.03125 0.06249982 0 0.046875 0.06249982 0 0.0625 0.06249982 0 0.078125 0.06249982 0 0.09375 0.06249982 0 0.109375 0.06249982 0 0.125 0.06249982 0 0.140625 0.06249982 0 0.15625 0.06249982 0 0.171875 0.06249982 0 0.1875 0.06249982 0 0.203125 0.06249982 0 0.21875 0.06249982 0 0.234375 0.06249982 0 0.25 0.06249982 0 0.265625 0.06249982 0 0.28125 0.06249982 0 0.296875 0.06249982 0 0.3125 0.06249982 0 0.328125 0.06249982 0 0.3437501 0.06249982 0 0.3593751 0.06249982 0 0.3750001 0.06249982 0 0.3906251 0.06249982 0 0.4062501 0.06249982 0 0.4218751 0.06249982 0 0.4375001 0.06249982 0 0.4531251 0.06249982 0 0.4687501 0.06249982 0 0.4843751 0.06249982 0 0.5000001 0.06249982 0 0.5156251 0.06249982 0 0.5312501 0.06249982 0 0.5468751 0.06249982 0 0.5625001 0.06249982 0 0.5781251 0.06249982 0 0.5937501 0.06249982 0 0.6093751 0.06249982 0 0.6250002 0.06249982 0 0.6406251 0.06249982 0 0.6562501 0.06249982 0 0.6718751 0.06249982 0 0.6875 0.06249982 0 0.703125 0.06249982 0 0.7187499 0.06249982 0 0.7343749 0.06249982 0 0.7499999 0.06249982 0 0.7656249 0.06249982 0 0.7812498 0.06249982 0 0.7968748 0.06249982 0 0.8124998 0.06249982 0 0.8281248 0.06249982 0 0.8437497 0.06249982 0 0.8593746 0.06249982 0 0.8749996 0.06249982 0 0.8906246 0.06249982 0 0.9062496 0.06249982 0 0.9218745 0.06249982 0 0.9374995 0.06249982 0 0.9531245 0.06249982 0 0.9687495 0.06249982 0 0.9843744 0.06249982 0 0.9999994 0.06249982 0 0 0.03124982 0 0.015625 0.03124982 0 0.03125 0.03124982 0 0.046875 0.03124982 0 0.0625 0.03124982 0 0.078125 0.03124982 0 0.09375 0.03124982 0 0.109375 0.03124982 0 0.125 0.03124982 0 0.140625 0.03124982 0 0.15625 0.03124982 0 0.171875 0.03124982 0 0.1875 0.03124982 0 0.203125 0.03124982 0 0.21875 0.03124982 0 0.234375 0.03124982 0 0.25 0.03124982 0 0.265625 0.03124982 0 0.28125 0.03124982 0 0.296875 0.03124982 0 0.3125 0.03124982 0 0.328125 0.03124982 0 0.3437501 0.03124982 0 0.3593751 0.03124982 0 0.3750001 0.03124982 0 0.3906251 0.03124982 0 0.4062501 0.03124982 0 0.4218751 0.03124982 0 0.4375001 0.03124982 0 0.4531251 0.03124982 0 0.4687501 0.03124982 0 0.4843751 0.03124982 0 0.5000001 0.03124982 0 0.5156251 0.03124982 0 0.5312501 0.03124982 0 0.5468751 0.03124982 0 0.5625001 0.03124982 0 0.5781251 0.03124982 0 0.5937501 0.03124982 0 0.6093751 0.03124982 0 0.6250002 0.03124982 0 0.6406251 0.03124982 0 0.6562501 0.03124982 0 0.6718751 0.03124982 0 0.6875 0.03124982 0 0.703125 0.03124982 0 0.7187499 0.03124982 0 0.7343749 0.03124982 0 0.7499999 0.03124982 0 0.7656249 0.03124982 0 0.7812498 0.03124982 0 0.7968748 0.03124982 0 0.8124998 0.03124982 0 0.8281248 0.03124982 0 0.8437497 0.03124982 0 0.8593746 0.03124982 0 0.8749996 0.03124982 0 0.8906246 0.03124982 0 0.9062496 0.03124982 0 0.9218745 0.03124982 0 0.9374995 0.03124982 0 0.9531245 0.03124982 0 0.9687495 0.03124982 0 0.9843744 0.03124982 0 0.9999994 0.03124982 0 0 -2.38419e-7 0 0.015625 -2.38419e-7 0 0.03125 -2.38419e-7 0 0.046875 -2.38419e-7 0 0.0625 -2.38419e-7 0 0.078125 -2.38419e-7 0 0.09375 -2.38419e-7 0 0.109375 -2.38419e-7 0 0.125 -2.38419e-7 0 0.140625 -2.38419e-7 0 0.15625 -2.38419e-7 0 0.171875 -2.38419e-7 0 0.1875 -2.38419e-7 0 0.203125 -2.38419e-7 0 0.21875 -2.38419e-7 0 0.234375 -2.38419e-7 0 0.25 -2.38419e-7 0 0.265625 -2.38419e-7 0 0.28125 -2.38419e-7 0 0.296875 -2.38419e-7 0 0.3125 -2.38419e-7 0 0.328125 -2.38419e-7 0 0.3437501 -2.38419e-7 0 0.3593751 -2.38419e-7 0 0.3750001 -2.38419e-7 0 0.3906251 -2.38419e-7 0 0.4062501 -2.38419e-7 0 0.4218751 -2.38419e-7 0 0.4375001 -2.38419e-7 0 0.4531251 -2.38419e-7 0 0.4687501 -2.38419e-7 0 0.4843751 -2.38419e-7 0 0.5000001 -2.38419e-7 0 0.5156251 -2.38419e-7 0 0.5312501 -2.38419e-7 0 0.5468751 -2.38419e-7 0 0.5625001 -2.38419e-7 0 0.5781251 -2.38419e-7 0 0.5937501 -2.38419e-7 0 0.6093751 -2.38419e-7 0 0.6250002 -2.38419e-7 0 0.6406251 -2.38419e-7 0 0.6562501 -2.38419e-7 0 0.6718751 -2.38419e-7 0 0.6875 -2.38419e-7 0 0.703125 -2.38419e-7 0 0.7187499 -2.38419e-7 0 0.7343749 -2.38419e-7 0 0.7499999 -2.38419e-7 0 0.7656249 -2.38419e-7 0 0.7812498 -2.38419e-7 0 0.7968748 -2.38419e-7 0 0.8124998 -2.38419e-7 0 0.8281248 -2.38419e-7 0 0.8437497 -2.38419e-7 0 0.8593746 -2.38419e-7 0 0.8749996 -2.38419e-7 0 0.8906246 -2.38419e-7 0 0.9062496 -2.38419e-7 0 0.9218745 -2.38419e-7 0 0.9374995 -2.38419e-7 0 0.9531245 -2.38419e-7 0 0.9687495 -2.38419e-7 0 0.9843744 -2.38419e-7 0 0.9999994 -2.38419e-7 0</float_array>
          <technique_common>
            <accessor source="#geom-Sphere001-map1-array" count="2145" stride="3">
              <param name="S" type="float"/>
              <param name="T" type="float"/>
              <param name="P" type="float"/>
            </accessor>
          </technique_common>
        </source>
        <vertices id="geom-Sphere001-vertices">
          <input semantic="POSITION" source="#geom-Sphere001-positions"/>
        </vertices>
        <triangles material="floor_back_ceiling__72" count="3968">
          <input semantic="VERTEX" source="#geom-Sphere001-vertices" offset="0"/>
          <input semantic="NORMAL" source="#geom-Sphere001-normals" offset="1"/>
          <input semantic="TEXCOORD" source="#geom-Sphere001-map1" offset="2" set="0"/>
          <p>0 0 0 1 1 65 2 2 66 0 0 1 2 2 66 3 3 67 0 0 2 3 3 67 4 4 68 0 0 3 4 4 68 5 5 69 0 0 4 5 5 69 6 6 70 0 0 5 6 6 70 7 7 71 0 0 6 7 7 71 8 8 72 0 0 7 8 8 72 9 9 73 0 0 8 9 9 73 10 10 74 0 0 9 10 10 74 11 11 75 0 0 10 11 11 75 12 12 76 0 0 11 12 12 76 13 13 77 0 0 12 13 13 77 14 14 78 0 0 13 14 14 78 15 15 79 0 0 14 15 15 79 16 16 80 0 0 15 16 16 80 17 17 81 0 0 16 17 17 81 18 18 82 0 0 17 18 18 82 19 19 83 0 0 18 19 19 83 20 20 84 0 0 19 20 20 84 21 21 85 0 0 20 21 21 85 22 22 86 0 0 21 22 22 86 23 23 87 0 0 22 23 23 87 24 24 88 0 0 23 24 24 88 25 25 89 0 0 24 25 25 89 26 26 90 0 0 25 26 26 90 27 27 91 0 0 26 27 27 91 28 28 92 0 0 27 28 28 92 29 29 93 0 0 28 29 29 93 30 30 94 0 0 29 30 30 94 31 31 95 0 0 30 31 31 95 32 32 96 0 0 31 32 32 96 33 33 97 0 0 32 33 33 97 34 34 98 0 0 33 34 34 98 35 35 99 0 0 34 35 35 99 36 36 100 0 0 35 36 36 100 37 37 101 0 0 36 37 37 101 38 38 102 0 0 37 38 38 102 39 39 103 0 0 38 39 39 103 40 40 104 0 0 39 40 40 104 41 41 105 0 0 40 41 41 105 42 42 106 0 0 41 42 42 106 43 43 107 0 0 42 43 43 107 44 44 108 0 0 43 44 44 108 45 45 109 0 0 44 45 45 109 46 46 110 0 0 45 46 46 110 47 47 111 0 0 46 47 47 111 48 48 112 0 0 47 48 48 112 49 49 113 0 0 48 49 49 113 50 50 114 0 0 49 50 50 114 51 51 115 0 0 50 51 51 115 52 52 116 0 0 51 52 52 116 53 53 117 0 0 52 53 53 117 54 54 118 0 0 53 54 54 118 55 55 119 0 0 54 55 55 119 56 56 120 0 0 55 56 56 120 57 57 121 0 0 56 57 57 121 58 58 122 0 0 57 58 58 122 59 59 123 0 0 58 59 59 123 60 60 124 0 0 59 60 60 124 61 61 125 0 0 60 61 61 125 62 62 126 0 0 61 62 62 126 63 63 127 0 0 62 63 63 127 64 64 128 0 0 63 64 64 128 1 1 129 1 1 65 65 65 130 66 66 131 1 1 65 66 66 131 2 2 66 2 2 66 66 66 131 67 67 132 2 2 66 67 67 132 3 3 67 3 3 67 67 67 132 68 68 133 3 3 67 68 68 133 4 4 68 4 4 68 68 68 133 69 69 134 4 4 68 69 69 134 5 5 69 5 5 69 69 69 134 70 70 135 5 5 69 70 70 135 6 6 70 6 6 70 70 70 135 71 71 136 6 6 70 71 71 136 7 7 71 7 7 71 71 71 136 72 72 137 7 7 71 72 72 137 8 8 72 8 8 72 72 72 137 73 73 138 8 8 72 73 73 138 9 9 73 9 9 73 73 73 138 74 74 139 9 9 73 74 74 139 10 10 74 10 10 74 74 74 139 75 75 140 10 10 74 75 75 140 11 11 75 11 11 75 75 75 140 76 76 141 11 11 75 76 76 141 12 12 76 12 12 76 76 76 141 77 77 142 12 12 76 77 77 142 13 13 77 13 13 77 77 77 142 78 78 143 13 13 77 78 78 143 14 14 78 14 14 78 78 78 143 79 79 144 14 14 78 79 79 144 15 15 79 15 15 79 79 79 144 80 80 145 15 15 79 80 80 145 16 16 80 16 16 80 80 80 145 81 81 146 16 16 80 81 81 146 17 17 81 17 17 81 81 81 146 82 82 147 17 17 81 82 82 147 18 18 82 18 18 82 82 82 147 83 83 148 18 18 82 83 83 148 19 19 83 19 19 83 83 83 148 84 84 149 19 19 83 84 84 149 20 20 84 20 20 84 84 84 149 85 85 150 20 20 84 85 85 150 21 21 85 21 21 85 85 85 150 86 86 151 21 21 85 86 86 151 22 22 86 22 22 86 86 86 151 87 87 152 22 22 86 87 87 152 23 23 87 23 23 87 87 87 152 88 88 153 23 23 87 88 88 153 24 24 88 24 24 88 88 88 153 89 89 154 24 24 88 89 89 154 25 25 89 25 25 89 89 89 154 90 90 155 25 25 89 90 90 155 26 26 90 26 26 90 90 90 155 91 91 156 26 26 90 91 91 156 27 27 91 27 27 91 91 91 156 92 92 157 27 27 91 92 92 157 28 28 92 28 28 92 92 92 157 93 93 158 28 28 92 93 93 158 29 29 93 29 29 93 93 93 158 94 94 159 29 29 93 94 94 159 30 30 94 30 30 94 94 94 159 95 95 160 30 30 94 95 95 160 31 31 95 31 31 95 95 95 160 96 96 161 31 31 95 96 96 161 32 32 96 32 32 96 96 96 161 97 97 162 32 32 96 97 97 162 33 33 97 33 33 97 97 97 162 98 98 163 33 33 97 98 98 163 34 34 98 34 34 98 98 98 163 99 99 164 34 34 98 99 99 164 35 35 99 35 35 99 99 99 164 100 100 165 35 35 99 100 100 165 36 36 100 36 36 100 100 100 165 101 101 166 36 36 100 101 101 166 37 37 101 37 37 101 101 101 166 102 102 167 37 37 101 102 102 167 38 38 102 38 38 102 102 102 167 103 103 168 38 38 102 103 103 168 39 39 103 39 39 103 103 103 168 104 104 169 39 39 103 104 104 169 40 40 104 40 40 104 104 104 169 105 105 170 40 40 104 105 105 170 41 41 105 41 41 105 105 105 170 106 106 171 41 41 105 106 106 171 42 42 106 42 42 106 106 106 171 107 107 172 42 42 106 107 107 172 43 43 107 43 43 107 107 107 172 108 108 173 43 43 107 108 108 173 44 44 108 44 44 108 108 108 173 109 109 174 44 44 108 109 109 174 45 45 109 45 45 109 109 109 174 110 110 175 45 45 109 110 110 175 46 46 110 46 46 110 110 110 175 111 111 176 46 46 110 111 111 176 47 47 111 47 47 111 111 111 176 112 112 177 47 47 111 112 112 177 48 48 112 48 48 112 112 112 177 113 113 178 48 48 112 113 113 178 49 49 113 49 49 113 113 113 178 114 114 179 49 49 113 114 114 179 50 50 114 50 50 114 114 114 179 115 115 180 50 50 114 115 115 180 51 51 115 51 51 115 115 115 180 116 116 181 51 51 115 116 116 181 52 52 116 52 52 116 116 116 181 117 117 182 52 52 116 117 117 182 53 53 117 53 53 117 117 117 182 118 118 183 53 53 117 118 118 183 54 54 118 54 54 118 118 118 183 119 119 184 54 54 118 119 119 184 55 55 119 55 55 119 119 119 184 120 120 185 55 55 119 120 120 185 56 56 120 56 56 120 120 120 185 121 121 186 56 56 120 121 121 186 57 57 121 57 57 121 121 121 186 122 122 187 57 57 121 122 122 187 58 58 122 58 58 122 122 122 187 123 123 188 58 58 122 123 123 188 59 59 123 59 59 123 123 123 188 124 124 189 59 59 123 124 124 189 60 60 124 60 60 124 124 124 189 125 125 190 60 60 124 125 125 190 61 61 125 61 61 125 125 125 190 126 126 191 61 61 125 126 126 191 62 62 126 62 62 126 126 126 191 127 127 192 62 62 126 127 127 192 63 63 127 63 63 127 127 127 192 128 128 193 63 63 127 128 128 193 64 64 128 64 64 128 128 128 193 65 65 194 64 64 128 65 65 194 1 1 129 65 65 130 129 129 195 130 130 196 65 65 130 130 130 196 66 66 131 66 66 131 130 130 196 131 131 197 66 66 131 131 131 197 67 67 132 67 67 132 131 131 197 132 132 198 67 67 132 132 132 198 68 68 133 68 68 133 132 132 198 133 133 199 68 68 133 133 133 199 69 69 134 69 69 134 133 133 199 134 134 200 69 69 134 134 134 200 70 70 135 70 70 135 134 134 200 135 135 201 70 70 135 135 135 201 71 71 136 71 71 136 135 135 201 136 136 202 71 71 136 136 136 202 72 72 137 72 72 137 136 136 202 137 137 203 72 72 137 137 137 203 73 73 138 73 73 138 137 137 203 138 138 204 73 73 138 138 138 204 74 74 139 74 74 139 138 138 204 139 139 205 74 74 139 139 139 205 75 75 140 75 75 140 139 139 205 140 140 206 75 75 140 140 140 206 76 76 141 76 76 141 140 140 206 141 141 207 76 76 141 141 141 207 77 77 142 77 77 142 141 141 207 142 142 208 77 77 142 142 142 208 78 78 143 78 78 143 142 142 208 143 143 209 78 78 143 143 143 209 79 79 144 79 79 144 143 143 209 144 144 210 79 79 144 144 144 210 80 80 145 80 80 145 144 144 210 145 145 211 80 80 145 145 145 211 81 81 146 81 81 146 145 145 211 146 146 212 81 81 146 146 146 212 82 82 147 82 82 147 146 146 212 147 147 213 82 82 147 147 147 213 83 83 148 83 83 148 147 147 213 148 148 214 83 83 148 148 148 214 84 84 149 84 84 149 148 148 214 149 149 215 84 84 149 149 149 215 85 85 150 85 85 150 149 149 215 150 150 216 85 85 150 150 150 216 86 86 151 86 86 151 150 150 216 151 151 217 86 86 151 151 151 217 87 87 152 87 87 152 151 151 217 152 152 218 87 87 152 152 152 218 88 88 153 88 88 153 152 152 218 153 153 219 88 88 153 153 153 219 89 89 154 89 89 154 153 153 219 154 154 220 89 89 154 154 154 220 90 90 155 90 90 155 154 154 220 155 155 221 90 90 155 155 155 221 91 91 156 91 91 156 155 155 221 156 156 222 91 91 156 156 156 222 92 92 157 92 92 157 156 156 222 157 157 223 92 92 157 157 157 223 93 93 158 93 93 158 157 157 223 158 158 224 93 93 158 158 158 224 94 94 159 94 94 159 158 158 224 159 159 225 94 94 159 159 159 225 95 95 160 95 95 160 159 159 225 160 160 226 95 95 160 160 160 226 96 96 161 96 96 161 160 160 226 161 161 227 96 96 161 161 161 227 97 97 162 97 97 162 161 161 227 162 162 228 97 97 162 162 162 228 98 98 163 98 98 163 162 162 228 163 163 229 98 98 163 163 163 229 99 99 164 99 99 164 163 163 229 164 164 230 99 99 164 164 164 230 100 100 165 100 100 165 164 164 230 165 165 231 100 100 165 165 165 231 101 101 166 101 101 166 165 165 231 166 166 232 101 101 166 166 166 232 102 102 167 102 102 167 166 166 232 167 167 233 102 102 167 167 167 233 103 103 168 103 103 168 167 167 233 168 168 234 103 103 168 168 168 234 104 104 169 104 104 169 168 168 234 169 169 235 104 104 169 169 169 235 105 105 170 105 105 170 169 169 235 170 170 236 105 105 170 170 170 236 106 106 171 106 106 171 170 170 236 171 171 237 106 106 171 171 171 237 107 107 172 107 107 172 171 171 237 172 172 238 107 107 172 172 172 238 108 108 173 108 108 173 172 172 238 173 173 239 108 108 173 173 173 239 109 109 174 109 109 174 173 173 239 174 174 240 109 109 174 174 174 240 110 110 175 110 110 175 174 174 240 175 175 241 110 110 175 175 175 241 111 111 176 111 111 176 175 175 241 176 176 242 111 111 176 176 176 242 112 112 177 112 112 177 176 176 242 177 177 243 112 112 177 177 177 243 113 113 178 113 113 178 177 177 243 178 178 244 113 113 178 178 178 244 114 114 179 114 114 179 178 178 244 179 179 245 114 114 179 179 179 245 115 115 180 115 115 180 179 179 245 180 180 246 115 115 180 180 180 246 116 116 181 116 116 181 180 180 246 181 181 247 116 116 181 181 181 247 117 117 182 117 117 182 181 181 247 182 182 248 117 117 182 182 182 248 118 118 183 118 118 183 182 182 248 183 183 249 118 118 183 183 183 249 119 119 184 119 119 184 183 183 249 184 184 250 119 119 184 184 184 250 120 120 185 120 120 185 184 184 250 185 185 251 120 120 185 185 185 251 121 121 186 121 121 186 185 185 251 186 186 252 121 121 186 186 186 252 122 122 187 122 122 187 186 186 252 187 187 253 122 122 187 187 187 253 123 123 188 123 123 188 187 187 253 188 188 254 123 123 188 188 188 254 124 124 189 124 124 189 188 188 254 189 189 255 124 124 189 189 189 255 125 125 190 125 125 190 189 189 255 190 190 256 125 125 190 190 190 256 126 126 191 126 126 191 190 190 256 191 191 257 126 126 191 191 191 257 127 127 192 127 127 192 191 191 257 192 192 258 127 127 192 192 192 258 128 128 193 128 128 193 192 192 258 129 129 259 128 128 193 129 129 259 65 65 194 129 129 195 193 193 260 194 194 261 129 129 195 194 194 261 130 130 196 130 130 196 194 194 261 195 195 262 130 130 196 195 195 262 131 131 197 131 131 197 195 195 262 196 196 263 131 131 197 196 196 263 132 132 198 132 132 198 196 196 263 197 197 264 132 132 198 197 197 264 133 133 199 133 133 199 197 197 264 198 198 265 133 133 199 198 198 265 134 134 200 134 134 200 198 198 265 199 199 266 134 134 200 199 199 266 135 135 201 135 135 201 199 199 266 200 200 267 135 135 201 200 200 267 136 136 202 136 136 202 200 200 267 201 201 268 136 136 202 201 201 268 137 137 203 137 137 203 201 201 268 202 202 269 137 137 203 202 202 269 138 138 204 138 138 204 202 202 269 203 203 270 138 138 204 203 203 270 139 139 205 139 139 205 203 203 270 204 204 271 139 139 205 204 204 271 140 140 206 140 140 206 204 204 271 205 205 272 140 140 206 205 205 272 141 141 207 141 141 207 205 205 272 206 206 273 141 141 207 206 206 273 142 142 208 142 142 208 206 206 273 207 207 274 142 142 208 207 207 274 143 143 209 143 143 209 207 207 274 208 208 275 143 143 209 208 208 275 144 144 210 144 144 210 208 208 275 209 209 276 144 144 210 209 209 276 145 145 211 145 145 211 209 209 276 210 210 277 145 145 211 210 210 277 146 146 212 146 146 212 210 210 277 211 211 278 146 146 212 211 211 278 147 147 213 147 147 213 211 211 278 212 212 279 147 147 213 212 212 279 148 148 214 148 148 214 212 212 279 213 213 280 148 148 214 213 213 280 149 149 215 149 149 215 213 213 280 214 214 281 149 149 215 214 214 281 150 150 216 150 150 216 214 214 281 215 215 282 150 150 216 215 215 282 151 151 217 151 151 217 215 215 282 216 216 283 151 151 217 216 216 283 152 152 218 152 152 218 216 216 283 217 217 284 152 152 218 217 217 284 153 153 219 153 153 219 217 217 284 218 218 285 153 153 219 218 218 285 154 154 220 154 154 220 218 218 285 219 219 286 154 154 220 219 219 286 155 155 221 155 155 221 219 219 286 220 220 287 155 155 221 220 220 287 156 156 222 156 156 222 220 220 287 221 221 288 156 156 222 221 221 288 157 157 223 157 157 223 221 221 288 222 222 289 157 157 223 222 222 289 158 158 224 158 158 224 222 222 289 223 223 290 158 158 224 223 223 290 159 159 225 159 159 225 223 223 290 224 224 291 159 159 225 224 224 291 160 160 226 160 160 226 224 224 291 225 225 292 160 160 226 225 225 292 161 161 227 161 161 227 225 225 292 226 226 293 161 161 227 226 226 293 162 162 228 162 162 228 226 226 293 227 227 294 162 162 228 227 227 294 163 163 229 163 163 229 227 227 294 228 228 295 163 163 229 228 228 295 164 164 230 164 164 230 228 228 295 229 229 296 164 164 230 229 229 296 165 165 231 165 165 231 229 229 296 230 230 297 165 165 231 230 230 297 166 166 232 166 166 232 230 230 297 231 231 298 166 166 232 231 231 298 167 167 233 167 167 233 231 231 298 232 232 299 167 167 233 232 232 299 168 168 234 168 168 234 232 232 299 233 233 300 168 168 234 233 233 300 169 169 235 169 169 235 233 233 300 234 234 301 169 169 235 234 234 301 170 170 236 170 170 236 234 234 301 235 235 302 170 170 236 235 235 302 171 171 237 171 171 237 235 235 302 236 236 303 171 171 237 236 236 303 172 172 238 172 172 238 236 236 303 237 237 304 172 172 238 237 237 304 173 173 239 173 173 239 237 237 304 238 238 305 173 173 239 238 238 305 174 174 240 174 174 240 238 238 305 239 239 306 174 174 240 239 239 306 175 175 241 175 175 241 239 239 306 240 240 307 175 175 241 240 240 307 176 176 242 176 176 242 240 240 307 241 241 308 176 176 242 241 241 308 177 177 243 177 177 243 241 241 308 242 242 309 177 177 243 242 242 309 178 178 244 178 178 244 242 242 309 243 243 310 178 178 244 243 243 310 179 179 245 179 179 245 243 243 310 244 244 311 179 179 245 244 244 311 180 180 246 180 180 246 244 244 311 245 245 312 180 180 246 245 245 312 181 181 247 181 181 247 245 245 312 246 246 313 181 181 247 246 246 313 182 182 248 182 182 248 246 246 313 247 247 314 182 182 248 247 247 314 183 183 249 183 183 249 247 247 314 248 248 315 183 183 249 248 248 315 184 184 250 184 184 250 248 248 315 249 249 316 184 184 250 249 249 316 185 185 251 185 185 251 249 249 316 250 250 317 185 185 251 250 250 317 186 186 252 186 186 252 250 250 317 251 251 318 186 186 252 251 251 318 187 187 253 187 187 253 251 251 318 252 252 319 187 187 253 252 252 319 188 188 254 188 188 254 252 252 319 253 253 320 188 188 254 253 253 320 189 189 255 189 189 255 253 253 320 254 254 321 189 189 255 254 254 321 190 190 256 190 190 256 254 254 321 255 255 322 190 190 256 255 255 322 191 191 257 191 191 257 255 255 322 256 256 323 191 191 257 256 256 323 192 192 258 192 192 258 256 256 323 193 193 324 192 192 258 193 193 324 129 129 259 193 193 260 257 257 325 258 258 326 193 193 260 258 258 326 194 194 261 194 194 261 258 258 326 259 259 327 194 194 261 259 259 327 195 195 262 195 195 262 259 259 327 260 260 328 195 195 262 260 260 328 196 196 263 196 196 263 260 260 328 261 261 329 196 196 263 261 261 329 197 197 264 197 197 264 261 261 329 262 262 330 197 197 264 262 262 330 198 198 265 198 198 265 262 262 330 263 263 331 198 198 265 263 263 331 199 199 266 199 199 266 263 263 331 264 264 332 199 199 266 264 264 332 200 200 267 200 200 267 264 264 332 265 265 333 200 200 267 265 265 333 201 201 268 201 201 268 265 265 333 266 266 334 201 201 268 266 266 334 202 202 269 202 202 269 266 266 334 267 267 335 202 202 269 267 267 335 203 203 270 203 203 270 267 267 335 268 268 336 203 203 270 268 268 336 204 204 271 204 204 271 268 268 336 269 269 337 204 204 271 269 269 337 205 205 272 205 205 272 269 269 337 270 270 338 205 205 272 270 270 338 206 206 273 206 206 273 270 270 338 271 271 339 206 206 273 271 271 339 207 207 274 207 207 274 271 271 339 272 272 340 207 207 274 272 272 340 208 208 275 208 208 275 272 272 340 273 273 341 208 208 275 273 273 341 209 209 276 209 209 276 273 273 341 274 274 342 209 209 276 274 274 342 210 210 277 210 210 277 274 274 342 275 275 343 210 210 277 275 275 343 211 211 278 211 211 278 275 275 343 276 276 344 211 211 278 276 276 344 212 212 279 212 212 279 276 276 344 277 277 345 212 212 279 277 277 345 213 213 280 213 213 280 277 277 345 278 278 346 213 213 280 278 278 346 214 214 281 214 214 281 278 278 346 279 279 347 214 214 281 279 279 347 215 215 282 215 215 282 279 279 347 280 280 348 215 215 282 280 280 348 216 216 283 216 216 283 280 280 348 281 281 349 216 216 283 281 281 349 217 217 284 217 217 284 281 281 349 282 282 350 217 217 284 282 282 350 218 218 285 218 218 285 282 282 350 283 283 351 218 218 285 283 283 351 219 219 286 219 219 286 283 283 351 284 284 352 219 219 286 284 284 352 220 220 287 220 220 287 284 284 352 285 285 353 220 220 287 285 285 353 221 221 288 221 221 288 285 285 353 286 286 354 221 221 288 286 286 354 222 222 289 222 222 289 286 286 354 287 287 355 222 222 289 287 287 355 223 223 290 223 223 290 287 287 355 288 288 356 223 223 290 288 288 356 224 224 291 224 224 291 288 288 356 289 289 357 224 224 291 289 289 357 225 225 292 225 225 292 289 289 357 290 290 358 225 225 292 290 290 358 226 226 293 226 226 293 290 290 358 291 291 359 226 226 293 291 291 359 227 227 294 227 227 294 291 291 359 292 292 360 227 227 294 292 292 360 228 228 295 228 228 295 292 292 360 293 293 361 228 228 295 293 293 361 229 229 296 229 229 296 293 293 361 294 294 362 229 229 296 294 294 362 230 230 297 230 230 297 294 294 362 295 295 363 230 230 297 295 295 363 231 231 298 231 231 298 295 295 363 296 296 364 231 231 298 296 296 364 232 232 299 232 232 299 296 296 364 297 297 365 232 232 299 297 297 365 233 233 300 233 233 300 297 297 365 298 298 366 233 233 300 298 298 366 234 234 301 234 234 301 298 298 366 299 299 367 234 234 301 299 299 367 235 235 302 235 235 302 299 299 367 300 300 368 235 235 302 300 300 368 236 236 303 236 236 303 300 300 368 301 301 369 236 236 303 301 301 369 237 237 304 237 237 304 301 301 369 302 302 370 237 237 304 302 302 370 238 238 305 238 238 305 302 302 370 303 303 371 238 238 305 303 303 371 239 239 306 239 239 306 303 303 371 304 304 372 239 239 306 304 304 372 240 240 307 240 240 307 304 304 372 305 305 373 240 240 307 305 305 373 241 241 308 241 241 308 305 305 373 306 306 374 241 241 308 306 306 374 242 242 309 242 242 309 306 306 374 307 307 375 242 242 309 307 307 375 243 243 310 243 243 310 307 307 375 308 308 376 243 243 310 308 308 376 244 244 311 244 244 311 308 308 376 309 309 377 244 244 311 309 309 377 245 245 312 245 245 312 309 309 377 310 310 378 245 245 312 310 310 378 246 246 313 246 246 313 310 310 378 311 311 379 246 246 313 311 311 379 247 247 314 247 247 314 311 311 379 312 312 380 247 247 314 312 312 380 248 248 315 248 248 315 312 312 380 313 313 381 248 248 315 313 313 381 249 249 316 249 249 316 313 313 381 314 314 382 249 249 316 314 314 382 250 250 317 250 250 317 314 314 382 315 315 383 250 250 317 315 315 383 251 251 318 251 251 318 315 315 383 316 316 384 251 251 318 316 316 384 252 252 319 252 252 319 316 316 384 317 317 385 252 252 319 317 317 385 253 253 320 253 253 320 317 317 385 318 318 386 253 253 320 318 318 386 254 254 321 254 254 321 318 318 386 319 319 387 254 254 321 319 319 387 255 255 322 255 255 322 319 319 387 320 320 388 255 255 322 320 320 388 256 256 323 256 256 323 320 320 388 257 257 389 256 256 323 257 257 389 193 193 324 257 257 325 321 321 390 322 322 391 257 257 325 322 322 391 258 258 326 258 258 326 322 322 391 323 323 392 258 258 326 323 323 392 259 259 327 259 259 327 323 323 392 324 324 393 259 259 327 324 324 393 260 260 328 260 260 328 324 324 393 325 325 394 260 260 328 325 325 394 261 261 329 261 261 329 325 325 394 326 326 395 261 261 329 326 326 395 262 262 330 262 262 330 326 326 395 327 327 396 262 262 330 327 327 396 263 263 331 263 263 331 327 327 396 328 328 397 263 263 331 328 328 397 264 264 332 264 264 332 328 328 397 329 329 398 264 264 332 329 329 398 265 265 333 265 265 333 329 329 398 330 330 399 265 265 333 330 330 399 266 266 334 266 266 334 330 330 399 331 331 400 266 266 334 331 331 400 267 267 335 267 267 335 331 331 400 332 332 401 267 267 335 332 332 401 268 268 336 268 268 336 332 332 401 333 333 402 268 268 336 333 333 402 269 269 337 269 269 337 333 333 402 334 334 403 269 269 337 334 334 403 270 270 338 270 270 338 334 334 403 335 335 404 270 270 338 335 335 404 271 271 339 271 271 339 335 335 404 336 336 405 271 271 339 336 336 405 272 272 340 272 272 340 336 336 405 337 337 406 272 272 340 337 337 406 273 273 341 273 273 341 337 337 406 338 338 407 273 273 341 338 338 407 274 274 342 274 274 342 338 338 407 339 339 408 274 274 342 339 339 408 275 275 343 275 275 343 339 339 408 340 340 409 275 275 343 340 340 409 276 276 344 276 276 344 340 340 409 341 341 410 276 276 344 341 341 410 277 277 345 277 277 345 341 341 410 342 342 411 277 277 345 342 342 411 278 278 346 278 278 346 342 342 411 343 343 412 278 278 346 343 343 412 279 279 347 279 279 347 343 343 412 344 344 413 279 279 347 344 344 413 280 280 348 280 280 348 344 344 413 345 345 414 280 280 348 345 345 414 281 281 349 281 281 349 345 345 414 346 346 415 281 281 349 346 346 415 282 282 350 282 282 350 346 346 415 347 347 416 282 282 350 347 347 416 283 283 351 283 283 351 347 347 416 348 348 417 283 283 351 348 348 417 284 284 352 284 284 352 348 348 417 349 349 418 284 284 352 349 349 418 285 285 353 285 285 353 349 349 418 350 350 419 285 285 353 350 350 419 286 286 354 286 286 354 350 350 419 351 351 420 286 286 354 351 351 420 287 287 355 287 287 355 351 351 420 352 352 421 287 287 355 352 352 421 288 288 356 288 288 356 352 352 421 353 353 422 288 288 356 353 353 422 289 289 357 289 289 357 353 353 422 354 354 423 289 289 357 354 354 423 290 290 358 290 290 358 354 354 423 355 355 424 290 290 358 355 355 424 291 291 359 291 291 359 355 355 424 356 356 425 291 291 359 356 356 425 292 292 360 292 292 360 356 356 425 357 357 426 292 292 360 357 357 426 293 293 361 293 293 361 357 357 426 358 358 427 293 293 361 358 358 427 294 294 362 294 294 362 358 358 427 359 359 428 294 294 362 359 359 428 295 295 363 295 295 363 359 359 428 360 360 429 295 295 363 360 360 429 296 296 364 296 296 364 360 360 429 361 361 430 296 296 364 361 361 430 297 297 365 297 297 365 361 361 430 362 362 431 297 297 365 362 362 431 298 298 366 298 298 366 362 362 431 363 363 432 298 298 366 363 363 432 299 299 367 299 299 367 363 363 432 364 364 433 299 299 367 364 364 433 300 300 368 300 300 368 364 364 433 365 365 434 300 300 368 365 365 434 301 301 369 301 301 369 365 365 434 366 366 435 301 301 369 366 366 435 302 302 370 302 302 370 366 366 435 367 367 436 302 302 370 367 367 436 303 303 371 303 303 371 367 367 436 368 368 437 303 303 371 368 368 437 304 304 372 304 304 372 368 368 437 369 369 438 304 304 372 369 369 438 305 305 373 305 305 373 369 369 438 370 370 439 305 305 373 370 370 439 306 306 374 306 306 374 370 370 439 371 371 440 306 306 374 371 371 440 307 307 375 307 307 375 371 371 440 372 372 441 307 307 375 372 372 441 308 308 376 308 308 376 372 372 441 373 373 442 308 308 376 373 373 442 309 309 377 309 309 377 373 373 442 374 374 443 309 309 377 374 374 443 310 310 378 310 310 378 374 374 443 375 375 444 310 310 378 375 375 444 311 311 379 311 311 379 375 375 444 376 376 445 311 311 379 376 376 445 312 312 380 312 312 380 376 376 445 377 377 446 312 312 380 377 377 446 313 313 381 313 313 381 377 377 446 378 378 447 313 313 381 378 378 447 314 314 382 314 314 382 378 378 447 379 379 448 314 314 382 379 379 448 315 315 383 315 315 383 379 379 448 380 380 449 315 315 383 380 380 449 316 316 384 316 316 384 380 380 449 381 381 450 316 316 384 381 381 450 317 317 385 317 317 385 381 381 450 382 382 451 317 317 385 382 382 451 318 318 386 318 318 386 382 382 451 383 383 452 318 318 386 383 383 452 319 319 387 319 319 387 383 383 452 384 384 453 319 319 387 384 384 453 320 320 388 320 320 388 384 384 453 321 321 454 320 320 388 321 321 454 257 257 389 321 321 390 385 385 455 386 386 456 321 321 390 386 386 456 322 322 391 322 322 391 386 386 456 387 387 457 322 322 391 387 387 457 323 323 392 323 323 392 387 387 457 388 388 458 323 323 392 388 388 458 324 324 393 324 324 393 388 388 458 389 389 459 324 324 393 389 389 459 325 325 394 325 325 394 389 389 459 390 390 460 325 325 394 390 390 460 326 326 395 326 326 395 390 390 460 391 391 461 326 326 395 391 391 461 327 327 396 327 327 396 391 391 461 392 392 462 327 327 396 392 392 462 328 328 397 328 328 397 392 392 462 393 393 463 328 328 397 393 393 463 329 329 398 329 329 398 393 393 463 394 394 464 329 329 398 394 394 464 330 330 399 330 330 399 394 394 464 395 395 465 330 330 399 395 395 465 331 331 400 331 331 400 395 395 465 396 396 466 331 331 400 396 396 466 332 332 401 332 332 401 396 396 466 397 397 467 332 332 401 397 397 467 333 333 402 333 333 402 397 397 467 398 398 468 333 333 402 398 398 468 334 334 403 334 334 403 398 398 468 399 399 469 334 334 403 399 399 469 335 335 404 335 335 404 399 399 469 400 400 470 335 335 404 400 400 470 336 336 405 336 336 405 400 400 470 401 401 471 336 336 405 401 401 471 337 337 406 337 337 406 401 401 471 402 402 472 337 337 406 402 402 472 338 338 407 338 338 407 402 402 472 403 403 473 338 338 407 403 403 473 339 339 408 339 339 408 403 403 473 404 404 474 339 339 408 404 404 474 340 340 409 340 340 409 404 404 474 405 405 475 340 340 409 405 405 475 341 341 410 341 341 410 405 405 475 406 406 476 341 341 410 406 406 476 342 342 411 342 342 411 406 406 476 407 407 477 342 342 411 407 407 477 343 343 412 343 343 412 407 407 477 408 408 478 343 343 412 408 408 478 344 344 413 344 344 413 408 408 478 409 409 479 344 344 413 409 409 479 345 345 414 345 345 414 409 409 479 410 410 480 345 345 414 410 410 480 346 346 415 346 346 415 410 410 480 411 411 481 346 346 415 411 411 481 347 347 416 347 347 416 411 411 481 412 412 482 347 347 416 412 412 482 348 348 417 348 348 417 412 412 482 413 413 483 348 348 417 413 413 483 349 349 418 349 349 418 413 413 483 414 414 484 349 349 418 414 414 484 350 350 419 350 350 419 414 414 484 415 415 485 350 350 419 415 415 485 351 351 420 351 351 420 415 415 485 416 416 486 351 351 420 416 416 486 352 352 421 352 352 421 416 416 486 417 417 487 352 352 421 417 417 487 353 353 422 353 353 422 417 417 487 418 418 488 353 353 422 418 418 488 354 354 423 354 354 423 418 418 488 419 419 489 354 354 423 419 419 489 355 355 424 355 355 424 419 419 489 420 420 490 355 355 424 420 420 490 356 356 425 356 356 425 420 420 490 421 421 491 356 356 425 421 421 491 357 357 426 357 357 426 421 421 491 422 422 492 357 357 426 422 422 492 358 358 427 358 358 427 422 422 492 423 423 493 358 358 427 423 423 493 359 359 428 359 359 428 423 423 493 424 424 494 359 359 428 424 424 494 360 360 429 360 360 429 424 424 494 425 425 495 360 360 429 425 425 495 361 361 430 361 361 430 425 425 495 426 426 496 361 361 430 426 426 496 362 362 431 362 362 431 426 426 496 427 427 497 362 362 431 427 427 497 363 363 432 363 363 432 427 427 497 428 428 498 363 363 432 428 428 498 364 364 433 364 364 433 428 428 498 429 429 499 364 364 433 429 429 499 365 365 434 365 365 434 429 429 499 430 430 500 365 365 434 430 430 500 366 366 435 366 366 435 430 430 500 431 431 501 366 366 435 431 431 501 367 367 436 367 367 436 431 431 501 432 432 502 367 367 436 432 432 502 368 368 437 368 368 437 432 432 502 433 433 503 368 368 437 433 433 503 369 369 438 369 369 438 433 433 503 434 434 504 369 369 438 434 434 504 370 370 439 370 370 439 434 434 504 435 435 505 370 370 439 435 435 505 371 371 440 371 371 440 435 435 505 436 436 506 371 371 440 436 436 506 372 372 441 372 372 441 436 436 506 437 437 507 372 372 441 437 437 507 373 373 442 373 373 442 437 437 507 438 438 508 373 373 442 438 438 508 374 374 443 374 374 443 438 438 508 439 439 509 374 374 443 439 439 509 375 375 444 375 375 444 439 439 509 440 440 510 375 375 444 440 440 510 376 376 445 376 376 445 440 440 510 441 441 511 376 376 445 441 441 511 377 377 446 377 377 446 441 441 511 442 442 512 377 377 446 442 442 512 378 378 447 378 378 447 442 442 512 443 443 513 378 378 447 443 443 513 379 379 448 379 379 448 443 443 513 444 444 514 379 379 448 444 444 514 380 380 449 380 380 449 444 444 514 445 445 515 380 380 449 445 445 515 381 381 450 381 381 450 445 445 515 446 446 516 381 381 450 446 446 516 382 382 451 382 382 451 446 446 516 447 447 517 382 382 451 447 447 517 383 383 452 383 383 452 447 447 517 448 448 518 383 383 452 448 448 518 384 384 453 384 384 453 448 448 518 385 385 519 384 384 453 385 385 519 321 321 454 385 385 455 449 449 520 450 450 521 385 385 455 450 450 521 386 386 456 386 386 456 450 450 521 451 451 522 386 386 456 451 451 522 387 387 457 387 387 457 451 451 522 452 452 523 387 387 457 452 452 523 388 388 458 388 388 458 452 452 523 453 453 524 388 388 458 453 453 524 389 389 459 389 389 459 453 453 524 454 454 525 389 389 459 454 454 525 390 390 460 390 390 460 454 454 525 455 455 526 390 390 460 455 455 526 391 391 461 391 391 461 455 455 526 456 456 527 391 391 461 456 456 527 392 392 462 392 392 462 456 456 527 457 457 528 392 392 462 457 457 528 393 393 463 393 393 463 457 457 528 458 458 529 393 393 463 458 458 529 394 394 464 394 394 464 458 458 529 459 459 530 394 394 464 459 459 530 395 395 465 395 395 465 459 459 530 460 460 531 395 395 465 460 460 531 396 396 466 396 396 466 460 460 531 461 461 532 396 396 466 461 461 532 397 397 467 397 397 467 461 461 532 462 462 533 397 397 467 462 462 533 398 398 468 398 398 468 462 462 533 463 463 534 398 398 468 463 463 534 399 399 469 399 399 469 463 463 534 464 464 535 399 399 469 464 464 535 400 400 470 400 400 470 464 464 535 465 465 536 400 400 470 465 465 536 401 401 471 401 401 471 465 465 536 466 466 537 401 401 471 466 466 537 402 402 472 402 402 472 466 466 537 467 467 538 402 402 472 467 467 538 403 403 473 403 403 473 467 467 538 468 468 539 403 403 473 468 468 539 404 404 474 404 404 474 468 468 539 469 469 540 404 404 474 469 469 540 405 405 475 405 405 475 469 469 540 470 470 541 405 405 475 470 470 541 406 406 476 406 406 476 470 470 541 471 471 542 406 406 476 471 471 542 407 407 477 407 407 477 471 471 542 472 472 543 407 407 477 472 472 543 408 408 478 408 408 478 472 472 543 473 473 544 408 408 478 473 473 544 409 409 479 409 409 479 473 473 544 474 474 545 409 409 479 474 474 545 410 410 480 410 410 480 474 474 545 475 475 546 410 410 480 475 475 546 411 411 481 411 411 481 475 475 546 476 476 547 411 411 481 476 476 547 412 412 482 412 412 482 476 476 547 477 477 548 412 412 482 477 477 548 413 413 483 413 413 483 477 477 548 478 478 549 413 413 483 478 478 549 414 414 484 414 414 484 478 478 549 479 479 550 414 414 484 479 479 550 415 415 485 415 415 485 479 479 550 480 480 551 415 415 485 480 480 551 416 416 486 416 416 486 480 480 551 481 481 552 416 416 486 481 481 552 417 417 487 417 417 487 481 481 552 482 482 553 417 417 487 482 482 553 418 418 488 418 418 488 482 482 553 483 483 554 418 418 488 483 483 554 419 419 489 419 419 489 483 483 554 484 484 555 419 419 489 484 484 555 420 420 490 420 420 490 484 484 555 485 485 556 420 420 490 485 485 556 421 421 491 421 421 491 485 485 556 486 486 557 421 421 491 486 486 557 422 422 492 422 422 492 486 486 557 487 487 558 422 422 492 487 487 558 423 423 493 423 423 493 487 487 558 488 488 559 423 423 493 488 488 559 424 424 494 424 424 494 488 488 559 489 489 560 424 424 494 489 489 560 425 425 495 425 425 495 489 489 560 490 490 561 425 425 495 490 490 561 426 426 496 426 426 496 490 490 561 491 491 562 426 426 496 491 491 562 427 427 497 427 427 497 491 491 562 492 492 563 427 427 497 492 492 563 428 428 498 428 428 498 492 492 563 493 493 564 428 428 498 493 493 564 429 429 499 429 429 499 493 493 564 494 494 565 429 429 499 494 494 565 430 430 500 430 430 500 494 494 565 495 495 566 430 430 500 495 495 566 431 431 501 431 431 501 495 495 566 496 496 567 431 431 501 496 496 567 432 432 502 432 432 502 496 496 567 497 497 568 432 432 502 497 497 568 433 433 503 433 433 503 497 497 568 498 498 569 433 433 503 498 498 569 434 434 504 434 434 504 498 498 569 499 499 570 434 434 504 499 499 570 435 435 505 435 435 505 499 499 570 500 500 571 435 435 505 500 500 571 436 436 506 436 436 506 500 500 571 501 501 572 436 436 506 501 501 572 437 437 507 437 437 507 501 501 572 502 502 573 437 437 507 502 502 573 438 438 508 438 438 508 502 502 573 503 503 574 438 438 508 503 503 574 439 439 509 439 439 509 503 503 574 504 504 575 439 439 509 504 504 575 440 440 510 440 440 510 504 504 575 505 505 576 440 440 510 505 505 576 441 441 511 441 441 511 505 505 576 506 506 577 441 441 511 506 506 577 442 442 512 442 442 512 506 506 577 507 507 578 442 442 512 507 507 578 443 443 513 443 443 513 507 507 578 508 508 579 443 443 513 508 508 579 444 444 514 444 444 514 508 508 579 509 509 580 444 444 514 509 509 580 445 445 515 445 445 515 509 509 580 510 510 581 445 445 515 510 510 581 446 446 516 446 446 516 510 510 581 511 511 582 446 446 516 511 511 582 447 447 517 447 447 517 511 511 582 512 512 583 447 447 517 512 512 583 448 448 518 448 448 518 512 512 583 449 449 584 448 448 518 449 449 584 385 385 519 449 449 520 513 513 585 514 514 586 449 449 520 514 514 586 450 450 521 450 450 521 514 514 586 515 515 587 450 450 521 515 515 587 451 451 522 451 451 522 515 515 587 516 516 588 451 451 522 516 516 588 452 452 523 452 452 523 516 516 588 517 517 589 452 452 523 517 517 589 453 453 524 453 453 524 517 517 589 518 518 590 453 453 524 518 518 590 454 454 525 454 454 525 518 518 590 519 519 591 454 454 525 519 519 591 455 455 526 455 455 526 519 519 591 520 520 592 455 455 526 520 520 592 456 456 527 456 456 527 520 520 592 521 521 593 456 456 527 521 521 593 457 457 528 457 457 528 521 521 593 522 522 594 457 457 528 522 522 594 458 458 529 458 458 529 522 522 594 523 523 595 458 458 529 523 523 595 459 459 530 459 459 530 523 523 595 524 524 596 459 459 530 524 524 596 460 460 531 460 460 531 524 524 596 525 525 597 460 460 531 525 525 597 461 461 532 461 461 532 525 525 597 526 526 598 461 461 532 526 526 598 462 462 533 462 462 533 526 526 598 527 527 599 462 462 533 527 527 599 463 463 534 463 463 534 527 527 599 528 528 600 463 463 534 528 528 600 464 464 535 464 464 535 528 528 600 529 529 601 464 464 535 529 529 601 465 465 536 465 465 536 529 529 601 530 530 602 465 465 536 530 530 602 466 466 537 466 466 537 530 530 602 531 531 603 466 466 537 531 531 603 467 467 538 467 467 538 531 531 603 532 532 604 467 467 538 532 532 604 468 468 539 468 468 539 532 532 604 533 533 605 468 468 539 533 533 605 469 469 540 469 469 540 533 533 605 534 534 606 469 469 540 534 534 606 470 470 541 470 470 541 534 534 606 535 535 607 470 470 541 535 535 607 471 471 542 471 471 542 535 535 607 536 536 608 471 471 542 536 536 608 472 472 543 472 472 543 536 536 608 537 537 609 472 472 543 537 537 609 473 473 544 473 473 544 537 537 609 538 538 610 473 473 544 538 538 610 474 474 545 474 474 545 538 538 610 539 539 611 474 474 545 539 539 611 475 475 546 475 475 546 539 539 611 540 540 612 475 475 546 540 540 612 476 476 547 476 476 547 540 540 612 541 541 613 476 476 547 541 541 613 477 477 548 477 477 548 541 541 613 542 542 614 477 477 548 542 542 614 478 478 549 478 478 549 542 542 614 543 543 615 478 478 549 543 543 615 479 479 550 479 479 550 543 543 615 544 544 616 479 479 550 544 544 616 480 480 551 480 480 551 544 544 616 545 545 617 480 480 551 545 545 617 481 481 552 481 481 552 545 545 617 546 546 618 481 481 552 546 546 618 482 482 553 482 482 553 546 546 618 547 547 619 482 482 553 547 547 619 483 483 554 483 483 554 547 547 619 548 548 620 483 483 554 548 548 620 484 484 555 484 484 555 548 548 620 549 549 621 484 484 555 549 549 621 485 485 556 485 485 556 549 549 621 550 550 622 485 485 556 550 550 622 486 486 557 486 486 557 550 550 622 551 551 623 486 486 557 551 551 623 487 487 558 487 487 558 551 551 623 552 552 624 487 487 558 552 552 624 488 488 559 488 488 559 552 552 624 553 553 625 488 488 559 553 553 625 489 489 560 489 489 560 553 553 625 554 554 626 489 489 560 554 554 626 490 490 561 490 490 561 554 554 626 555 555 627 490 490 561 555 555 627 491 491 562 491 491 562 555 555 627 556 556 628 491 491 562 556 556 628 492 492 563 492 492 563 556 556 628 557 557 629 492 492 563 557 557 629 493 493 564 493 493 564 557 557 629 558 558 630 493 493 564 558 558 630 494 494 565 494 494 565 558 558 630 559 559 631 494 494 565 559 559 631 495 495 566 495 495 566 559 559 631 560 560 632 495 495 566 560 560 632 496 496 567 496 496 567 560 560 632 561 561 633 496 496 567 561 561 633 497 497 568 497 497 568 561 561 633 562 562 634 497 497 568 562 562 634 498 498 569 498 498 569 562 562 634 563 563 635 498 498 569 563 563 635 499 499 570 499 499 570 563 563 635 564 564 636 499 499 570 564 564 636 500 500 571 500 500 571 564 564 636 565 565 637 500 500 571 565 565 637 501 501 572 501 501 572 565 565 637 566 566 638 501 501 572 566 566 638 502 502 573 502 502 573 566 566 638 567 567 639 502 502 573 567 567 639 503 503 574 503 503 574 567 567 639 568 568 640 503 503 574 568 568 640 504 504 575 504 504 575 568 568 640 569 569 641 504 504 575 569 569 641 505 505 576 505 505 576 569 569 641 570 570 642 505 505 576 570 570 642 506 506 577 506 506 577 570 570 642 571 571 643 506 506 577 571 571 643 507 507 578 507 507 578 571 571 643 572 572 644 507 507 578 572 572 644 508 508 579 508 508 579 572 572 644 573 573 645 508 508 579 573 573 645 509 509 580 509 509 580 573 573 645 574 574 646 509 509 580 574 574 646 510 510 581 510 510 581 574 574 646 575 575 647 510 510 581 575 575 647 511 511 582 511 511 582 575 575 647 576 576 648 511 511 582 576 576 648 512 512 583 512 512 583 576 576 648 513 513 649 512 512 583 513 513 649 449 449 584 513 513 585 577 577 650 578 578 651 513 513 585 578 578 651 514 514 586 514 514 586 578 578 651 579 579 652 514 514 586 579 579 652 515 515 587 515 515 587 579 579 652 580 580 653 515 515 587 580 580 653 516 516 588 516 516 588 580 580 653 581 581 654 516 516 588 581 581 654 517 517 589 517 517 589 581 581 654 582 582 655 517 517 589 582 582 655 518 518 590 518 518 590 582 582 655 583 583 656 518 518 590 583 583 656 519 519 591 519 519 591 583 583 656 584 584 657 519 519 591 584 584 657 520 520 592 520 520 592 584 584 657 585 585 658 520 520 592 585 585 658 521 521 593 521 521 593 585 585 658 586 586 659 521 521 593 586 586 659 522 522 594 522 522 594 586 586 659 587 587 660 522 522 594 587 587 660 523 523 595 523 523 595 587 587 660 588 588 661 523 523 595 588 588 661 524 524 596 524 524 596 588 588 661 589 589 662 524 524 596 589 589 662 525 525 597 525 525 597 589 589 662 590 590 663 525 525 597 590 590 663 526 526 598 526 526 598 590 590 663 591 591 664 526 526 598 591 591 664 527 527 599 527 527 599 591 591 664 592 592 665 527 527 599 592 592 665 528 528 600 528 528 600 592 592 665 593 593 666 528 528 600 593 593 666 529 529 601 529 529 601 593 593 666 594 594 667 529 529 601 594 594 667 530 530 602 530 530 602 594 594 667 595 595 668 530 530 602 595 595 668 531 531 603 531 531 603 595 595 668 596 596 669 531 531 603 596 596 669 532 532 604 532 532 604 596 596 669 597 597 670 532 532 604 597 597 670 533 533 605 533 533 605 597 597 670 598 598 671 533 533 605 598 598 671 534 534 606 534 534 606 598 598 671 599 599 672 534 534 606 599 599 672 535 535 607 535 535 607 599 599 672 600 600 673 535 535 607 600 600 673 536 536 608 536 536 608 600 600 673 601 601 674 536 536 608 601 601 674 537 537 609 537 537 609 601 601 674 602 602 675 537 537 609 602 602 675 538 538 610 538 538 610 602 602 675 603 603 676 538 538 610 603 603 676 539 539 611 539 539 611 603 603 676 604 604 677 539 539 611 604 604 677 540 540 612 540 540 612 604 604 677 605 605 678 540 540 612 605 605 678 541 541 613 541 541 613 605 605 678 606 606 679 541 541 613 606 606 679 542 542 614 542 542 614 606 606 679 607 607 680 542 542 614 607 607 680 543 543 615 543 543 615 607 607 680 608 608 681 543 543 615 608 608 681 544 544 616 544 544 616 608 608 681 609 609 682 544 544 616 609 609 682 545 545 617 545 545 617 609 609 682 610 610 683 545 545 617 610 610 683 546 546 618 546 546 618 610 610 683 611 611 684 546 546 618 611 611 684 547 547 619 547 547 619 611 611 684 612 612 685 547 547 619 612 612 685 548 548 620 548 548 620 612 612 685 613 613 686 548 548 620 613 613 686 549 549 621 549 549 621 613 613 686 614 614 687 549 549 621 614 614 687 550 550 622 550 550 622 614 614 687 615 615 688 550 550 622 615 615 688 551 551 623 551 551 623 615 615 688 616 616 689 551 551 623 616 616 689 552 552 624 552 552 624 616 616 689 617 617 690 552 552 624 617 617 690 553 553 625 553 553 625 617 617 690 618 618 691 553 553 625 618 618 691 554 554 626 554 554 626 618 618 691 619 619 692 554 554 626 619 619 692 555 555 627 555 555 627 619 619 692 620 620 693 555 555 627 620 620 693 556 556 628 556 556 628 620 620 693 621 621 694 556 556 628 621 621 694 557 557 629 557 557 629 621 621 694 622 622 695 557 557 629 622 622 695 558 558 630 558 558 630 622 622 695 623 623 696 558 558 630 623 623 696 559 559 631 559 559 631 623 623 696 624 624 697 559 559 631 624 624 697 560 560 632 560 560 632 624 624 697 625 625 698 560 560 632 625 625 698 561 561 633 561 561 633 625 625 698 626 626 699 561 561 633 626 626 699 562 562 634 562 562 634 626 626 699 627 627 700 562 562 634 627 627 700 563 563 635 563 563 635 627 627 700 628 628 701 563 563 635 628 628 701 564 564 636 564 564 636 628 628 701 629 629 702 564 564 636 629 629 702 565 565 637 565 565 637 629 629 702 630 630 703 565 565 637 630 630 703 566 566 638 566 566 638 630 630 703 631 631 704 566 566 638 631 631 704 567 567 639 567 567 639 631 631 704 632 632 705 567 567 639 632 632 705 568 568 640 568 568 640 632 632 705 633 633 706 568 568 640 633 633 706 569 569 641 569 569 641 633 633 706 634 634 707 569 569 641 634 634 707 570 570 642 570 570 642 634 634 707 635 635 708 570 570 642 635 635 708 571 571 643 571 571 643 635 635 708 636 636 709 571 571 643 636 636 709 572 572 644 572 572 644 636 636 709 637 637 710 572 572 644 637 637 710 573 573 645 573 573 645 637 637 710 638 638 711 573 573 645 638 638 711 574 574 646 574 574 646 638 638 711 639 639 712 574 574 646 639 639 712 575 575 647 575 575 647 639 639 712 640 640 713 575 575 647 640 640 713 576 576 648 576 576 648 640 640 713 577 577 714 576 576 648 577 577 714 513 513 649 577 577 650 641 641 715 642 642 716 577 577 650 642 642 716 578 578 651 578 578 651 642 642 716 643 643 717 578 578 651 643 643 717 579 579 652 579 579 652 643 643 717 644 644 718 579 579 652 644 644 718 580 580 653 580 580 653 644 644 718 645 645 719 580 580 653 645 645 719 581 581 654 581 581 654 645 645 719 646 646 720 581 581 654 646 646 720 582 582 655 582 582 655 646 646 720 647 647 721 582 582 655 647 647 721 583 583 656 583 583 656 647 647 721 648 648 722 583 583 656 648 648 722 584 584 657 584 584 657 648 648 722 649 649 723 584 584 657 649 649 723 585 585 658 585 585 658 649 649 723 650 650 724 585 585 658 650 650 724 586 586 659 586 586 659 650 650 724 651 651 725 586 586 659 651 651 725 587 587 660 587 587 660 651 651 725 652 652 726 587 587 660 652 652 726 588 588 661 588 588 661 652 652 726 653 653 727 588 588 661 653 653 727 589 589 662 589 589 662 653 653 727 654 654 728 589 589 662 654 654 728 590 590 663 590 590 663 654 654 728 655 655 729 590 590 663 655 655 729 591 591 664 591 591 664 655 655 729 656 656 730 591 591 664 656 656 730 592 592 665 592 592 665 656 656 730 657 657 731 592 592 665 657 657 731 593 593 666 593 593 666 657 657 731 658 658 732 593 593 666 658 658 732 594 594 667 594 594 667 658 658 732 659 659 733 594 594 667 659 659 733 595 595 668 595 595 668 659 659 733 660 660 734 595 595 668 660 660 734 596 596 669 596 596 669 660 660 734 661 661 735 596 596 669 661 661 735 597 597 670 597 597 670 661 661 735 662 662 736 597 597 670 662 662 736 598 598 671 598 598 671 662 662 736 663 663 737 598 598 671 663 663 737 599 599 672 599 599 672 663 663 737 664 664 738 599 599 672 664 664 738 600 600 673 600 600 673 664 664 738 665 665 739 600 600 673 665 665 739 601 601 674 601 601 674 665 665 739 666 666 740 601 601 674 666 666 740 602 602 675 602 602 675 666 666 740 667 667 741 602 602 675 667 667 741 603 603 676 603 603 676 667 667 741 668 668 742 603 603 676 668 668 742 604 604 677 604 604 677 668 668 742 669 669 743 604 604 677 669 669 743 605 605 678 605 605 678 669 669 743 670 670 744 605 605 678 670 670 744 606 606 679 606 606 679 670 670 744 671 671 745 606 606 679 671 671 745 607 607 680 607 607 680 671 671 745 672 672 746 607 607 680 672 672 746 608 608 681 608 608 681 672 672 746 673 673 747 608 608 681 673 673 747 609 609 682 609 609 682 673 673 747 674 674 748 609 609 682 674 674 748 610 610 683 610 610 683 674 674 748 675 675 749 610 610 683 675 675 749 611 611 684 611 611 684 675 675 749 676 676 750 611 611 684 676 676 750 612 612 685 612 612 685 676 676 750 677 677 751 612 612 685 677 677 751 613 613 686 613 613 686 677 677 751 678 678 752 613 613 686 678 678 752 614 614 687 614 614 687 678 678 752 679 679 753 614 614 687 679 679 753 615 615 688 615 615 688 679 679 753 680 680 754 615 615 688 680 680 754 616 616 689 616 616 689 680 680 754 681 681 755 616 616 689 681 681 755 617 617 690 617 617 690 681 681 755 682 682 756 617 617 690 682 682 756 618 618 691 618 618 691 682 682 756 683 683 757 618 618 691 683 683 757 619 619 692 619 619 692 683 683 757 684 684 758 619 619 692 684 684 758 620 620 693 620 620 693 684 684 758 685 685 759 620 620 693 685 685 759 621 621 694 621 621 694 685 685 759 686 686 760 621 621 694 686 686 760 622 622 695 622 622 695 686 686 760 687 687 761 622 622 695 687 687 761 623 623 696 623 623 696 687 687 761 688 688 762 623 623 696 688 688 762 624 624 697 624 624 697 688 688 762 689 689 763 624 624 697 689 689 763 625 625 698 625 625 698 689 689 763 690 690 764 625 625 698 690 690 764 626 626 699 626 626 699 690 690 764 691 691 765 626 626 699 691 691 765 627 627 700 627 627 700 691 691 765 692 692 766 627 627 700 692 692 766 628 628 701 628 628 701 692 692 766 693 693 767 628 628 701 693 693 767 629 629 702 629 629 702 693 693 767 694 694 768 629 629 702 694 694 768 630 630 703 630 630 703 694 694 768 695 695 769 630 630 703 695 695 769 631 631 704 631 631 704 695 695 769 696 696 770 631 631 704 696 696 770 632 632 705 632 632 705 696 696 770 697 697 771 632 632 705 697 697 771 633 633 706 633 633 706 697 697 771 698 698 772 633 633 706 698 698 772 634 634 707 634 634 707 698 698 772 699 699 773 634 634 707 699 699 773 635 635 708 635 635 708 699 699 773 700 700 774 635 635 708 700 700 774 636 636 709 636 636 709 700 700 774 701 701 775 636 636 709 701 701 775 637 637 710 637 637 710 701 701 775 702 702 776 637 637 710 702 702 776 638 638 711 638 638 711 702 702 776 703 703 777 638 638 711 703 703 777 639 639 712 639 639 712 703 703 777 704 704 778 639 639 712 704 704 778 640 640 713 640 640 713 704 704 778 641 641 779 640 640 713 641 641 779 577 577 714 641 641 715 705 705 780 706 706 781 641 641 715 706 706 781 642 642 716 642 642 716 706 706 781 707 707 782 642 642 716 707 707 782 643 643 717 643 643 717 707 707 782 708 708 783 643 643 717 708 708 783 644 644 718 644 644 718 708 708 783 709 709 784 644 644 718 709 709 784 645 645 719 645 645 719 709 709 784 710 710 785 645 645 719 710 710 785 646 646 720 646 646 720 710 710 785 711 711 786 646 646 720 711 711 786 647 647 721 647 647 721 711 711 786 712 712 787 647 647 721 712 712 787 648 648 722 648 648 722 712 712 787 713 713 788 648 648 722 713 713 788 649 649 723 649 649 723 713 713 788 714 714 789 649 649 723 714 714 789 650 650 724 650 650 724 714 714 789 715 715 790 650 650 724 715 715 790 651 651 725 651 651 725 715 715 790 716 716 791 651 651 725 716 716 791 652 652 726 652 652 726 716 716 791 717 717 792 652 652 726 717 717 792 653 653 727 653 653 727 717 717 792 718 718 793 653 653 727 718 718 793 654 654 728 654 654 728 718 718 793 719 719 794 654 654 728 719 719 794 655 655 729 655 655 729 719 719 794 720 720 795 655 655 729 720 720 795 656 656 730 656 656 730 720 720 795 721 721 796 656 656 730 721 721 796 657 657 731 657 657 731 721 721 796 722 722 797 657 657 731 722 722 797 658 658 732 658 658 732 722 722 797 723 723 798 658 658 732 723 723 798 659 659 733 659 659 733 723 723 798 724 724 799 659 659 733 724 724 799 660 660 734 660 660 734 724 724 799 725 725 800 660 660 734 725 725 800 661 661 735 661 661 735 725 725 800 726 726 801 661 661 735 726 726 801 662 662 736 662 662 736 726 726 801 727 727 802 662 662 736 727 727 802 663 663 737 663 663 737 727 727 802 728 728 803 663 663 737 728 728 803 664 664 738 664 664 738 728 728 803 729 729 804 664 664 738 729 729 804 665 665 739 665 665 739 729 729 804 730 730 805 665 665 739 730 730 805 666 666 740 666 666 740 730 730 805 731 731 806 666 666 740 731 731 806 667 667 741 667 667 741 731 731 806 732 732 807 667 667 741 732 732 807 668 668 742 668 668 742 732 732 807 733 733 808 668 668 742 733 733 808 669 669 743 669 669 743 733 733 808 734 734 809 669 669 743 734 734 809 670 670 744 670 670 744 734 734 809 735 735 810 670 670 744 735 735 810 671 671 745 671 671 745 735 735 810 736 736 811 671 671 745 736 736 811 672 672 746 672 672 746 736 736 811 737 737 812 672 672 746 737 737 812 673 673 747 673 673 747 737 737 812 738 738 813 673 673 747 738 738 813 674 674 748 674 674 748 738 738 813 739 739 814 674 674 748 739 739 814 675 675 749 675 675 749 739 739 814 740 740 815 675 675 749 740 740 815 676 676 750 676 676 750 740 740 815 741 741 816 676 676 750 741 741 816 677 677 751 677 677 751 741 741 816 742 742 817 677 677 751 742 742 817 678 678 752 678 678 752 742 742 817 743 743 818 678 678 752 743 743 818 679 679 753 679 679 753 743 743 818 744 744 819 679 679 753 744 744 819 680 680 754 680 680 754 744 744 819 745 745 820 680 680 754 745 745 820 681 681 755 681 681 755 745 745 820 746 746 821 681 681 755 746 746 821 682 682 756 682 682 756 746 746 821 747 747 822 682 682 756 747 747 822 683 683 757 683 683 757 747 747 822 748 748 823 683 683 757 748 748 823 684 684 758 684 684 758 748 748 823 749 749 824 684 684 758 749 749 824 685 685 759 685 685 759 749 749 824 750 750 825 685 685 759 750 750 825 686 686 760 686 686 760 750 750 825 751 751 826 686 686 760 751 751 826 687 687 761 687 687 761 751 751 826 752 752 827 687 687 761 752 752 827 688 688 762 688 688 762 752 752 827 753 753 828 688 688 762 753 753 828 689 689 763 689 689 763 753 753 828 754 754 829 689 689 763 754 754 829 690 690 764 690 690 764 754 754 829 755 755 830 690 690 764 755 755 830 691 691 765 691 691 765 755 755 830 756 756 831 691 691 765 756 756 831 692 692 766 692 692 766 756 756 831 757 757 832 692 692 766 757 757 832 693 693 767 693 693 767 757 757 832 758 758 833 693 693 767 758 758 833 694 694 768 694 694 768 758 758 833 759 759 834 694 694 768 759 759 834 695 695 769 695 695 769 759 759 834 760 760 835 695 695 769 760 760 835 696 696 770 696 696 770 760 760 835 761 761 836 696 696 770 761 761 836 697 697 771 697 697 771 761 761 836 762 762 837 697 697 771 762 762 837 698 698 772 698 698 772 762 762 837 763 763 838 698 698 772 763 763 838 699 699 773 699 699 773 763 763 838 764 764 839 699 699 773 764 764 839 700 700 774 700 700 774 764 764 839 765 765 840 700 700 774 765 765 840 701 701 775 701 701 775 765 765 840 766 766 841 701 701 775 766 766 841 702 702 776 702 702 776 766 766 841 767 767 842 702 702 776 767 767 842 703 703 777 703 703 777 767 767 842 768 768 843 703 703 777 768 768 843 704 704 778 704 704 778 768 768 843 705 705 844 704 704 778 705 705 844 641 641 779 705 705 780 769 769 845 770 770 846 705 705 780 770 770 846 706 706 781 706 706 781 770 770 846 771 771 847 706 706 781 771 771 847 707 707 782 707 707 782 771 771 847 772 772 848 707 707 782 772 772 848 708 708 783 708 708 783 772 772 848 773 773 849 708 708 783 773 773 849 709 709 784 709 709 784 773 773 849 774 774 850 709 709 784 774 774 850 710 710 785 710 710 785 774 774 850 775 775 851 710 710 785 775 775 851 711 711 786 711 711 786 775 775 851 776 776 852 711 711 786 776 776 852 712 712 787 712 712 787 776 776 852 777 777 853 712 712 787 777 777 853 713 713 788 713 713 788 777 777 853 778 778 854 713 713 788 778 778 854 714 714 789 714 714 789 778 778 854 779 779 855 714 714 789 779 779 855 715 715 790 715 715 790 779 779 855 780 780 856 715 715 790 780 780 856 716 716 791 716 716 791 780 780 856 781 781 857 716 716 791 781 781 857 717 717 792 717 717 792 781 781 857 782 782 858 717 717 792 782 782 858 718 718 793 718 718 793 782 782 858 783 783 859 718 718 793 783 783 859 719 719 794 719 719 794 783 783 859 784 784 860 719 719 794 784 784 860 720 720 795 720 720 795 784 784 860 785 785 861 720 720 795 785 785 861 721 721 796 721 721 796 785 785 861 786 786 862 721 721 796 786 786 862 722 722 797 722 722 797 786 786 862 787 787 863 722 722 797 787 787 863 723 723 798 723 723 798 787 787 863 788 788 864 723 723 798 788 788 864 724 724 799 724 724 799 788 788 864 789 789 865 724 724 799 789 789 865 725 725 800 725 725 800 789 789 865 790 790 866 725 725 800 790 790 866 726 726 801 726 726 801 790 790 866 791 791 867 726 726 801 791 791 867 727 727 802 727 727 802 791 791 867 792 792 868 727 727 802 792 792 868 728 728 803 728 728 803 792 792 868 793 793 869 728 728 803 793 793 869 729 729 804 729 729 804 793 793 869 794 794 870 729 729 804 794 794 870 730 730 805 730 730 805 794 794 870 795 795 871 730 730 805 795 795 871 731 731 806 731 731 806 795 795 871 796 796 872 731 731 806 796 796 872 732 732 807 732 732 807 796 796 872 797 797 873 732 732 807 797 797 873 733 733 808 733 733 808 797 797 873 798 798 874 733 733 808 798 798 874 734 734 809 734 734 809 798 798 874 799 799 875 734 734 809 799 799 875 735 735 810 735 735 810 799 799 875 800 800 876 735 735 810 800 800 876 736 736 811 736 736 811 800 800 876 801 801 877 736 736 811 801 801 877 737 737 812 737 737 812 801 801 877 802 802 878 737 737 812 802 802 878 738 738 813 738 738 813 802 802 878 803 803 879 738 738 813 803 803 879 739 739 814 739 739 814 803 803 879 804 804 880 739 739 814 804 804 880 740 740 815 740 740 815 804 804 880 805 805 881 740 740 815 805 805 881 741 741 816 741 741 816 805 805 881 806 806 882 741 741 816 806 806 882 742 742 817 742 742 817 806 806 882 807 807 883 742 742 817 807 807 883 743 743 818 743 743 818 807 807 883 808 808 884 743 743 818 808 808 884 744 744 819 744 744 819 808 808 884 809 809 885 744 744 819 809 809 885 745 745 820 745 745 820 809 809 885 810 810 886 745 745 820 810 810 886 746 746 821 746 746 821 810 810 886 811 811 887 746 746 821 811 811 887 747 747 822 747 747 822 811 811 887 812 812 888 747 747 822 812 812 888 748 748 823 748 748 823 812 812 888 813 813 889 748 748 823 813 813 889 749 749 824 749 749 824 813 813 889 814 814 890 749 749 824 814 814 890 750 750 825 750 750 825 814 814 890 815 815 891 750 750 825 815 815 891 751 751 826 751 751 826 815 815 891 816 816 892 751 751 826 816 816 892 752 752 827 752 752 827 816 816 892 817 817 893 752 752 827 817 817 893 753 753 828 753 753 828 817 817 893 818 818 894 753 753 828 818 818 894 754 754 829 754 754 829 818 818 894 819 819 895 754 754 829 819 819 895 755 755 830 755 755 830 819 819 895 820 820 896 755 755 830 820 820 896 756 756 831 756 756 831 820 820 896 821 821 897 756 756 831 821 821 897 757 757 832 757 757 832 821 821 897 822 822 898 757 757 832 822 822 898 758 758 833 758 758 833 822 822 898 823 823 899 758 758 833 823 823 899 759 759 834 759 759 834 823 823 899 824 824 900 759 759 834 824 824 900 760 760 835 760 760 835 824 824 900 825 825 901 760 760 835 825 825 901 761 761 836 761 761 836 825 825 901 826 826 902 761 761 836 826 826 902 762 762 837 762 762 837 826 826 902 827 827 903 762 762 837 827 827 903 763 763 838 763 763 838 827 827 903 828 828 904 763 763 838 828 828 904 764 764 839 764 764 839 828 828 904 829 829 905 764 764 839 829 829 905 765 765 840 765 765 840 829 829 905 830 830 906 765 765 840 830 830 906 766 766 841 766 766 841 830 830 906 831 831 907 766 766 841 831 831 907 767 767 842 767 767 842 831 831 907 832 832 908 767 767 842 832 832 908 768 768 843 768 768 843 832 832 908 769 769 909 768 768 843 769 769 909 705 705 844 769 769 845 833 833 910 834 834 911 769 769 845 834 834 911 770 770 846 770 770 846 834 834 911 835 835 912 770 770 846 835 835 912 771 771 847 771 771 847 835 835 912 836 836 913 771 771 847 836 836 913 772 772 848 772 772 848 836 836 913 837 837 914 772 772 848 837 837 914 773 773 849 773 773 849 837 837 914 838 838 915 773 773 849 838 838 915 774 774 850 774 774 850 838 838 915 839 839 916 774 774 850 839 839 916 775 775 851 775 775 851 839 839 916 840 840 917 775 775 851 840 840 917 776 776 852 776 776 852 840 840 917 841 841 918 776 776 852 841 841 918 777 777 853 777 777 853 841 841 918 842 842 919 777 777 853 842 842 919 778 778 854 778 778 854 842 842 919 843 843 920 778 778 854 843 843 920 779 779 855 779 779 855 843 843 920 844 844 921 779 779 855 844 844 921 780 780 856 780 780 856 844 844 921 845 845 922 780 780 856 845 845 922 781 781 857 781 781 857 845 845 922 846 846 923 781 781 857 846 846 923 782 782 858 782 782 858 846 846 923 847 847 924 782 782 858 847 847 924 783 783 859 783 783 859 847 847 924 848 848 925 783 783 859 848 848 925 784 784 860 784 784 860 848 848 925 849 849 926 784 784 860 849 849 926 785 785 861 785 785 861 849 849 926 850 850 927 785 785 861 850 850 927 786 786 862 786 786 862 850 850 927 851 851 928 786 786 862 851 851 928 787 787 863 787 787 863 851 851 928 852 852 929 787 787 863 852 852 929 788 788 864 788 788 864 852 852 929 853 853 930 788 788 864 853 853 930 789 789 865 789 789 865 853 853 930 854 854 931 789 789 865 854 854 931 790 790 866 790 790 866 854 854 931 855 855 932 790 790 866 855 855 932 791 791 867 791 791 867 855 855 932 856 856 933 791 791 867 856 856 933 792 792 868 792 792 868 856 856 933 857 857 934 792 792 868 857 857 934 793 793 869 793 793 869 857 857 934 858 858 935 793 793 869 858 858 935 794 794 870 794 794 870 858 858 935 859 859 936 794 794 870 859 859 936 795 795 871 795 795 871 859 859 936 860 860 937 795 795 871 860 860 937 796 796 872 796 796 872 860 860 937 861 861 938 796 796 872 861 861 938 797 797 873 797 797 873 861 861 938 862 862 939 797 797 873 862 862 939 798 798 874 798 798 874 862 862 939 863 863 940 798 798 874 863 863 940 799 799 875 799 799 875 863 863 940 864 864 941 799 799 875 864 864 941 800 800 876 800 800 876 864 864 941 865 865 942 800 800 876 865 865 942 801 801 877 801 801 877 865 865 942 866 866 943 801 801 877 866 866 943 802 802 878 802 802 878 866 866 943 867 867 944 802 802 878 867 867 944 803 803 879 803 803 879 867 867 944 868 868 945 803 803 879 868 868 945 804 804 880 804 804 880 868 868 945 869 869 946 804 804 880 869 869 946 805 805 881 805 805 881 869 869 946 870 870 947 805 805 881 870 870 947 806 806 882 806 806 882 870 870 947 871 871 948 806 806 882 871 871 948 807 807 883 807 807 883 871 871 948 872 872 949 807 807 883 872 872 949 808 808 884 808 808 884 872 872 949 873 873 950 808 808 884 873 873 950 809 809 885 809 809 885 873 873 950 874 874 951 809 809 885 874 874 951 810 810 886 810 810 886 874 874 951 875 875 952 810 810 886 875 875 952 811 811 887 811 811 887 875 875 952 876 876 953 811 811 887 876 876 953 812 812 888 812 812 888 876 876 953 877 877 954 812 812 888 877 877 954 813 813 889 813 813 889 877 877 954 878 878 955 813 813 889 878 878 955 814 814 890 814 814 890 878 878 955 879 879 956 814 814 890 879 879 956 815 815 891 815 815 891 879 879 956 880 880 957 815 815 891 880 880 957 816 816 892 816 816 892 880 880 957 881 881 958 816 816 892 881 881 958 817 817 893 817 817 893 881 881 958 882 882 959 817 817 893 882 882 959 818 818 894 818 818 894 882 882 959 883 883 960 818 818 894 883 883 960 819 819 895 819 819 895 883 883 960 884 884 961 819 819 895 884 884 961 820 820 896 820 820 896 884 884 961 885 885 962 820 820 896 885 885 962 821 821 897 821 821 897 885 885 962 886 886 963 821 821 897 886 886 963 822 822 898 822 822 898 886 886 963 887 887 964 822 822 898 887 887 964 823 823 899 823 823 899 887 887 964 888 888 965 823 823 899 888 888 965 824 824 900 824 824 900 888 888 965 889 889 966 824 824 900 889 889 966 825 825 901 825 825 901 889 889 966 890 890 967 825 825 901 890 890 967 826 826 902 826 826 902 890 890 967 891 891 968 826 826 902 891 891 968 827 827 903 827 827 903 891 891 968 892 892 969 827 827 903 892 892 969 828 828 904 828 828 904 892 892 969 893 893 970 828 828 904 893 893 970 829 829 905 829 829 905 893 893 970 894 894 971 829 829 905 894 894 971 830 830 906 830 830 906 894 894 971 895 895 972 830 830 906 895 895 972 831 831 907 831 831 907 895 895 972 896 896 973 831 831 907 896 896 973 832 832 908 832 832 908 896 896 973 833 833 974 832 832 908 833 833 974 769 769 909 833 833 910 897 897 975 898 898 976 833 833 910 898 898 976 834 834 911 834 834 911 898 898 976 899 899 977 834 834 911 899 899 977 835 835 912 835 835 912 899 899 977 900 900 978 835 835 912 900 900 978 836 836 913 836 836 913 900 900 978 901 901 979 836 836 913 901 901 979 837 837 914 837 837 914 901 901 979 902 902 980 837 837 914 902 902 980 838 838 915 838 838 915 902 902 980 903 903 981 838 838 915 903 903 981 839 839 916 839 839 916 903 903 981 904 904 982 839 839 916 904 904 982 840 840 917 840 840 917 904 904 982 905 905 983 840 840 917 905 905 983 841 841 918 841 841 918 905 905 983 906 906 984 841 841 918 906 906 984 842 842 919 842 842 919 906 906 984 907 907 985 842 842 919 907 907 985 843 843 920 843 843 920 907 907 985 908 908 986 843 843 920 908 908 986 844 844 921 844 844 921 908 908 986 909 909 987 844 844 921 909 909 987 845 845 922 845 845 922 909 909 987 910 910 988 845 845 922 910 910 988 846 846 923 846 846 923 910 910 988 911 911 989 846 846 923 911 911 989 847 847 924 847 847 924 911 911 989 912 912 990 847 847 924 912 912 990 848 848 925 848 848 925 912 912 990 913 913 991 848 848 925 913 913 991 849 849 926 849 849 926 913 913 991 914 914 992 849 849 926 914 914 992 850 850 927 850 850 927 914 914 992 915 915 993 850 850 927 915 915 993 851 851 928 851 851 928 915 915 993 916 916 994 851 851 928 916 916 994 852 852 929 852 852 929 916 916 994 917 917 995 852 852 929 917 917 995 853 853 930 853 853 930 917 917 995 918 918 996 853 853 930 918 918 996 854 854 931 854 854 931 918 918 996 919 919 997 854 854 931 919 919 997 855 855 932 855 855 932 919 919 997 920 920 998 855 855 932 920 920 998 856 856 933 856 856 933 920 920 998 921 921 999 856 856 933 921 921 999 857 857 934 857 857 934 921 921 999 922 922 1000 857 857 934 922 922 1000 858 858 935 858 858 935 922 922 1000 923 923 1001 858 858 935 923 923 1001 859 859 936 859 859 936 923 923 1001 924 924 1002 859 859 936 924 924 1002 860 860 937 860 860 937 924 924 1002 925 925 1003 860 860 937 925 925 1003 861 861 938 861 861 938 925 925 1003 926 926 1004 861 861 938 926 926 1004 862 862 939 862 862 939 926 926 1004 927 927 1005 862 862 939 927 927 1005 863 863 940 863 863 940 927 927 1005 928 928 1006 863 863 940 928 928 1006 864 864 941 864 864 941 928 928 1006 929 929 1007 864 864 941 929 929 1007 865 865 942 865 865 942 929 929 1007 930 930 1008 865 865 942 930 930 1008 866 866 943 866 866 943 930 930 1008 931 931 1009 866 866 943 931 931 1009 867 867 944 867 867 944 931 931 1009 932 932 1010 867 867 944 932 932 1010 868 868 945 868 868 945 932 932 1010 933 933 1011 868 868 945 933 933 1011 869 869 946 869 869 946 933 933 1011 934 934 1012 869 869 946 934 934 1012 870 870 947 870 870 947 934 934 1012 935 935 1013 870 870 947 935 935 1013 871 871 948 871 871 948 935 935 1013 936 936 1014 871 871 948 936 936 1014 872 872 949 872 872 949 936 936 1014 937 937 1015 872 872 949 937 937 1015 873 873 950 873 873 950 937 937 1015 938 938 1016 873 873 950 938 938 1016 874 874 951 874 874 951 938 938 1016 939 939 1017 874 874 951 939 939 1017 875 875 952 875 875 952 939 939 1017 940 940 1018 875 875 952 940 940 1018 876 876 953 876 876 953 940 940 1018 941 941 1019 876 876 953 941 941 1019 877 877 954 877 877 954 941 941 1019 942 942 1020 877 877 954 942 942 1020 878 878 955 878 878 955 942 942 1020 943 943 1021 878 878 955 943 943 1021 879 879 956 879 879 956 943 943 1021 944 944 1022 879 879 956 944 944 1022 880 880 957 880 880 957 944 944 1022 945 945 1023 880 880 957 945 945 1023 881 881 958 881 881 958 945 945 1023 946 946 1024 881 881 958 946 946 1024 882 882 959 882 882 959 946 946 1024 947 947 1025 882 882 959 947 947 1025 883 883 960 883 883 960 947 947 1025 948 948 1026 883 883 960 948 948 1026 884 884 961 884 884 961 948 948 1026 949 949 1027 884 884 961 949 949 1027 885 885 962 885 885 962 949 949 1027 950 950 1028 885 885 962 950 950 1028 886 886 963 886 886 963 950 950 1028 951 951 1029 886 886 963 951 951 1029 887 887 964 887 887 964 951 951 1029 952 952 1030 887 887 964 952 952 1030 888 888 965 888 888 965 952 952 1030 953 953 1031 888 888 965 953 953 1031 889 889 966 889 889 966 953 953 1031 954 954 1032 889 889 966 954 954 1032 890 890 967 890 890 967 954 954 1032 955 955 1033 890 890 967 955 955 1033 891 891 968 891 891 968 955 955 1033 956 956 1034 891 891 968 956 956 1034 892 892 969 892 892 969 956 956 1034 957 957 1035 892 892 969 957 957 1035 893 893 970 893 893 970 957 957 1035 958 958 1036 893 893 970 958 958 1036 894 894 971 894 894 971 958 958 1036 959 959 1037 894 894 971 959 959 1037 895 895 972 895 895 972 959 959 1037 960 960 1038 895 895 972 960 960 1038 896 896 973 896 896 973 960 960 1038 897 897 1039 896 896 973 897 897 1039 833 833 974 897 897 975 961 961 1040 962 962 1041 897 897 975 962 962 1041 898 898 976 898 898 976 962 962 1041 963 963 1042 898 898 976 963 963 1042 899 899 977 899 899 977 963 963 1042 964 964 1043 899 899 977 964 964 1043 900 900 978 900 900 978 964 964 1043 965 965 1044 900 900 978 965 965 1044 901 901 979 901 901 979 965 965 1044 966 966 1045 901 901 979 966 966 1045 902 902 980 902 902 980 966 966 1045 967 967 1046 902 902 980 967 967 1046 903 903 981 903 903 981 967 967 1046 968 968 1047 903 903 981 968 968 1047 904 904 982 904 904 982 968 968 1047 969 969 1048 904 904 982 969 969 1048 905 905 983 905 905 983 969 969 1048 970 970 1049 905 905 983 970 970 1049 906 906 984 906 906 984 970 970 1049 971 971 1050 906 906 984 971 971 1050 907 907 985 907 907 985 971 971 1050 972 972 1051 907 907 985 972 972 1051 908 908 986 908 908 986 972 972 1051 973 973 1052 908 908 986 973 973 1052 909 909 987 909 909 987 973 973 1052 974 974 1053 909 909 987 974 974 1053 910 910 988 910 910 988 974 974 1053 975 975 1054 910 910 988 975 975 1054 911 911 989 911 911 989 975 975 1054 976 976 1055 911 911 989 976 976 1055 912 912 990 912 912 990 976 976 1055 977 977 1056 912 912 990 977 977 1056 913 913 991 913 913 991 977 977 1056 978 978 1057 913 913 991 978 978 1057 914 914 992 914 914 992 978 978 1057 979 979 1058 914 914 992 979 979 1058 915 915 993 915 915 993 979 979 1058 980 980 1059 915 915 993 980 980 1059 916 916 994 916 916 994 980 980 1059 981 981 1060 916 916 994 981 981 1060 917 917 995 917 917 995 981 981 1060 982 982 1061 917 917 995 982 982 1061 918 918 996 918 918 996 982 982 1061 983 983 1062 918 918 996 983 983 1062 919 919 997 919 919 997 983 983 1062 984 984 1063 919 919 997 984 984 1063 920 920 998 920 920 998 984 984 1063 985 985 1064 920 920 998 985 985 1064 921 921 999 921 921 999 985 985 1064 986 986 1065 921 921 999 986 986 1065 922 922 1000 922 922 1000 986 986 1065 987 987 1066 922 922 1000 987 987 1066 923 923 1001 923 923 1001 987 987 1066 988 988 1067 923 923 1001 988 988 1067 924 924 1002 924 924 1002 988 988 1067 989 989 1068 924 924 1002 989 989 1068 925 925 1003 925 925 1003 989 989 1068 990 990 1069 925 925 1003 990 990 1069 926 926 1004 926 926 1004 990 990 1069 991 991 1070 926 926 1004 991 991 1070 927 927 1005 927 927 1005 991 991 1070 992 992 1071 927 927 1005 992 992 1071 928 928 1006 928 928 1006 992 992 1071 993 993 1072 928 928 1006 993 993 1072 929 929 1007 929 929 1007 993 993 1072 994 994 1073 929 929 1007 994 994 1073 930 930 1008 930 930 1008 994 994 1073 995 995 1074 930 930 1008 995 995 1074 931 931 1009 931 931 1009 995 995 1074 996 996 1075 931 931 1009 996 996 1075 932 932 1010 932 932 1010 996 996 1075 997 997 1076 932 932 1010 997 997 1076 933 933 1011 933 933 1011 997 997 1076 998 998 1077 933 933 1011 998 998 1077 934 934 1012 934 934 1012 998 998 1077 999 999 1078 934 934 1012 999 999 1078 935 935 1013 935 935 1013 999 999 1078 1000 1000 1079 935 935 1013 1000 1000 1079 936 936 1014 936 936 1014 1000 1000 1079 1001 1001 1080 936 936 1014 1001 1001 1080 937 937 1015 937 937 1015 1001 1001 1080 1002 1002 1081 937 937 1015 1002 1002 1081 938 938 1016 938 938 1016 1002 1002 1081 1003 1003 1082 938 938 1016 1003 1003 1082 939 939 1017 939 939 1017 1003 1003 1082 1004 1004 1083 939 939 1017 1004 1004 1083 940 940 1018 940 940 1018 1004 1004 1083 1005 1005 1084 940 940 1018 1005 1005 1084 941 941 1019 941 941 1019 1005 1005 1084 1006 1006 1085 941 941 1019 1006 1006 1085 942 942 1020 942 942 1020 1006 1006 1085 1007 1007 1086 942 942 1020 1007 1007 1086 943 943 1021 943 943 1021 1007 1007 1086 1008 1008 1087 943 943 1021 1008 1008 1087 944 944 1022 944 944 1022 1008 1008 1087 1009 1009 1088 944 944 1022 1009 1009 1088 945 945 1023 945 945 1023 1009 1009 1088 1010 1010 1089 945 945 1023 1010 1010 1089 946 946 1024 946 946 1024 1010 1010 1089 1011 1011 1090 946 946 1024 1011 1011 1090 947 947 1025 947 947 1025 1011 1011 1090 1012 1012 1091 947 947 1025 1012 1012 1091 948 948 1026 948 948 1026 1012 1012 1091 1013 1013 1092 948 948 1026 1013 1013 1092 949 949 1027 949 949 1027 1013 1013 1092 1014 1014 1093 949 949 1027 1014 1014 1093 950 950 1028 950 950 1028 1014 1014 1093 1015 1015 1094 950 950 1028 1015 1015 1094 951 951 1029 951 951 1029 1015 1015 1094 1016 1016 1095 951 951 1029 1016 1016 1095 952 952 1030 952 952 1030 1016 1016 1095 1017 1017 1096 952 952 1030 1017 1017 1096 953 953 1031 953 953 1031 1017 1017 1096 1018 1018 1097 953 953 1031 1018 1018 1097 954 954 1032 954 954 1032 1018 1018 1097 1019 1019 1098 954 954 1032 1019 1019 1098 955 955 1033 955 955 1033 1019 1019 1098 1020 1020 1099 955 955 1033 1020 1020 1099 956 956 1034 956 956 1034 1020 1020 1099 1021 1021 1100 956 956 1034 1021 1021 1100 957 957 1035 957 957 1035 1021 1021 1100 1022 1022 1101 957 957 1035 1022 1022 1101 958 958 1036 958 958 1036 1022 1022 1101 1023 1023 1102 958 958 1036 1023 1023 1102 959 959 1037 959 959 1037 1023 1023 1102 1024 1024 1103 959 959 1037 1024 1024 1103 960 960 1038 960 960 1038 1024 1024 1103 961 961 1104 960 960 1038 961 961 1104 897 897 1039 961 961 1040 1025 1025 1105 1026 1026 1106 961 961 1040 1026 1026 1106 962 962 1041 962 962 1041 1026 1026 1106 1027 1027 1107 962 962 1041 1027 1027 1107 963 963 1042 963 963 1042 1027 1027 1107 1028 1028 1108 963 963 1042 1028 1028 1108 964 964 1043 964 964 1043 1028 1028 1108 1029 1029 1109 964 964 1043 1029 1029 1109 965 965 1044 965 965 1044 1029 1029 1109 1030 1030 1110 965 965 1044 1030 1030 1110 966 966 1045 966 966 1045 1030 1030 1110 1031 1031 1111 966 966 1045 1031 1031 1111 967 967 1046 967 967 1046 1031 1031 1111 1032 1032 1112 967 967 1046 1032 1032 1112 968 968 1047 968 968 1047 1032 1032 1112 1033 1033 1113 968 968 1047 1033 1033 1113 969 969 1048 969 969 1048 1033 1033 1113 1034 1034 1114 969 969 1048 1034 1034 1114 970 970 1049 970 970 1049 1034 1034 1114 1035 1035 1115 970 970 1049 1035 1035 1115 971 971 1050 971 971 1050 1035 1035 1115 1036 1036 1116 971 971 1050 1036 1036 1116 972 972 1051 972 972 1051 1036 1036 1116 1037 1037 1117 972 972 1051 1037 1037 1117 973 973 1052 973 973 1052 1037 1037 1117 1038 1038 1118 973 973 1052 1038 1038 1118 974 974 1053 974 974 1053 1038 1038 1118 1039 1039 1119 974 974 1053 1039 1039 1119 975 975 1054 975 975 1054 1039 1039 1119 1040 1040 1120 975 975 1054 1040 1040 1120 976 976 1055 976 976 1055 1040 1040 1120 1041 1041 1121 976 976 1055 1041 1041 1121 977 977 1056 977 977 1056 1041 1041 1121 1042 1042 1122 977 977 1056 1042 1042 1122 978 978 1057 978 978 1057 1042 1042 1122 1043 1043 1123 978 978 1057 1043 1043 1123 979 979 1058 979 979 1058 1043 1043 1123 1044 1044 1124 979 979 1058 1044 1044 1124 980 980 1059 980 980 1059 1044 1044 1124 1045 1045 1125 980 980 1059 1045 1045 1125 981 981 1060 981 981 1060 1045 1045 1125 1046 1046 1126 981 981 1060 1046 1046 1126 982 982 1061 982 982 1061 1046 1046 1126 1047 1047 1127 982 982 1061 1047 1047 1127 983 983 1062 983 983 1062 1047 1047 1127 1048 1048 1128 983 983 1062 1048 1048 1128 984 984 1063 984 984 1063 1048 1048 1128 1049 1049 1129 984 984 1063 1049 1049 1129 985 985 1064 985 985 1064 1049 1049 1129 1050 1050 1130 985 985 1064 1050 1050 1130 986 986 1065 986 986 1065 1050 1050 1130 1051 1051 1131 986 986 1065 1051 1051 1131 987 987 1066 987 987 1066 1051 1051 1131 1052 1052 1132 987 987 1066 1052 1052 1132 988 988 1067 988 988 1067 1052 1052 1132 1053 1053 1133 988 988 1067 1053 1053 1133 989 989 1068 989 989 1068 1053 1053 1133 1054 1054 1134 989 989 1068 1054 1054 1134 990 990 1069 990 990 1069 1054 1054 1134 1055 1055 1135 990 990 1069 1055 1055 1135 991 991 1070 991 991 1070 1055 1055 1135 1056 1056 1136 991 991 1070 1056 1056 1136 992 992 1071 992 992 1071 1056 1056 1136 1057 1057 1137 992 992 1071 1057 1057 1137 993 993 1072 993 993 1072 1057 1057 1137 1058 1058 1138 993 993 1072 1058 1058 1138 994 994 1073 994 994 1073 1058 1058 1138 1059 1059 1139 994 994 1073 1059 1059 1139 995 995 1074 995 995 1074 1059 1059 1139 1060 1060 1140 995 995 1074 1060 1060 1140 996 996 1075 996 996 1075 1060 1060 1140 1061 1061 1141 996 996 1075 1061 1061 1141 997 997 1076 997 997 1076 1061 1061 1141 1062 1062 1142 997 997 1076 1062 1062 1142 998 998 1077 998 998 1077 1062 1062 1142 1063 1063 1143 998 998 1077 1063 1063 1143 999 999 1078 999 999 1078 1063 1063 1143 1064 1064 1144 999 999 1078 1064 1064 1144 1000 1000 1079 1000 1000 1079 1064 1064 1144 1065 1065 1145 1000 1000 1079 1065 1065 1145 1001 1001 1080 1001 1001 1080 1065 1065 1145 1066 1066 1146 1001 1001 1080 1066 1066 1146 1002 1002 1081 1002 1002 1081 1066 1066 1146 1067 1067 1147 1002 1002 1081 1067 1067 1147 1003 1003 1082 1003 1003 1082 1067 1067 1147 1068 1068 1148 1003 1003 1082 1068 1068 1148 1004 1004 1083 1004 1004 1083 1068 1068 1148 1069 1069 1149 1004 1004 1083 1069 1069 1149 1005 1005 1084 1005 1005 1084 1069 1069 1149 1070 1070 1150 1005 1005 1084 1070 1070 1150 1006 1006 1085 1006 1006 1085 1070 1070 1150 1071 1071 1151 1006 1006 1085 1071 1071 1151 1007 1007 1086 1007 1007 1086 1071 1071 1151 1072 1072 1152 1007 1007 1086 1072 1072 1152 1008 1008 1087 1008 1008 1087 1072 1072 1152 1073 1073 1153 1008 1008 1087 1073 1073 1153 1009 1009 1088 1009 1009 1088 1073 1073 1153 1074 1074 1154 1009 1009 1088 1074 1074 1154 1010 1010 1089 1010 1010 1089 1074 1074 1154 1075 1075 1155 1010 1010 1089 1075 1075 1155 1011 1011 1090 1011 1011 1090 1075 1075 1155 1076 1076 1156 1011 1011 1090 1076 1076 1156 1012 1012 1091 1012 1012 1091 1076 1076 1156 1077 1077 1157 1012 1012 1091 1077 1077 1157 1013 1013 1092 1013 1013 1092 1077 1077 1157 1078 1078 1158 1013 1013 1092 1078 1078 1158 1014 1014 1093 1014 1014 1093 1078 1078 1158 1079 1079 1159 1014 1014 1093 1079 1079 1159 1015 1015 1094 1015 1015 1094 1079 1079 1159 1080 1080 1160 1015 1015 1094 1080 1080 1160 1016 1016 1095 1016 1016 1095 1080 1080 1160 1081 1081 1161 1016 1016 1095 1081 1081 1161 1017 1017 1096 1017 1017 1096 1081 1081 1161 1082 1082 1162 1017 1017 1096 1082 1082 1162 1018 1018 1097 1018 1018 1097 1082 1082 1162 1083 1083 1163 1018 1018 1097 1083 1083 1163 1019 1019 1098 1019 1019 1098 1083 1083 1163 1084 1084 1164 1019 1019 1098 1084 1084 1164 1020 1020 1099 1020 1020 1099 1084 1084 1164 1085 1085 1165 1020 1020 1099 1085 1085 1165 1021 1021 1100 1021 1021 1100 1085 1085 1165 1086 1086 1166 1021 1021 1100 1086 1086 1166 1022 1022 1101 1022 1022 1101 1086 1086 1166 1087 1087 1167 1022 1022 1101 1087 1087 1167 1023 1023 1102 1023 1023 1102 1087 1087 1167 1088 1088 1168 1023 1023 1102 1088 1088 1168 1024 1024 1103 1024 1024 1103 1088 1088 1168 1025 1025 1169 1024 1024 1103 1025 1025 1169 961 961 1104 1025 1025 1105 1089 1089 1170 1090 1090 1171 1025 1025 1105 1090 1090 1171 1026 1026 1106 1026 1026 1106 1090 1090 1171 1091 1091 1172 1026 1026 1106 1091 1091 1172 1027 1027 1107 1027 1027 1107 1091 1091 1172 1092 1092 1173 1027 1027 1107 1092 1092 1173 1028 1028 1108 1028 1028 1108 1092 1092 1173 1093 1093 1174 1028 1028 1108 1093 1093 1174 1029 1029 1109 1029 1029 1109 1093 1093 1174 1094 1094 1175 1029 1029 1109 1094 1094 1175 1030 1030 1110 1030 1030 1110 1094 1094 1175 1095 1095 1176 1030 1030 1110 1095 1095 1176 1031 1031 1111 1031 1031 1111 1095 1095 1176 1096 1096 1177 1031 1031 1111 1096 1096 1177 1032 1032 1112 1032 1032 1112 1096 1096 1177 1097 1097 1178 1032 1032 1112 1097 1097 1178 1033 1033 1113 1033 1033 1113 1097 1097 1178 1098 1098 1179 1033 1033 1113 1098 1098 1179 1034 1034 1114 1034 1034 1114 1098 1098 1179 1099 1099 1180 1034 1034 1114 1099 1099 1180 1035 1035 1115 1035 1035 1115 1099 1099 1180 1100 1100 1181 1035 1035 1115 1100 1100 1181 1036 1036 1116 1036 1036 1116 1100 1100 1181 1101 1101 1182 1036 1036 1116 1101 1101 1182 1037 1037 1117 1037 1037 1117 1101 1101 1182 1102 1102 1183 1037 1037 1117 1102 1102 1183 1038 1038 1118 1038 1038 1118 1102 1102 1183 1103 1103 1184 1038 1038 1118 1103 1103 1184 1039 1039 1119 1039 1039 1119 1103 1103 1184 1104 1104 1185 1039 1039 1119 1104 1104 1185 1040 1040 1120 1040 1040 1120 1104 1104 1185 1105 1105 1186 1040 1040 1120 1105 1105 1186 1041 1041 1121 1041 1041 1121 1105 1105 1186 1106 1106 1187 1041 1041 1121 1106 1106 1187 1042 1042 1122 1042 1042 1122 1106 1106 1187 1107 1107 1188 1042 1042 1122 1107 1107 1188 1043 1043 1123 1043 1043 1123 1107 1107 1188 1108 1108 1189 1043 1043 1123 1108 1108 1189 1044 1044 1124 1044 1044 1124 1108 1108 1189 1109 1109 1190 1044 1044 1124 1109 1109 1190 1045 1045 1125 1045 1045 1125 1109 1109 1190 1110 1110 1191 1045 1045 1125 1110 1110 1191 1046 1046 1126 1046 1046 1126 1110 1110 1191 1111 1111 1192 1046 1046 1126 1111 1111 1192 1047 1047 1127 1047 1047 1127 1111 1111 1192 1112 1112 1193 1047 1047 1127 1112 1112 1193 1048 1048 1128 1048 1048 1128 1112 1112 1193 1113 1113 1194 1048 1048 1128 1113 1113 1194 1049 1049 1129 1049 1049 1129 1113 1113 1194 1114 1114 1195 1049 1049 1129 1114 1114 1195 1050 1050 1130 1050 1050 1130 1114 1114 1195 1115 1115 1196 1050 1050 1130 1115 1115 1196 1051 1051 1131 1051 1051 1131 1115 1115 1196 1116 1116 1197 1051 1051 1131 1116 1116 1197 1052 1052 1132 1052 1052 1132 1116 1116 1197 1117 1117 1198 1052 1052 1132 1117 1117 1198 1053 1053 1133 1053 1053 1133 1117 1117 1198 1118 1118 1199 1053 1053 1133 1118 1118 1199 1054 1054 1134 1054 1054 1134 1118 1118 1199 1119 1119 1200 1054 1054 1134 1119 1119 1200 1055 1055 1135 1055 1055 1135 1119 1119 1200 1120 1120 1201 1055 1055 1135 1120 1120 1201 1056 1056 1136 1056 1056 1136 1120 1120 1201 1121 1121 1202 1056 1056 1136 1121 1121 1202 1057 1057 1137 1057 1057 1137 1121 1121 1202 1122 1122 1203 1057 1057 1137 1122 1122 1203 1058 1058 1138 1058 1058 1138 1122 1122 1203 1123 1123 1204 1058 1058 1138 1123 1123 1204 1059 1059 1139 1059 1059 1139 1123 1123 1204 1124 1124 1205 1059 1059 1139 1124 1124 1205 1060 1060 1140 1060 1060 1140 1124 1124 1205 1125 1125 1206 1060 1060 1140 1125 1125 1206 1061 1061 1141 1061 1061 1141 1125 1125 1206 1126 1126 1207 1061 1061 1141 1126 1126 1207 1062 1062 1142 1062 1062 1142 1126 1126 1207 1127 1127 1208 1062 1062 1142 1127 1127 1208 1063 1063 1143 1063 1063 1143 1127 1127 1208 1128 1128 1209 1063 1063 1143 1128 1128 1209 1064 1064 1144 1064 1064 1144 1128 1128 1209 1129 1129 1210 1064 1064 1144 1129 1129 1210 1065 1065 1145 1065 1065 1145 1129 1129 1210 1130 1130 1211 1065 1065 1145 1130 1130 1211 1066 1066 1146 1066 1066 1146 1130 1130 1211 1131 1131 1212 1066 1066 1146 1131 1131 1212 1067 1067 1147 1067 1067 1147 1131 1131 1212 1132 1132 1213 1067 1067 1147 1132 1132 1213 1068 1068 1148 1068 1068 1148 1132 1132 1213 1133 1133 1214 1068 1068 1148 1133 1133 1214 1069 1069 1149 1069 1069 1149 1133 1133 1214 1134 1134 1215 1069 1069 1149 1134 1134 1215 1070 1070 1150 1070 1070 1150 1134 1134 1215 1135 1135 1216 1070 1070 1150 1135 1135 1216 1071 1071 1151 1071 1071 1151 1135 1135 1216 1136 1136 1217 1071 1071 1151 1136 1136 1217 1072 1072 1152 1072 1072 1152 1136 1136 1217 1137 1137 1218 1072 1072 1152 1137 1137 1218 1073 1073 1153 1073 1073 1153 1137 1137 1218 1138 1138 1219 1073 1073 1153 1138 1138 1219 1074 1074 1154 1074 1074 1154 1138 1138 1219 1139 1139 1220 1074 1074 1154 1139 1139 1220 1075 1075 1155 1075 1075 1155 1139 1139 1220 1140 1140 1221 1075 1075 1155 1140 1140 1221 1076 1076 1156 1076 1076 1156 1140 1140 1221 1141 1141 1222 1076 1076 1156 1141 1141 1222 1077 1077 1157 1077 1077 1157 1141 1141 1222 1142 1142 1223 1077 1077 1157 1142 1142 1223 1078 1078 1158 1078 1078 1158 1142 1142 1223 1143 1143 1224 1078 1078 1158 1143 1143 1224 1079 1079 1159 1079 1079 1159 1143 1143 1224 1144 1144 1225 1079 1079 1159 1144 1144 1225 1080 1080 1160 1080 1080 1160 1144 1144 1225 1145 1145 1226 1080 1080 1160 1145 1145 1226 1081 1081 1161 1081 1081 1161 1145 1145 1226 1146 1146 1227 1081 1081 1161 1146 1146 1227 1082 1082 1162 1082 1082 1162 1146 1146 1227 1147 1147 1228 1082 1082 1162 1147 1147 1228 1083 1083 1163 1083 1083 1163 1147 1147 1228 1148 1148 1229 1083 1083 1163 1148 1148 1229 1084 1084 1164 1084 1084 1164 1148 1148 1229 1149 1149 1230 1084 1084 1164 1149 1149 1230 1085 1085 1165 1085 1085 1165 1149 1149 1230 1150 1150 1231 1085 1085 1165 1150 1150 1231 1086 1086 1166 1086 1086 1166 1150 1150 1231 1151 1151 1232 1086 1086 1166 1151 1151 1232 1087 1087 1167 1087 1087 1167 1151 1151 1232 1152 1152 1233 1087 1087 1167 1152 1152 1233 1088 1088 1168 1088 1088 1168 1152 1152 1233 1089 1089 1234 1088 1088 1168 1089 1089 1234 1025 1025 1169 1089 1089 1170 1153 1153 1235 1154 1154 1236 1089 1089 1170 1154 1154 1236 1090 1090 1171 1090 1090 1171 1154 1154 1236 1155 1155 1237 1090 1090 1171 1155 1155 1237 1091 1091 1172 1091 1091 1172 1155 1155 1237 1156 1156 1238 1091 1091 1172 1156 1156 1238 1092 1092 1173 1092 1092 1173 1156 1156 1238 1157 1157 1239 1092 1092 1173 1157 1157 1239 1093 1093 1174 1093 1093 1174 1157 1157 1239 1158 1158 1240 1093 1093 1174 1158 1158 1240 1094 1094 1175 1094 1094 1175 1158 1158 1240 1159 1159 1241 1094 1094 1175 1159 1159 1241 1095 1095 1176 1095 1095 1176 1159 1159 1241 1160 1160 1242 1095 1095 1176 1160 1160 1242 1096 1096 1177 1096 1096 1177 1160 1160 1242 1161 1161 1243 1096 1096 1177 1161 1161 1243 1097 1097 1178 1097 1097 1178 1161 1161 1243 1162 1162 1244 1097 1097 1178 1162 1162 1244 1098 1098 1179 1098 1098 1179 1162 1162 1244 1163 1163 1245 1098 1098 1179 1163 1163 1245 1099 1099 1180 1099 1099 1180 1163 1163 1245 1164 1164 1246 1099 1099 1180 1164 1164 1246 1100 1100 1181 1100 1100 1181 1164 1164 1246 1165 1165 1247 1100 1100 1181 1165 1165 1247 1101 1101 1182 1101 1101 1182 1165 1165 1247 1166 1166 1248 1101 1101 1182 1166 1166 1248 1102 1102 1183 1102 1102 1183 1166 1166 1248 1167 1167 1249 1102 1102 1183 1167 1167 1249 1103 1103 1184 1103 1103 1184 1167 1167 1249 1168 1168 1250 1103 1103 1184 1168 1168 1250 1104 1104 1185 1104 1104 1185 1168 1168 1250 1169 1169 1251 1104 1104 1185 1169 1169 1251 1105 1105 1186 1105 1105 1186 1169 1169 1251 1170 1170 1252 1105 1105 1186 1170 1170 1252 1106 1106 1187 1106 1106 1187 1170 1170 1252 1171 1171 1253 1106 1106 1187 1171 1171 1253 1107 1107 1188 1107 1107 1188 1171 1171 1253 1172 1172 1254 1107 1107 1188 1172 1172 1254 1108 1108 1189 1108 1108 1189 1172 1172 1254 1173 1173 1255 1108 1108 1189 1173 1173 1255 1109 1109 1190 1109 1109 1190 1173 1173 1255 1174 1174 1256 1109 1109 1190 1174 1174 1256 1110 1110 1191 1110 1110 1191 1174 1174 1256 1175 1175 1257 1110 1110 1191 1175 1175 1257 1111 1111 1192 1111 1111 1192 1175 1175 1257 1176 1176 1258 1111 1111 1192 1176 1176 1258 1112 1112 1193 1112 1112 1193 1176 1176 1258 1177 1177 1259 1112 1112 1193 1177 1177 1259 1113 1113 1194 1113 1113 1194 1177 1177 1259 1178 1178 1260 1113 1113 1194 1178 1178 1260 1114 1114 1195 1114 1114 1195 1178 1178 1260 1179 1179 1261 1114 1114 1195 1179 1179 1261 1115 1115 1196 1115 1115 1196 1179 1179 1261 1180 1180 1262 1115 1115 1196 1180 1180 1262 1116 1116 1197 1116 1116 1197 1180 1180 1262 1181 1181 1263 1116 1116 1197 1181 1181 1263 1117 1117 1198 1117 1117 1198 1181 1181 1263 1182 1182 1264 1117 1117 1198 1182 1182 1264 1118 1118 1199 1118 1118 1199 1182 1182 1264 1183 1183 1265 1118 1118 1199 1183 1183 1265 1119 1119 1200 1119 1119 1200 1183 1183 1265 1184 1184 1266 1119 1119 1200 1184 1184 1266 1120 1120 1201 1120 1120 1201 1184 1184 1266 1185 1185 1267 1120 1120 1201 1185 1185 1267 1121 1121 1202 1121 1121 1202 1185 1185 1267 1186 1186 1268 1121 1121 1202 1186 1186 1268 1122 1122 1203 1122 1122 1203 1186 1186 1268 1187 1187 1269 1122 1122 1203 1187 1187 1269 1123 1123 1204 1123 1123 1204 1187 1187 1269 1188 1188 1270 1123 1123 1204 1188 1188 1270 1124 1124 1205 1124 1124 1205 1188 1188 1270 1189 1189 1271 1124 1124 1205 1189 1189 1271 1125 1125 1206 1125 1125 1206 1189 1189 1271 1190 1190 1272 1125 1125 1206 1190 1190 1272 1126 1126 1207 1126 1126 1207 1190 1190 1272 1191 1191 1273 1126 1126 1207 1191 1191 1273 1127 1127 1208 1127 1127 1208 1191 1191 1273 1192 1192 1274 1127 1127 1208 1192 1192 1274 1128 1128 1209 1128 1128 1209 1192 1192 1274 1193 1193 1275 1128 1128 1209 1193 1193 1275 1129 1129 1210 1129 1129 1210 1193 1193 1275 1194 1194 1276 1129 1129 1210 1194 1194 1276 1130 1130 1211 1130 1130 1211 1194 1194 1276 1195 1195 1277 1130 1130 1211 1195 1195 1277 1131 1131 1212 1131 1131 1212 1195 1195 1277 1196 1196 1278 1131 1131 1212 1196 1196 1278 1132 1132 1213 1132 1132 1213 1196 1196 1278 1197 1197 1279 1132 1132 1213 1197 1197 1279 1133 1133 1214 1133 1133 1214 1197 1197 1279 1198 1198 1280 1133 1133 1214 1198 1198 1280 1134 1134 1215 1134 1134 1215 1198 1198 1280 1199 1199 1281 1134 1134 1215 1199 1199 1281 1135 1135 1216 1135 1135 1216 1199 1199 1281 1200 1200 1282 1135 1135 1216 1200 1200 1282 1136 1136 1217 1136 1136 1217 1200 1200 1282 1201 1201 1283 1136 1136 1217 1201 1201 1283 1137 1137 1218 1137 1137 1218 1201 1201 1283 1202 1202 1284 1137 1137 1218 1202 1202 1284 1138 1138 1219 1138 1138 1219 1202 1202 1284 1203 1203 1285 1138 1138 1219 1203 1203 1285 1139 1139 1220 1139 1139 1220 1203 1203 1285 1204 1204 1286 1139 1139 1220 1204 1204 1286 1140 1140 1221 1140 1140 1221 1204 1204 1286 1205 1205 1287 1140 1140 1221 1205 1205 1287 1141 1141 1222 1141 1141 1222 1205 1205 1287 1206 1206 1288 1141 1141 1222 1206 1206 1288 1142 1142 1223 1142 1142 1223 1206 1206 1288 1207 1207 1289 1142 1142 1223 1207 1207 1289 1143 1143 1224 1143 1143 1224 1207 1207 1289 1208 1208 1290 1143 1143 1224 1208 1208 1290 1144 1144 1225 1144 1144 1225 1208 1208 1290 1209 1209 1291 1144 1144 1225 1209 1209 1291 1145 1145 1226 1145 1145 1226 1209 1209 1291 1210 1210 1292 1145 1145 1226 1210 1210 1292 1146 1146 1227 1146 1146 1227 1210 1210 1292 1211 1211 1293 1146 1146 1227 1211 1211 1293 1147 1147 1228 1147 1147 1228 1211 1211 1293 1212 1212 1294 1147 1147 1228 1212 1212 1294 1148 1148 1229 1148 1148 1229 1212 1212 1294 1213 1213 1295 1148 1148 1229 1213 1213 1295 1149 1149 1230 1149 1149 1230 1213 1213 1295 1214 1214 1296 1149 1149 1230 1214 1214 1296 1150 1150 1231 1150 1150 1231 1214 1214 1296 1215 1215 1297 1150 1150 1231 1215 1215 1297 1151 1151 1232 1151 1151 1232 1215 1215 1297 1216 1216 1298 1151 1151 1232 1216 1216 1298 1152 1152 1233 1152 1152 1233 1216 1216 1298 1153 1153 1299 1152 1152 1233 1153 1153 1299 1089 1089 1234 1153 1153 1235 1217 1217 1300 1218 1218 1301 1153 1153 1235 1218 1218 1301 1154 1154 1236 1154 1154 1236 1218 1218 1301 1219 1219 1302 1154 1154 1236 1219 1219 1302 1155 1155 1237 1155 1155 1237 1219 1219 1302 1220 1220 1303 1155 1155 1237 1220 1220 1303 1156 1156 1238 1156 1156 1238 1220 1220 1303 1221 1221 1304 1156 1156 1238 1221 1221 1304 1157 1157 1239 1157 1157 1239 1221 1221 1304 1222 1222 1305 1157 1157 1239 1222 1222 1305 1158 1158 1240 1158 1158 1240 1222 1222 1305 1223 1223 1306 1158 1158 1240 1223 1223 1306 1159 1159 1241 1159 1159 1241 1223 1223 1306 1224 1224 1307 1159 1159 1241 1224 1224 1307 1160 1160 1242 1160 1160 1242 1224 1224 1307 1225 1225 1308 1160 1160 1242 1225 1225 1308 1161 1161 1243 1161 1161 1243 1225 1225 1308 1226 1226 1309 1161 1161 1243 1226 1226 1309 1162 1162 1244 1162 1162 1244 1226 1226 1309 1227 1227 1310 1162 1162 1244 1227 1227 1310 1163 1163 1245 1163 1163 1245 1227 1227 1310 1228 1228 1311 1163 1163 1245 1228 1228 1311 1164 1164 1246 1164 1164 1246 1228 1228 1311 1229 1229 1312 1164 1164 1246 1229 1229 1312 1165 1165 1247 1165 1165 1247 1229 1229 1312 1230 1230 1313 1165 1165 1247 1230 1230 1313 1166 1166 1248 1166 1166 1248 1230 1230 1313 1231 1231 1314 1166 1166 1248 1231 1231 1314 1167 1167 1249 1167 1167 1249 1231 1231 1314 1232 1232 1315 1167 1167 1249 1232 1232 1315 1168 1168 1250 1168 1168 1250 1232 1232 1315 1233 1233 1316 1168 1168 1250 1233 1233 1316 1169 1169 1251 1169 1169 1251 1233 1233 1316 1234 1234 1317 1169 1169 1251 1234 1234 1317 1170 1170 1252 1170 1170 1252 1234 1234 1317 1235 1235 1318 1170 1170 1252 1235 1235 1318 1171 1171 1253 1171 1171 1253 1235 1235 1318 1236 1236 1319 1171 1171 1253 1236 1236 1319 1172 1172 1254 1172 1172 1254 1236 1236 1319 1237 1237 1320 1172 1172 1254 1237 1237 1320 1173 1173 1255 1173 1173 1255 1237 1237 1320 1238 1238 1321 1173 1173 1255 1238 1238 1321 1174 1174 1256 1174 1174 1256 1238 1238 1321 1239 1239 1322 1174 1174 1256 1239 1239 1322 1175 1175 1257 1175 1175 1257 1239 1239 1322 1240 1240 1323 1175 1175 1257 1240 1240 1323 1176 1176 1258 1176 1176 1258 1240 1240 1323 1241 1241 1324 1176 1176 1258 1241 1241 1324 1177 1177 1259 1177 1177 1259 1241 1241 1324 1242 1242 1325 1177 1177 1259 1242 1242 1325 1178 1178 1260 1178 1178 1260 1242 1242 1325 1243 1243 1326 1178 1178 1260 1243 1243 1326 1179 1179 1261 1179 1179 1261 1243 1243 1326 1244 1244 1327 1179 1179 1261 1244 1244 1327 1180 1180 1262 1180 1180 1262 1244 1244 1327 1245 1245 1328 1180 1180 1262 1245 1245 1328 1181 1181 1263 1181 1181 1263 1245 1245 1328 1246 1246 1329 1181 1181 1263 1246 1246 1329 1182 1182 1264 1182 1182 1264 1246 1246 1329 1247 1247 1330 1182 1182 1264 1247 1247 1330 1183 1183 1265 1183 1183 1265 1247 1247 1330 1248 1248 1331 1183 1183 1265 1248 1248 1331 1184 1184 1266 1184 1184 1266 1248 1248 1331 1249 1249 1332 1184 1184 1266 1249 1249 1332 1185 1185 1267 1185 1185 1267 1249 1249 1332 1250 1250 1333 1185 1185 1267 1250 1250 1333 1186 1186 1268 1186 1186 1268 1250 1250 1333 1251 1251 1334 1186 1186 1268 1251 1251 1334 1187 1187 1269 1187 1187 1269 1251 1251 1334 1252 1252 1335 1187 1187 1269 1252 1252 1335 1188 1188 1270 1188 1188 1270 1252 1252 1335 1253 1253 1336 1188 1188 1270 1253 1253 1336 1189 1189 1271 1189 1189 1271 1253 1253 1336 1254 1254 1337 1189 1189 1271 1254 1254 1337 1190 1190 1272 1190 1190 1272 1254 1254 1337 1255 1255 1338 1190 1190 1272 1255 1255 1338 1191 1191 1273 1191 1191 1273 1255 1255 1338 1256 1256 1339 1191 1191 1273 1256 1256 1339 1192 1192 1274 1192 1192 1274 1256 1256 1339 1257 1257 1340 1192 1192 1274 1257 1257 1340 1193 1193 1275 1193 1193 1275 1257 1257 1340 1258 1258 1341 1193 1193 1275 1258 1258 1341 1194 1194 1276 1194 1194 1276 1258 1258 1341 1259 1259 1342 1194 1194 1276 1259 1259 1342 1195 1195 1277 1195 1195 1277 1259 1259 1342 1260 1260 1343 1195 1195 1277 1260 1260 1343 1196 1196 1278 1196 1196 1278 1260 1260 1343 1261 1261 1344 1196 1196 1278 1261 1261 1344 1197 1197 1279 1197 1197 1279 1261 1261 1344 1262 1262 1345 1197 1197 1279 1262 1262 1345 1198 1198 1280 1198 1198 1280 1262 1262 1345 1263 1263 1346 1198 1198 1280 1263 1263 1346 1199 1199 1281 1199 1199 1281 1263 1263 1346 1264 1264 1347 1199 1199 1281 1264 1264 1347 1200 1200 1282 1200 1200 1282 1264 1264 1347 1265 1265 1348 1200 1200 1282 1265 1265 1348 1201 1201 1283 1201 1201 1283 1265 1265 1348 1266 1266 1349 1201 1201 1283 1266 1266 1349 1202 1202 1284 1202 1202 1284 1266 1266 1349 1267 1267 1350 1202 1202 1284 1267 1267 1350 1203 1203 1285 1203 1203 1285 1267 1267 1350 1268 1268 1351 1203 1203 1285 1268 1268 1351 1204 1204 1286 1204 1204 1286 1268 1268 1351 1269 1269 1352 1204 1204 1286 1269 1269 1352 1205 1205 1287 1205 1205 1287 1269 1269 1352 1270 1270 1353 1205 1205 1287 1270 1270 1353 1206 1206 1288 1206 1206 1288 1270 1270 1353 1271 1271 1354 1206 1206 1288 1271 1271 1354 1207 1207 1289 1207 1207 1289 1271 1271 1354 1272 1272 1355 1207 1207 1289 1272 1272 1355 1208 1208 1290 1208 1208 1290 1272 1272 1355 1273 1273 1356 1208 1208 1290 1273 1273 1356 1209 1209 1291 1209 1209 1291 1273 1273 1356 1274 1274 1357 1209 1209 1291 1274 1274 1357 1210 1210 1292 1210 1210 1292 1274 1274 1357 1275 1275 1358 1210 1210 1292 1275 1275 1358 1211 1211 1293 1211 1211 1293 1275 1275 1358 1276 1276 1359 1211 1211 1293 1276 1276 1359 1212 1212 1294 1212 1212 1294 1276 1276 1359 1277 1277 1360 1212 1212 1294 1277 1277 1360 1213 1213 1295 1213 1213 1295 1277 1277 1360 1278 1278 1361 1213 1213 1295 1278 1278 1361 1214 1214 1296 1214 1214 1296 1278 1278 1361 1279 1279 1362 1214 1214 1296 1279 1279 1362 1215 1215 1297 1215 1215 1297 1279 1279 1362 1280 1280 1363 1215 1215 1297 1280 1280 1363 1216 1216 1298 1216 1216 1298 1280 1280 1363 1217 1217 1364 1216 1216 1298 1217 1217 1364 1153 1153 1299 1217 1217 1300 1281 1281 1365 1282 1282 1366 1217 1217 1300 1282 1282 1366 1218 1218 1301 1218 1218 1301 1282 1282 1366 1283 1283 1367 1218 1218 1301 1283 1283 1367 1219 1219 1302 1219 1219 1302 1283 1283 1367 1284 1284 1368 1219 1219 1302 1284 1284 1368 1220 1220 1303 1220 1220 1303 1284 1284 1368 1285 1285 1369 1220 1220 1303 1285 1285 1369 1221 1221 1304 1221 1221 1304 1285 1285 1369 1286 1286 1370 1221 1221 1304 1286 1286 1370 1222 1222 1305 1222 1222 1305 1286 1286 1370 1287 1287 1371 1222 1222 1305 1287 1287 1371 1223 1223 1306 1223 1223 1306 1287 1287 1371 1288 1288 1372 1223 1223 1306 1288 1288 1372 1224 1224 1307 1224 1224 1307 1288 1288 1372 1289 1289 1373 1224 1224 1307 1289 1289 1373 1225 1225 1308 1225 1225 1308 1289 1289 1373 1290 1290 1374 1225 1225 1308 1290 1290 1374 1226 1226 1309 1226 1226 1309 1290 1290 1374 1291 1291 1375 1226 1226 1309 1291 1291 1375 1227 1227 1310 1227 1227 1310 1291 1291 1375 1292 1292 1376 1227 1227 1310 1292 1292 1376 1228 1228 1311 1228 1228 1311 1292 1292 1376 1293 1293 1377 1228 1228 1311 1293 1293 1377 1229 1229 1312 1229 1229 1312 1293 1293 1377 1294 1294 1378 1229 1229 1312 1294 1294 1378 1230 1230 1313 1230 1230 1313 1294 1294 1378 1295 1295 1379 1230 1230 1313 1295 1295 1379 1231 1231 1314 1231 1231 1314 1295 1295 1379 1296 1296 1380 1231 1231 1314 1296 1296 1380 1232 1232 1315 1232 1232 1315 1296 1296 1380 1297 1297 1381 1232 1232 1315 1297 1297 1381 1233 1233 1316 1233 1233 1316 1297 1297 1381 1298 1298 1382 1233 1233 1316 1298 1298 1382 1234 1234 1317 1234 1234 1317 1298 1298 1382 1299 1299 1383 1234 1234 1317 1299 1299 1383 1235 1235 1318 1235 1235 1318 1299 1299 1383 1300 1300 1384 1235 1235 1318 1300 1300 1384 1236 1236 1319 1236 1236 1319 1300 1300 1384 1301 1301 1385 1236 1236 1319 1301 1301 1385 1237 1237 1320 1237 1237 1320 1301 1301 1385 1302 1302 1386 1237 1237 1320 1302 1302 1386 1238 1238 1321 1238 1238 1321 1302 1302 1386 1303 1303 1387 1238 1238 1321 1303 1303 1387 1239 1239 1322 1239 1239 1322 1303 1303 1387 1304 1304 1388 1239 1239 1322 1304 1304 1388 1240 1240 1323 1240 1240 1323 1304 1304 1388 1305 1305 1389 1240 1240 1323 1305 1305 1389 1241 1241 1324 1241 1241 1324 1305 1305 1389 1306 1306 1390 1241 1241 1324 1306 1306 1390 1242 1242 1325 1242 1242 1325 1306 1306 1390 1307 1307 1391 1242 1242 1325 1307 1307 1391 1243 1243 1326 1243 1243 1326 1307 1307 1391 1308 1308 1392 1243 1243 1326 1308 1308 1392 1244 1244 1327 1244 1244 1327 1308 1308 1392 1309 1309 1393 1244 1244 1327 1309 1309 1393 1245 1245 1328 1245 1245 1328 1309 1309 1393 1310 1310 1394 1245 1245 1328 1310 1310 1394 1246 1246 1329 1246 1246 1329 1310 1310 1394 1311 1311 1395 1246 1246 1329 1311 1311 1395 1247 1247 1330 1247 1247 1330 1311 1311 1395 1312 1312 1396 1247 1247 1330 1312 1312 1396 1248 1248 1331 1248 1248 1331 1312 1312 1396 1313 1313 1397 1248 1248 1331 1313 1313 1397 1249 1249 1332 1249 1249 1332 1313 1313 1397 1314 1314 1398 1249 1249 1332 1314 1314 1398 1250 1250 1333 1250 1250 1333 1314 1314 1398 1315 1315 1399 1250 1250 1333 1315 1315 1399 1251 1251 1334 1251 1251 1334 1315 1315 1399 1316 1316 1400 1251 1251 1334 1316 1316 1400 1252 1252 1335 1252 1252 1335 1316 1316 1400 1317 1317 1401 1252 1252 1335 1317 1317 1401 1253 1253 1336 1253 1253 1336 1317 1317 1401 1318 1318 1402 1253 1253 1336 1318 1318 1402 1254 1254 1337 1254 1254 1337 1318 1318 1402 1319 1319 1403 1254 1254 1337 1319 1319 1403 1255 1255 1338 1255 1255 1338 1319 1319 1403 1320 1320 1404 1255 1255 1338 1320 1320 1404 1256 1256 1339 1256 1256 1339 1320 1320 1404 1321 1321 1405 1256 1256 1339 1321 1321 1405 1257 1257 1340 1257 1257 1340 1321 1321 1405 1322 1322 1406 1257 1257 1340 1322 1322 1406 1258 1258 1341 1258 1258 1341 1322 1322 1406 1323 1323 1407 1258 1258 1341 1323 1323 1407 1259 1259 1342 1259 1259 1342 1323 1323 1407 1324 1324 1408 1259 1259 1342 1324 1324 1408 1260 1260 1343 1260 1260 1343 1324 1324 1408 1325 1325 1409 1260 1260 1343 1325 1325 1409 1261 1261 1344 1261 1261 1344 1325 1325 1409 1326 1326 1410 1261 1261 1344 1326 1326 1410 1262 1262 1345 1262 1262 1345 1326 1326 1410 1327 1327 1411 1262 1262 1345 1327 1327 1411 1263 1263 1346 1263 1263 1346 1327 1327 1411 1328 1328 1412 1263 1263 1346 1328 1328 1412 1264 1264 1347 1264 1264 1347 1328 1328 1412 1329 1329 1413 1264 1264 1347 1329 1329 1413 1265 1265 1348 1265 1265 1348 1329 1329 1413 1330 1330 1414 1265 1265 1348 1330 1330 1414 1266 1266 1349 1266 1266 1349 1330 1330 1414 1331 1331 1415 1266 1266 1349 1331 1331 1415 1267 1267 1350 1267 1267 1350 1331 1331 1415 1332 1332 1416 1267 1267 1350 1332 1332 1416 1268 1268 1351 1268 1268 1351 1332 1332 1416 1333 1333 1417 1268 1268 1351 1333 1333 1417 1269 1269 1352 1269 1269 1352 1333 1333 1417 1334 1334 1418 1269 1269 1352 1334 1334 1418 1270 1270 1353 1270 1270 1353 1334 1334 1418 1335 1335 1419 1270 1270 1353 1335 1335 1419 1271 1271 1354 1271 1271 1354 1335 1335 1419 1336 1336 1420 1271 1271 1354 1336 1336 1420 1272 1272 1355 1272 1272 1355 1336 1336 1420 1337 1337 1421 1272 1272 1355 1337 1337 1421 1273 1273 1356 1273 1273 1356 1337 1337 1421 1338 1338 1422 1273 1273 1356 1338 1338 1422 1274 1274 1357 1274 1274 1357 1338 1338 1422 1339 1339 1423 1274 1274 1357 1339 1339 1423 1275 1275 1358 1275 1275 1358 1339 1339 1423 1340 1340 1424 1275 1275 1358 1340 1340 1424 1276 1276 1359 1276 1276 1359 1340 1340 1424 1341 1341 1425 1276 1276 1359 1341 1341 1425 1277 1277 1360 1277 1277 1360 1341 1341 1425 1342 1342 1426 1277 1277 1360 1342 1342 1426 1278 1278 1361 1278 1278 1361 1342 1342 1426 1343 1343 1427 1278 1278 1361 1343 1343 1427 1279 1279 1362 1279 1279 1362 1343 1343 1427 1344 1344 1428 1279 1279 1362 1344 1344 1428 1280 1280 1363 1280 1280 1363 1344 1344 1428 1281 1281 1429 1280 1280 1363 1281 1281 1429 1217 1217 1364 1281 1281 1365 1345 1345 1430 1346 1346 1431 1281 1281 1365 1346 1346 1431 1282 1282 1366 1282 1282 1366 1346 1346 1431 1347 1347 1432 1282 1282 1366 1347 1347 1432 1283 1283 1367 1283 1283 1367 1347 1347 1432 1348 1348 1433 1283 1283 1367 1348 1348 1433 1284 1284 1368 1284 1284 1368 1348 1348 1433 1349 1349 1434 1284 1284 1368 1349 1349 1434 1285 1285 1369 1285 1285 1369 1349 1349 1434 1350 1350 1435 1285 1285 1369 1350 1350 1435 1286 1286 1370 1286 1286 1370 1350 1350 1435 1351 1351 1436 1286 1286 1370 1351 1351 1436 1287 1287 1371 1287 1287 1371 1351 1351 1436 1352 1352 1437 1287 1287 1371 1352 1352 1437 1288 1288 1372 1288 1288 1372 1352 1352 1437 1353 1353 1438 1288 1288 1372 1353 1353 1438 1289 1289 1373 1289 1289 1373 1353 1353 1438 1354 1354 1439 1289 1289 1373 1354 1354 1439 1290 1290 1374 1290 1290 1374 1354 1354 1439 1355 1355 1440 1290 1290 1374 1355 1355 1440 1291 1291 1375 1291 1291 1375 1355 1355 1440 1356 1356 1441 1291 1291 1375 1356 1356 1441 1292 1292 1376 1292 1292 1376 1356 1356 1441 1357 1357 1442 1292 1292 1376 1357 1357 1442 1293 1293 1377 1293 1293 1377 1357 1357 1442 1358 1358 1443 1293 1293 1377 1358 1358 1443 1294 1294 1378 1294 1294 1378 1358 1358 1443 1359 1359 1444 1294 1294 1378 1359 1359 1444 1295 1295 1379 1295 1295 1379 1359 1359 1444 1360 1360 1445 1295 1295 1379 1360 1360 1445 1296 1296 1380 1296 1296 1380 1360 1360 1445 1361 1361 1446 1296 1296 1380 1361 1361 1446 1297 1297 1381 1297 1297 1381 1361 1361 1446 1362 1362 1447 1297 1297 1381 1362 1362 1447 1298 1298 1382 1298 1298 1382 1362 1362 1447 1363 1363 1448 1298 1298 1382 1363 1363 1448 1299 1299 1383 1299 1299 1383 1363 1363 1448 1364 1364 1449 1299 1299 1383 1364 1364 1449 1300 1300 1384 1300 1300 1384 1364 1364 1449 1365 1365 1450 1300 1300 1384 1365 1365 1450 1301 1301 1385 1301 1301 1385 1365 1365 1450 1366 1366 1451 1301 1301 1385 1366 1366 1451 1302 1302 1386 1302 1302 1386 1366 1366 1451 1367 1367 1452 1302 1302 1386 1367 1367 1452 1303 1303 1387 1303 1303 1387 1367 1367 1452 1368 1368 1453 1303 1303 1387 1368 1368 1453 1304 1304 1388 1304 1304 1388 1368 1368 1453 1369 1369 1454 1304 1304 1388 1369 1369 1454 1305 1305 1389 1305 1305 1389 1369 1369 1454 1370 1370 1455 1305 1305 1389 1370 1370 1455 1306 1306 1390 1306 1306 1390 1370 1370 1455 1371 1371 1456 1306 1306 1390 1371 1371 1456 1307 1307 1391 1307 1307 1391 1371 1371 1456 1372 1372 1457 1307 1307 1391 1372 1372 1457 1308 1308 1392 1308 1308 1392 1372 1372 1457 1373 1373 1458 1308 1308 1392 1373 1373 1458 1309 1309 1393 1309 1309 1393 1373 1373 1458 1374 1374 1459 1309 1309 1393 1374 1374 1459 1310 1310 1394 1310 1310 1394 1374 1374 1459 1375 1375 1460 1310 1310 1394 1375 1375 1460 1311 1311 1395 1311 1311 1395 1375 1375 1460 1376 1376 1461 1311 1311 1395 1376 1376 1461 1312 1312 1396 1312 1312 1396 1376 1376 1461 1377 1377 1462 1312 1312 1396 1377 1377 1462 1313 1313 1397 1313 1313 1397 1377 1377 1462 1378 1378 1463 1313 1313 1397 1378 1378 1463 1314 1314 1398 1314 1314 1398 1378 1378 1463 1379 1379 1464 1314 1314 1398 1379 1379 1464 1315 1315 1399 1315 1315 1399 1379 1379 1464 1380 1380 1465 1315 1315 1399 1380 1380 1465 1316 1316 1400 1316 1316 1400 1380 1380 1465 1381 1381 1466 1316 1316 1400 1381 1381 1466 1317 1317 1401 1317 1317 1401 1381 1381 1466 1382 1382 1467 1317 1317 1401 1382 1382 1467 1318 1318 1402 1318 1318 1402 1382 1382 1467 1383 1383 1468 1318 1318 1402 1383 1383 1468 1319 1319 1403 1319 1319 1403 1383 1383 1468 1384 1384 1469 1319 1319 1403 1384 1384 1469 1320 1320 1404 1320 1320 1404 1384 1384 1469 1385 1385 1470 1320 1320 1404 1385 1385 1470 1321 1321 1405 1321 1321 1405 1385 1385 1470 1386 1386 1471 1321 1321 1405 1386 1386 1471 1322 1322 1406 1322 1322 1406 1386 1386 1471 1387 1387 1472 1322 1322 1406 1387 1387 1472 1323 1323 1407 1323 1323 1407 1387 1387 1472 1388 1388 1473 1323 1323 1407 1388 1388 1473 1324 1324 1408 1324 1324 1408 1388 1388 1473 1389 1389 1474 1324 1324 1408 1389 1389 1474 1325 1325 1409 1325 1325 1409 1389 1389 1474 1390 1390 1475 1325 1325 1409 1390 1390 1475 1326 1326 1410 1326 1326 1410 1390 1390 1475 1391 1391 1476 1326 1326 1410 1391 1391 1476 1327 1327 1411 1327 1327 1411 1391 1391 1476 1392 1392 1477 1327 1327 1411 1392 1392 1477 1328 1328 1412 1328 1328 1412 1392 1392 1477 1393 1393 1478 1328 1328 1412 1393 1393 1478 1329 1329 1413 1329 1329 1413 1393 1393 1478 1394 1394 1479 1329 1329 1413 1394 1394 1479 1330 1330 1414 1330 1330 1414 1394 1394 1479 1395 1395 1480 1330 1330 1414 1395 1395 1480 1331 1331 1415 1331 1331 1415 1395 1395 1480 1396 1396 1481 1331 1331 1415 1396 1396 1481 1332 1332 1416 1332 1332 1416 1396 1396 1481 1397 1397 1482 1332 1332 1416 1397 1397 1482 1333 1333 1417 1333 1333 1417 1397 1397 1482 1398 1398 1483 1333 1333 1417 1398 1398 1483 1334 1334 1418 1334 1334 1418 1398 1398 1483 1399 1399 1484 1334 1334 1418 1399 1399 1484 1335 1335 1419 1335 1335 1419 1399 1399 1484 1400 1400 1485 1335 1335 1419 1400 1400 1485 1336 1336 1420 1336 1336 1420 1400 1400 1485 1401 1401 1486 1336 1336 1420 1401 1401 1486 1337 1337 1421 1337 1337 1421 1401 1401 1486 1402 1402 1487 1337 1337 1421 1402 1402 1487 1338 1338 1422 1338 1338 1422 1402 1402 1487 1403 1403 1488 1338 1338 1422 1403 1403 1488 1339 1339 1423 1339 1339 1423 1403 1403 1488 1404 1404 1489 1339 1339 1423 1404 1404 1489 1340 1340 1424 1340 1340 1424 1404 1404 1489 1405 1405 1490 1340 1340 1424 1405 1405 1490 1341 1341 1425 1341 1341 1425 1405 1405 1490 1406 1406 1491 1341 1341 1425 1406 1406 1491 1342 1342 1426 1342 1342 1426 1406 1406 1491 1407 1407 1492 1342 1342 1426 1407 1407 1492 1343 1343 1427 1343 1343 1427 1407 1407 1492 1408 1408 1493 1343 1343 1427 1408 1408 1493 1344 1344 1428 1344 1344 1428 1408 1408 1493 1345 1345 1494 1344 1344 1428 1345 1345 1494 1281 1281 1429 1345 1345 1430 1409 1409 1495 1410 1410 1496 1345 1345 1430 1410 1410 1496 1346 1346 1431 1346 1346 1431 1410 1410 1496 1411 1411 1497 1346 1346 1431 1411 1411 1497 1347 1347 1432 1347 1347 1432 1411 1411 1497 1412 1412 1498 1347 1347 1432 1412 1412 1498 1348 1348 1433 1348 1348 1433 1412 1412 1498 1413 1413 1499 1348 1348 1433 1413 1413 1499 1349 1349 1434 1349 1349 1434 1413 1413 1499 1414 1414 1500 1349 1349 1434 1414 1414 1500 1350 1350 1435 1350 1350 1435 1414 1414 1500 1415 1415 1501 1350 1350 1435 1415 1415 1501 1351 1351 1436 1351 1351 1436 1415 1415 1501 1416 1416 1502 1351 1351 1436 1416 1416 1502 1352 1352 1437 1352 1352 1437 1416 1416 1502 1417 1417 1503 1352 1352 1437 1417 1417 1503 1353 1353 1438 1353 1353 1438 1417 1417 1503 1418 1418 1504 1353 1353 1438 1418 1418 1504 1354 1354 1439 1354 1354 1439 1418 1418 1504 1419 1419 1505 1354 1354 1439 1419 1419 1505 1355 1355 1440 1355 1355 1440 1419 1419 1505 1420 1420 1506 1355 1355 1440 1420 1420 1506 1356 1356 1441 1356 1356 1441 1420 1420 1506 1421 1421 1507 1356 1356 1441 1421 1421 1507 1357 1357 1442 1357 1357 1442 1421 1421 1507 1422 1422 1508 1357 1357 1442 1422 1422 1508 1358 1358 1443 1358 1358 1443 1422 1422 1508 1423 1423 1509 1358 1358 1443 1423 1423 1509 1359 1359 1444 1359 1359 1444 1423 1423 1509 1424 1424 1510 1359 1359 1444 1424 1424 1510 1360 1360 1445 1360 1360 1445 1424 1424 1510 1425 1425 1511 1360 1360 1445 1425 1425 1511 1361 1361 1446 1361 1361 1446 1425 1425 1511 1426 1426 1512 1361 1361 1446 1426 1426 1512 1362 1362 1447 1362 1362 1447 1426 1426 1512 1427 1427 1513 1362 1362 1447 1427 1427 1513 1363 1363 1448 1363 1363 1448 1427 1427 1513 1428 1428 1514 1363 1363 1448 1428 1428 1514 1364 1364 1449 1364 1364 1449 1428 1428 1514 1429 1429 1515 1364 1364 1449 1429 1429 1515 1365 1365 1450 1365 1365 1450 1429 1429 1515 1430 1430 1516 1365 1365 1450 1430 1430 1516 1366 1366 1451 1366 1366 1451 1430 1430 1516 1431 1431 1517 1366 1366 1451 1431 1431 1517 1367 1367 1452 1367 1367 1452 1431 1431 1517 1432 1432 1518 1367 1367 1452 1432 1432 1518 1368 1368 1453 1368 1368 1453 1432 1432 1518 1433 1433 1519 1368 1368 1453 1433 1433 1519 1369 1369 1454 1369 1369 1454 1433 1433 1519 1434 1434 1520 1369 1369 1454 1434 1434 1520 1370 1370 1455 1370 1370 1455 1434 1434 1520 1435 1435 1521 1370 1370 1455 1435 1435 1521 1371 1371 1456 1371 1371 1456 1435 1435 1521 1436 1436 1522 1371 1371 1456 1436 1436 1522 1372 1372 1457 1372 1372 1457 1436 1436 1522 1437 1437 1523 1372 1372 1457 1437 1437 1523 1373 1373 1458 1373 1373 1458 1437 1437 1523 1438 1438 1524 1373 1373 1458 1438 1438 1524 1374 1374 1459 1374 1374 1459 1438 1438 1524 1439 1439 1525 1374 1374 1459 1439 1439 1525 1375 1375 1460 1375 1375 1460 1439 1439 1525 1440 1440 1526 1375 1375 1460 1440 1440 1526 1376 1376 1461 1376 1376 1461 1440 1440 1526 1441 1441 1527 1376 1376 1461 1441 1441 1527 1377 1377 1462 1377 1377 1462 1441 1441 1527 1442 1442 1528 1377 1377 1462 1442 1442 1528 1378 1378 1463 1378 1378 1463 1442 1442 1528 1443 1443 1529 1378 1378 1463 1443 1443 1529 1379 1379 1464 1379 1379 1464 1443 1443 1529 1444 1444 1530 1379 1379 1464 1444 1444 1530 1380 1380 1465 1380 1380 1465 1444 1444 1530 1445 1445 1531 1380 1380 1465 1445 1445 1531 1381 1381 1466 1381 1381 1466 1445 1445 1531 1446 1446 1532 1381 1381 1466 1446 1446 1532 1382 1382 1467 1382 1382 1467 1446 1446 1532 1447 1447 1533 1382 1382 1467 1447 1447 1533 1383 1383 1468 1383 1383 1468 1447 1447 1533 1448 1448 1534 1383 1383 1468 1448 1448 1534 1384 1384 1469 1384 1384 1469 1448 1448 1534 1449 1449 1535 1384 1384 1469 1449 1449 1535 1385 1385 1470 1385 1385 1470 1449 1449 1535 1450 1450 1536 1385 1385 1470 1450 1450 1536 1386 1386 1471 1386 1386 1471 1450 1450 1536 1451 1451 1537 1386 1386 1471 1451 1451 1537 1387 1387 1472 1387 1387 1472 1451 1451 1537 1452 1452 1538 1387 1387 1472 1452 1452 1538 1388 1388 1473 1388 1388 1473 1452 1452 1538 1453 1453 1539 1388 1388 1473 1453 1453 1539 1389 1389 1474 1389 1389 1474 1453 1453 1539 1454 1454 1540 1389 1389 1474 1454 1454 1540 1390 1390 1475 1390 1390 1475 1454 1454 1540 1455 1455 1541 1390 1390 1475 1455 1455 1541 1391 1391 1476 1391 1391 1476 1455 1455 1541 1456 1456 1542 1391 1391 1476 1456 1456 1542 1392 1392 1477 1392 1392 1477 1456 1456 1542 1457 1457 1543 1392 1392 1477 1457 1457 1543 1393 1393 1478 1393 1393 1478 1457 1457 1543 1458 1458 1544 1393 1393 1478 1458 1458 1544 1394 1394 1479 1394 1394 1479 1458 1458 1544 1459 1459 1545 1394 1394 1479 1459 1459 1545 1395 1395 1480 1395 1395 1480 1459 1459 1545 1460 1460 1546 1395 1395 1480 1460 1460 1546 1396 1396 1481 1396 1396 1481 1460 1460 1546 1461 1461 1547 1396 1396 1481 1461 1461 1547 1397 1397 1482 1397 1397 1482 1461 1461 1547 1462 1462 1548 1397 1397 1482 1462 1462 1548 1398 1398 1483 1398 1398 1483 1462 1462 1548 1463 1463 1549 1398 1398 1483 1463 1463 1549 1399 1399 1484 1399 1399 1484 1463 1463 1549 1464 1464 1550 1399 1399 1484 1464 1464 1550 1400 1400 1485 1400 1400 1485 1464 1464 1550 1465 1465 1551 1400 1400 1485 1465 1465 1551 1401 1401 1486 1401 1401 1486 1465 1465 1551 1466 1466 1552 1401 1401 1486 1466 1466 1552 1402 1402 1487 1402 1402 1487 1466 1466 1552 1467 1467 1553 1402 1402 1487 1467 1467 1553 1403 1403 1488 1403 1403 1488 1467 1467 1553 1468 1468 1554 1403 1403 1488 1468 1468 1554 1404 1404 1489 1404 1404 1489 1468 1468 1554 1469 1469 1555 1404 1404 1489 1469 1469 1555 1405 1405 1490 1405 1405 1490 1469 1469 1555 1470 1470 1556 1405 1405 1490 1470 1470 1556 1406 1406 1491 1406 1406 1491 1470 1470 1556 1471 1471 1557 1406 1406 1491 1471 1471 1557 1407 1407 1492 1407 1407 1492 1471 1471 1557 1472 1472 1558 1407 1407 1492 1472 1472 1558 1408 1408 1493 1408 1408 1493 1472 1472 1558 1409 1409 1559 1408 1408 1493 1409 1409 1559 1345 1345 1494 1409 1409 1495 1473 1473 1560 1474 1474 1561 1409 1409 1495 1474 1474 1561 1410 1410 1496 1410 1410 1496 1474 1474 1561 1475 1475 1562 1410 1410 1496 1475 1475 1562 1411 1411 1497 1411 1411 1497 1475 1475 1562 1476 1476 1563 1411 1411 1497 1476 1476 1563 1412 1412 1498 1412 1412 1498 1476 1476 1563 1477 1477 1564 1412 1412 1498 1477 1477 1564 1413 1413 1499 1413 1413 1499 1477 1477 1564 1478 1478 1565 1413 1413 1499 1478 1478 1565 1414 1414 1500 1414 1414 1500 1478 1478 1565 1479 1479 1566 1414 1414 1500 1479 1479 1566 1415 1415 1501 1415 1415 1501 1479 1479 1566 1480 1480 1567 1415 1415 1501 1480 1480 1567 1416 1416 1502 1416 1416 1502 1480 1480 1567 1481 1481 1568 1416 1416 1502 1481 1481 1568 1417 1417 1503 1417 1417 1503 1481 1481 1568 1482 1482 1569 1417 1417 1503 1482 1482 1569 1418 1418 1504 1418 1418 1504 1482 1482 1569 1483 1483 1570 1418 1418 1504 1483 1483 1570 1419 1419 1505 1419 1419 1505 1483 1483 1570 1484 1484 1571 1419 1419 1505 1484 1484 1571 1420 1420 1506 1420 1420 1506 1484 1484 1571 1485 1485 1572 1420 1420 1506 1485 1485 1572 1421 1421 1507 1421 1421 1507 1485 1485 1572 1486 1486 1573 1421 1421 1507 1486 1486 1573 1422 1422 1508 1422 1422 1508 1486 1486 1573 1487 1487 1574 1422 1422 1508 1487 1487 1574 1423 1423 1509 1423 1423 1509 1487 1487 1574 1488 1488 1575 1423 1423 1509 1488 1488 1575 1424 1424 1510 1424 1424 1510 1488 1488 1575 1489 1489 1576 1424 1424 1510 1489 1489 1576 1425 1425 1511 1425 1425 1511 1489 1489 1576 1490 1490 1577 1425 1425 1511 1490 1490 1577 1426 1426 1512 1426 1426 1512 1490 1490 1577 1491 1491 1578 1426 1426 1512 1491 1491 1578 1427 1427 1513 1427 1427 1513 1491 1491 1578 1492 1492 1579 1427 1427 1513 1492 1492 1579 1428 1428 1514 1428 1428 1514 1492 1492 1579 1493 1493 1580 1428 1428 1514 1493 1493 1580 1429 1429 1515 1429 1429 1515 1493 1493 1580 1494 1494 1581 1429 1429 1515 1494 1494 1581 1430 1430 1516 1430 1430 1516 1494 1494 1581 1495 1495 1582 1430 1430 1516 1495 1495 1582 1431 1431 1517 1431 1431 1517 1495 1495 1582 1496 1496 1583 1431 1431 1517 1496 1496 1583 1432 1432 1518 1432 1432 1518 1496 1496 1583 1497 1497 1584 1432 1432 1518 1497 1497 1584 1433 1433 1519 1433 1433 1519 1497 1497 1584 1498 1498 1585 1433 1433 1519 1498 1498 1585 1434 1434 1520 1434 1434 1520 1498 1498 1585 1499 1499 1586 1434 1434 1520 1499 1499 1586 1435 1435 1521 1435 1435 1521 1499 1499 1586 1500 1500 1587 1435 1435 1521 1500 1500 1587 1436 1436 1522 1436 1436 1522 1500 1500 1587 1501 1501 1588 1436 1436 1522 1501 1501 1588 1437 1437 1523 1437 1437 1523 1501 1501 1588 1502 1502 1589 1437 1437 1523 1502 1502 1589 1438 1438 1524 1438 1438 1524 1502 1502 1589 1503 1503 1590 1438 1438 1524 1503 1503 1590 1439 1439 1525 1439 1439 1525 1503 1503 1590 1504 1504 1591 1439 1439 1525 1504 1504 1591 1440 1440 1526 1440 1440 1526 1504 1504 1591 1505 1505 1592 1440 1440 1526 1505 1505 1592 1441 1441 1527 1441 1441 1527 1505 1505 1592 1506 1506 1593 1441 1441 1527 1506 1506 1593 1442 1442 1528 1442 1442 1528 1506 1506 1593 1507 1507 1594 1442 1442 1528 1507 1507 1594 1443 1443 1529 1443 1443 1529 1507 1507 1594 1508 1508 1595 1443 1443 1529 1508 1508 1595 1444 1444 1530 1444 1444 1530 1508 1508 1595 1509 1509 1596 1444 1444 1530 1509 1509 1596 1445 1445 1531 1445 1445 1531 1509 1509 1596 1510 1510 1597 1445 1445 1531 1510 1510 1597 1446 1446 1532 1446 1446 1532 1510 1510 1597 1511 1511 1598 1446 1446 1532 1511 1511 1598 1447 1447 1533 1447 1447 1533 1511 1511 1598 1512 1512 1599 1447 1447 1533 1512 1512 1599 1448 1448 1534 1448 1448 1534 1512 1512 1599 1513 1513 1600 1448 1448 1534 1513 1513 1600 1449 1449 1535 1449 1449 1535 1513 1513 1600 1514 1514 1601 1449 1449 1535 1514 1514 1601 1450 1450 1536 1450 1450 1536 1514 1514 1601 1515 1515 1602 1450 1450 1536 1515 1515 1602 1451 1451 1537 1451 1451 1537 1515 1515 1602 1516 1516 1603 1451 1451 1537 1516 1516 1603 1452 1452 1538 1452 1452 1538 1516 1516 1603 1517 1517 1604 1452 1452 1538 1517 1517 1604 1453 1453 1539 1453 1453 1539 1517 1517 1604 1518 1518 1605 1453 1453 1539 1518 1518 1605 1454 1454 1540 1454 1454 1540 1518 1518 1605 1519 1519 1606 1454 1454 1540 1519 1519 1606 1455 1455 1541 1455 1455 1541 1519 1519 1606 1520 1520 1607 1455 1455 1541 1520 1520 1607 1456 1456 1542 1456 1456 1542 1520 1520 1607 1521 1521 1608 1456 1456 1542 1521 1521 1608 1457 1457 1543 1457 1457 1543 1521 1521 1608 1522 1522 1609 1457 1457 1543 1522 1522 1609 1458 1458 1544 1458 1458 1544 1522 1522 1609 1523 1523 1610 1458 1458 1544 1523 1523 1610 1459 1459 1545 1459 1459 1545 1523 1523 1610 1524 1524 1611 1459 1459 1545 1524 1524 1611 1460 1460 1546 1460 1460 1546 1524 1524 1611 1525 1525 1612 1460 1460 1546 1525 1525 1612 1461 1461 1547 1461 1461 1547 1525 1525 1612 1526 1526 1613 1461 1461 1547 1526 1526 1613 1462 1462 1548 1462 1462 1548 1526 1526 1613 1527 1527 1614 1462 1462 1548 1527 1527 1614 1463 1463 1549 1463 1463 1549 1527 1527 1614 1528 1528 1615 1463 1463 1549 1528 1528 1615 1464 1464 1550 1464 1464 1550 1528 1528 1615 1529 1529 1616 1464 1464 1550 1529 1529 1616 1465 1465 1551 1465 1465 1551 1529 1529 1616 1530 1530 1617 1465 1465 1551 1530 1530 1617 1466 1466 1552 1466 1466 1552 1530 1530 1617 1531 1531 1618 1466 1466 1552 1531 1531 1618 1467 1467 1553 1467 1467 1553 1531 1531 1618 1532 1532 1619 1467 1467 1553 1532 1532 1619 1468 1468 1554 1468 1468 1554 1532 1532 1619 1533 1533 1620 1468 1468 1554 1533 1533 1620 1469 1469 1555 1469 1469 1555 1533 1533 1620 1534 1534 1621 1469 1469 1555 1534 1534 1621 1470 1470 1556 1470 1470 1556 1534 1534 1621 1535 1535 1622 1470 1470 1556 1535 1535 1622 1471 1471 1557 1471 1471 1557 1535 1535 1622 1536 1536 1623 1471 1471 1557 1536 1536 1623 1472 1472 1558 1472 1472 1558 1536 1536 1623 1473 1473 1624 1472 1472 1558 1473 1473 1624 1409 1409 1559 1473 1473 1560 1537 1537 1625 1538 1538 1626 1473 1473 1560 1538 1538 1626 1474 1474 1561 1474 1474 1561 1538 1538 1626 1539 1539 1627 1474 1474 1561 1539 1539 1627 1475 1475 1562 1475 1475 1562 1539 1539 1627 1540 1540 1628 1475 1475 1562 1540 1540 1628 1476 1476 1563 1476 1476 1563 1540 1540 1628 1541 1541 1629 1476 1476 1563 1541 1541 1629 1477 1477 1564 1477 1477 1564 1541 1541 1629 1542 1542 1630 1477 1477 1564 1542 1542 1630 1478 1478 1565 1478 1478 1565 1542 1542 1630 1543 1543 1631 1478 1478 1565 1543 1543 1631 1479 1479 1566 1479 1479 1566 1543 1543 1631 1544 1544 1632 1479 1479 1566 1544 1544 1632 1480 1480 1567 1480 1480 1567 1544 1544 1632 1545 1545 1633 1480 1480 1567 1545 1545 1633 1481 1481 1568 1481 1481 1568 1545 1545 1633 1546 1546 1634 1481 1481 1568 1546 1546 1634 1482 1482 1569 1482 1482 1569 1546 1546 1634 1547 1547 1635 1482 1482 1569 1547 1547 1635 1483 1483 1570 1483 1483 1570 1547 1547 1635 1548 1548 1636 1483 1483 1570 1548 1548 1636 1484 1484 1571 1484 1484 1571 1548 1548 1636 1549 1549 1637 1484 1484 1571 1549 1549 1637 1485 1485 1572 1485 1485 1572 1549 1549 1637 1550 1550 1638 1485 1485 1572 1550 1550 1638 1486 1486 1573 1486 1486 1573 1550 1550 1638 1551 1551 1639 1486 1486 1573 1551 1551 1639 1487 1487 1574 1487 1487 1574 1551 1551 1639 1552 1552 1640 1487 1487 1574 1552 1552 1640 1488 1488 1575 1488 1488 1575 1552 1552 1640 1553 1553 1641 1488 1488 1575 1553 1553 1641 1489 1489 1576 1489 1489 1576 1553 1553 1641 1554 1554 1642 1489 1489 1576 1554 1554 1642 1490 1490 1577 1490 1490 1577 1554 1554 1642 1555 1555 1643 1490 1490 1577 1555 1555 1643 1491 1491 1578 1491 1491 1578 1555 1555 1643 1556 1556 1644 1491 1491 1578 1556 1556 1644 1492 1492 1579 1492 1492 1579 1556 1556 1644 1557 1557 1645 1492 1492 1579 1557 1557 1645 1493 1493 1580 1493 1493 1580 1557 1557 1645 1558 1558 1646 1493 1493 1580 1558 1558 1646 1494 1494 1581 1494 1494 1581 1558 1558 1646 1559 1559 1647 1494 1494 1581 1559 1559 1647 1495 1495 1582 1495 1495 1582 1559 1559 1647 1560 1560 1648 1495 1495 1582 1560 1560 1648 1496 1496 1583 1496 1496 1583 1560 1560 1648 1561 1561 1649 1496 1496 1583 1561 1561 1649 1497 1497 1584 1497 1497 1584 1561 1561 1649 1562 1562 1650 1497 1497 1584 1562 1562 1650 1498 1498 1585 1498 1498 1585 1562 1562 1650 1563 1563 1651 1498 1498 1585 1563 1563 1651 1499 1499 1586 1499 1499 1586 1563 1563 1651 1564 1564 1652 1499 1499 1586 1564 1564 1652 1500 1500 1587 1500 1500 1587 1564 1564 1652 1565 1565 1653 1500 1500 1587 1565 1565 1653 1501 1501 1588 1501 1501 1588 1565 1565 1653 1566 1566 1654 1501 1501 1588 1566 1566 1654 1502 1502 1589 1502 1502 1589 1566 1566 1654 1567 1567 1655 1502 1502 1589 1567 1567 1655 1503 1503 1590 1503 1503 1590 1567 1567 1655 1568 1568 1656 1503 1503 1590 1568 1568 1656 1504 1504 1591 1504 1504 1591 1568 1568 1656 1569 1569 1657 1504 1504 1591 1569 1569 1657 1505 1505 1592 1505 1505 1592 1569 1569 1657 1570 1570 1658 1505 1505 1592 1570 1570 1658 1506 1506 1593 1506 1506 1593 1570 1570 1658 1571 1571 1659 1506 1506 1593 1571 1571 1659 1507 1507 1594 1507 1507 1594 1571 1571 1659 1572 1572 1660 1507 1507 1594 1572 1572 1660 1508 1508 1595 1508 1508 1595 1572 1572 1660 1573 1573 1661 1508 1508 1595 1573 1573 1661 1509 1509 1596 1509 1509 1596 1573 1573 1661 1574 1574 1662 1509 1509 1596 1574 1574 1662 1510 1510 1597 1510 1510 1597 1574 1574 1662 1575 1575 1663 1510 1510 1597 1575 1575 1663 1511 1511 1598 1511 1511 1598 1575 1575 1663 1576 1576 1664 1511 1511 1598 1576 1576 1664 1512 1512 1599 1512 1512 1599 1576 1576 1664 1577 1577 1665 1512 1512 1599 1577 1577 1665 1513 1513 1600 1513 1513 1600 1577 1577 1665 1578 1578 1666 1513 1513 1600 1578 1578 1666 1514 1514 1601 1514 1514 1601 1578 1578 1666 1579 1579 1667 1514 1514 1601 1579 1579 1667 1515 1515 1602 1515 1515 1602 1579 1579 1667 1580 1580 1668 1515 1515 1602 1580 1580 1668 1516 1516 1603 1516 1516 1603 1580 1580 1668 1581 1581 1669 1516 1516 1603 1581 1581 1669 1517 1517 1604 1517 1517 1604 1581 1581 1669 1582 1582 1670 1517 1517 1604 1582 1582 1670 1518 1518 1605 1518 1518 1605 1582 1582 1670 1583 1583 1671 1518 1518 1605 1583 1583 1671 1519 1519 1606 1519 1519 1606 1583 1583 1671 1584 1584 1672 1519 1519 1606 1584 1584 1672 1520 1520 1607 1520 1520 1607 1584 1584 1672 1585 1585 1673 1520 1520 1607 1585 1585 1673 1521 1521 1608 1521 1521 1608 1585 1585 1673 1586 1586 1674 1521 1521 1608 1586 1586 1674 1522 1522 1609 1522 1522 1609 1586 1586 1674 1587 1587 1675 1522 1522 1609 1587 1587 1675 1523 1523 1610 1523 1523 1610 1587 1587 1675 1588 1588 1676 1523 1523 1610 1588 1588 1676 1524 1524 1611 1524 1524 1611 1588 1588 1676 1589 1589 1677 1524 1524 1611 1589 1589 1677 1525 1525 1612 1525 1525 1612 1589 1589 1677 1590 1590 1678 1525 1525 1612 1590 1590 1678 1526 1526 1613 1526 1526 1613 1590 1590 1678 1591 1591 1679 1526 1526 1613 1591 1591 1679 1527 1527 1614 1527 1527 1614 1591 1591 1679 1592 1592 1680 1527 1527 1614 1592 1592 1680 1528 1528 1615 1528 1528 1615 1592 1592 1680 1593 1593 1681 1528 1528 1615 1593 1593 1681 1529 1529 1616 1529 1529 1616 1593 1593 1681 1594 1594 1682 1529 1529 1616 1594 1594 1682 1530 1530 1617 1530 1530 1617 1594 1594 1682 1595 1595 1683 1530 1530 1617 1595 1595 1683 1531 1531 1618 1531 1531 1618 1595 1595 1683 1596 1596 1684 1531 1531 1618 1596 1596 1684 1532 1532 1619 1532 1532 1619 1596 1596 1684 1597 1597 1685 1532 1532 1619 1597 1597 1685 1533 1533 1620 1533 1533 1620 1597 1597 1685 1598 1598 1686 1533 1533 1620 1598 1598 1686 1534 1534 1621 1534 1534 1621 1598 1598 1686 1599 1599 1687 1534 1534 1621 1599 1599 1687 1535 1535 1622 1535 1535 1622 1599 1599 1687 1600 1600 1688 1535 1535 1622 1600 1600 1688 1536 1536 1623 1536 1536 1623 1600 1600 1688 1537 1537 1689 1536 1536 1623 1537 1537 1689 1473 1473 1624 1537 1537 1625 1601 1601 1690 1602 1602 1691 1537 1537 1625 1602 1602 1691 1538 1538 1626 1538 1538 1626 1602 1602 1691 1603 1603 1692 1538 1538 1626 1603 1603 1692 1539 1539 1627 1539 1539 1627 1603 1603 1692 1604 1604 1693 1539 1539 1627 1604 1604 1693 1540 1540 1628 1540 1540 1628 1604 1604 1693 1605 1605 1694 1540 1540 1628 1605 1605 1694 1541 1541 1629 1541 1541 1629 1605 1605 1694 1606 1606 1695 1541 1541 1629 1606 1606 1695 1542 1542 1630 1542 1542 1630 1606 1606 1695 1607 1607 1696 1542 1542 1630 1607 1607 1696 1543 1543 1631 1543 1543 1631 1607 1607 1696 1608 1608 1697 1543 1543 1631 1608 1608 1697 1544 1544 1632 1544 1544 1632 1608 1608 1697 1609 1609 1698 1544 1544 1632 1609 1609 1698 1545 1545 1633 1545 1545 1633 1609 1609 1698 1610 1610 1699 1545 1545 1633 1610 1610 1699 1546 1546 1634 1546 1546 1634 1610 1610 1699 1611 1611 1700 1546 1546 1634 1611 1611 1700 1547 1547 1635 1547 1547 1635 1611 1611 1700 1612 1612 1701 1547 1547 1635 1612 1612 1701 1548 1548 1636 1548 1548 1636 1612 1612 1701 1613 1613 1702 1548 1548 1636 1613 1613 1702 1549 1549 1637 1549 1549 1637 1613 1613 1702 1614 1614 1703 1549 1549 1637 1614 1614 1703 1550 1550 1638 1550 1550 1638 1614 1614 1703 1615 1615 1704 1550 1550 1638 1615 1615 1704 1551 1551 1639 1551 1551 1639 1615 1615 1704 1616 1616 1705 1551 1551 1639 1616 1616 1705 1552 1552 1640 1552 1552 1640 1616 1616 1705 1617 1617 1706 1552 1552 1640 1617 1617 1706 1553 1553 1641 1553 1553 1641 1617 1617 1706 1618 1618 1707 1553 1553 1641 1618 1618 1707 1554 1554 1642 1554 1554 1642 1618 1618 1707 1619 1619 1708 1554 1554 1642 1619 1619 1708 1555 1555 1643 1555 1555 1643 1619 1619 1708 1620 1620 1709 1555 1555 1643 1620 1620 1709 1556 1556 1644 1556 1556 1644 1620 1620 1709 1621 1621 1710 1556 1556 1644 1621 1621 1710 1557 1557 1645 1557 1557 1645 1621 1621 1710 1622 1622 1711 1557 1557 1645 1622 1622 1711 1558 1558 1646 1558 1558 1646 1622 1622 1711 1623 1623 1712 1558 1558 1646 1623 1623 1712 1559 1559 1647 1559 1559 1647 1623 1623 1712 1624 1624 1713 1559 1559 1647 1624 1624 1713 1560 1560 1648 1560 1560 1648 1624 1624 1713 1625 1625 1714 1560 1560 1648 1625 1625 1714 1561 1561 1649 1561 1561 1649 1625 1625 1714 1626 1626 1715 1561 1561 1649 1626 1626 1715 1562 1562 1650 1562 1562 1650 1626 1626 1715 1627 1627 1716 1562 1562 1650 1627 1627 1716 1563 1563 1651 1563 1563 1651 1627 1627 1716 1628 1628 1717 1563 1563 1651 1628 1628 1717 1564 1564 1652 1564 1564 1652 1628 1628 1717 1629 1629 1718 1564 1564 1652 1629 1629 1718 1565 1565 1653 1565 1565 1653 1629 1629 1718 1630 1630 1719 1565 1565 1653 1630 1630 1719 1566 1566 1654 1566 1566 1654 1630 1630 1719 1631 1631 1720 1566 1566 1654 1631 1631 1720 1567 1567 1655 1567 1567 1655 1631 1631 1720 1632 1632 1721 1567 1567 1655 1632 1632 1721 1568 1568 1656 1568 1568 1656 1632 1632 1721 1633 1633 1722 1568 1568 1656 1633 1633 1722 1569 1569 1657 1569 1569 1657 1633 1633 1722 1634 1634 1723 1569 1569 1657 1634 1634 1723 1570 1570 1658 1570 1570 1658 1634 1634 1723 1635 1635 1724 1570 1570 1658 1635 1635 1724 1571 1571 1659 1571 1571 1659 1635 1635 1724 1636 1636 1725 1571 1571 1659 1636 1636 1725 1572 1572 1660 1572 1572 1660 1636 1636 1725 1637 1637 1726 1572 1572 1660 1637 1637 1726 1573 1573 1661 1573 1573 1661 1637 1637 1726 1638 1638 1727 1573 1573 1661 1638 1638 1727 1574 1574 1662 1574 1574 1662 1638 1638 1727 1639 1639 1728 1574 1574 1662 1639 1639 1728 1575 1575 1663 1575 1575 1663 1639 1639 1728 1640 1640 1729 1575 1575 1663 1640 1640 1729 1576 1576 1664 1576 1576 1664 1640 1640 1729 1641 1641 1730 1576 1576 1664 1641 1641 1730 1577 1577 1665 1577 1577 1665 1641 1641 1730 1642 1642 1731 1577 1577 1665 1642 1642 1731 1578 1578 1666 1578 1578 1666 1642 1642 1731 1643 1643 1732 1578 1578 1666 1643 1643 1732 1579 1579 1667 1579 1579 1667 1643 1643 1732 1644 1644 1733 1579 1579 1667 1644 1644 1733 1580 1580 1668 1580 1580 1668 1644 1644 1733 1645 1645 1734 1580 1580 1668 1645 1645 1734 1581 1581 1669 1581 1581 1669 1645 1645 1734 1646 1646 1735 1581 1581 1669 1646 1646 1735 1582 1582 1670 1582 1582 1670 1646 1646 1735 1647 1647 1736 1582 1582 1670 1647 1647 1736 1583 1583 1671 1583 1583 1671 1647 1647 1736 1648 1648 1737 1583 1583 1671 1648 1648 1737 1584 1584 1672 1584 1584 1672 1648 1648 1737 1649 1649 1738 1584 1584 1672 1649 1649 1738 1585 1585 1673 1585 1585 1673 1649 1649 1738 1650 1650 1739 1585 1585 1673 1650 1650 1739 1586 1586 1674 1586 1586 1674 1650 1650 1739 1651 1651 1740 1586 1586 1674 1651 1651 1740 1587 1587 1675 1587 1587 1675 1651 1651 1740 1652 1652 1741 1587 1587 1675 1652 1652 1741 1588 1588 1676 1588 1588 1676 1652 1652 1741 1653 1653 1742 1588 1588 1676 1653 1653 1742 1589 1589 1677 1589 1589 1677 1653 1653 1742 1654 1654 1743 1589 1589 1677 1654 1654 1743 1590 1590 1678 1590 1590 1678 1654 1654 1743 1655 1655 1744 1590 1590 1678 1655 1655 1744 1591 1591 1679 1591 1591 1679 1655 1655 1744 1656 1656 1745 1591 1591 1679 1656 1656 1745 1592 1592 1680 1592 1592 1680 1656 1656 1745 1657 1657 1746 1592 1592 1680 1657 1657 1746 1593 1593 1681 1593 1593 1681 1657 1657 1746 1658 1658 1747 1593 1593 1681 1658 1658 1747 1594 1594 1682 1594 1594 1682 1658 1658 1747 1659 1659 1748 1594 1594 1682 1659 1659 1748 1595 1595 1683 1595 1595 1683 1659 1659 1748 1660 1660 1749 1595 1595 1683 1660 1660 1749 1596 1596 1684 1596 1596 1684 1660 1660 1749 1661 1661 1750 1596 1596 1684 1661 1661 1750 1597 1597 1685 1597 1597 1685 1661 1661 1750 1662 1662 1751 1597 1597 1685 1662 1662 1751 1598 1598 1686 1598 1598 1686 1662 1662 1751 1663 1663 1752 1598 1598 1686 1663 1663 1752 1599 1599 1687 1599 1599 1687 1663 1663 1752 1664 1664 1753 1599 1599 1687 1664 1664 1753 1600 1600 1688 1600 1600 1688 1664 1664 1753 1601 1601 1754 1600 1600 1688 1601 1601 1754 1537 1537 1689 1601 1601 1690 1665 1665 1755 1666 1666 1756 1601 1601 1690 1666 1666 1756 1602 1602 1691 1602 1602 1691 1666 1666 1756 1667 1667 1757 1602 1602 1691 1667 1667 1757 1603 1603 1692 1603 1603 1692 1667 1667 1757 1668 1668 1758 1603 1603 1692 1668 1668 1758 1604 1604 1693 1604 1604 1693 1668 1668 1758 1669 1669 1759 1604 1604 1693 1669 1669 1759 1605 1605 1694 1605 1605 1694 1669 1669 1759 1670 1670 1760 1605 1605 1694 1670 1670 1760 1606 1606 1695 1606 1606 1695 1670 1670 1760 1671 1671 1761 1606 1606 1695 1671 1671 1761 1607 1607 1696 1607 1607 1696 1671 1671 1761 1672 1672 1762 1607 1607 1696 1672 1672 1762 1608 1608 1697 1608 1608 1697 1672 1672 1762 1673 1673 1763 1608 1608 1697 1673 1673 1763 1609 1609 1698 1609 1609 1698 1673 1673 1763 1674 1674 1764 1609 1609 1698 1674 1674 1764 1610 1610 1699 1610 1610 1699 1674 1674 1764 1675 1675 1765 1610 1610 1699 1675 1675 1765 1611 1611 1700 1611 1611 1700 1675 1675 1765 1676 1676 1766 1611 1611 1700 1676 1676 1766 1612 1612 1701 1612 1612 1701 1676 1676 1766 1677 1677 1767 1612 1612 1701 1677 1677 1767 1613 1613 1702 1613 1613 1702 1677 1677 1767 1678 1678 1768 1613 1613 1702 1678 1678 1768 1614 1614 1703 1614 1614 1703 1678 1678 1768 1679 1679 1769 1614 1614 1703 1679 1679 1769 1615 1615 1704 1615 1615 1704 1679 1679 1769 1680 1680 1770 1615 1615 1704 1680 1680 1770 1616 1616 1705 1616 1616 1705 1680 1680 1770 1681 1681 1771 1616 1616 1705 1681 1681 1771 1617 1617 1706 1617 1617 1706 1681 1681 1771 1682 1682 1772 1617 1617 1706 1682 1682 1772 1618 1618 1707 1618 1618 1707 1682 1682 1772 1683 1683 1773 1618 1618 1707 1683 1683 1773 1619 1619 1708 1619 1619 1708 1683 1683 1773 1684 1684 1774 1619 1619 1708 1684 1684 1774 1620 1620 1709 1620 1620 1709 1684 1684 1774 1685 1685 1775 1620 1620 1709 1685 1685 1775 1621 1621 1710 1621 1621 1710 1685 1685 1775 1686 1686 1776 1621 1621 1710 1686 1686 1776 1622 1622 1711 1622 1622 1711 1686 1686 1776 1687 1687 1777 1622 1622 1711 1687 1687 1777 1623 1623 1712 1623 1623 1712 1687 1687 1777 1688 1688 1778 1623 1623 1712 1688 1688 1778 1624 1624 1713 1624 1624 1713 1688 1688 1778 1689 1689 1779 1624 1624 1713 1689 1689 1779 1625 1625 1714 1625 1625 1714 1689 1689 1779 1690 1690 1780 1625 1625 1714 1690 1690 1780 1626 1626 1715 1626 1626 1715 1690 1690 1780 1691 1691 1781 1626 1626 1715 1691 1691 1781 1627 1627 1716 1627 1627 1716 1691 1691 1781 1692 1692 1782 1627 1627 1716 1692 1692 1782 1628 1628 1717 1628 1628 1717 1692 1692 1782 1693 1693 1783 1628 1628 1717 1693 1693 1783 1629 1629 1718 1629 1629 1718 1693 1693 1783 1694 1694 1784 1629 1629 1718 1694 1694 1784 1630 1630 1719 1630 1630 1719 1694 1694 1784 1695 1695 1785 1630 1630 1719 1695 1695 1785 1631 1631 1720 1631 1631 1720 1695 1695 1785 1696 1696 1786 1631 1631 1720 1696 1696 1786 1632 1632 1721 1632 1632 1721 1696 1696 1786 1697 1697 1787 1632 1632 1721 1697 1697 1787 1633 1633 1722 1633 1633 1722 1697 1697 1787 1698 1698 1788 1633 1633 1722 1698 1698 1788 1634 1634 1723 1634 1634 1723 1698 1698 1788 1699 1699 1789 1634 1634 1723 1699 1699 1789 1635 1635 1724 1635 1635 1724 1699 1699 1789 1700 1700 1790 1635 1635 1724 1700 1700 1790 1636 1636 1725 1636 1636 1725 1700 1700 1790 1701 1701 1791 1636 1636 1725 1701 1701 1791 1637 1637 1726 1637 1637 1726 1701 1701 1791 1702 1702 1792 1637 1637 1726 1702 1702 1792 1638 1638 1727 1638 1638 1727 1702 1702 1792 1703 1703 1793 1638 1638 1727 1703 1703 1793 1639 1639 1728 1639 1639 1728 1703 1703 1793 1704 1704 1794 1639 1639 1728 1704 1704 1794 1640 1640 1729 1640 1640 1729 1704 1704 1794 1705 1705 1795 1640 1640 1729 1705 1705 1795 1641 1641 1730 1641 1641 1730 1705 1705 1795 1706 1706 1796 1641 1641 1730 1706 1706 1796 1642 1642 1731 1642 1642 1731 1706 1706 1796 1707 1707 1797 1642 1642 1731 1707 1707 1797 1643 1643 1732 1643 1643 1732 1707 1707 1797 1708 1708 1798 1643 1643 1732 1708 1708 1798 1644 1644 1733 1644 1644 1733 1708 1708 1798 1709 1709 1799 1644 1644 1733 1709 1709 1799 1645 1645 1734 1645 1645 1734 1709 1709 1799 1710 1710 1800 1645 1645 1734 1710 1710 1800 1646 1646 1735 1646 1646 1735 1710 1710 1800 1711 1711 1801 1646 1646 1735 1711 1711 1801 1647 1647 1736 1647 1647 1736 1711 1711 1801 1712 1712 1802 1647 1647 1736 1712 1712 1802 1648 1648 1737 1648 1648 1737 1712 1712 1802 1713 1713 1803 1648 1648 1737 1713 1713 1803 1649 1649 1738 1649 1649 1738 1713 1713 1803 1714 1714 1804 1649 1649 1738 1714 1714 1804 1650 1650 1739 1650 1650 1739 1714 1714 1804 1715 1715 1805 1650 1650 1739 1715 1715 1805 1651 1651 1740 1651 1651 1740 1715 1715 1805 1716 1716 1806 1651 1651 1740 1716 1716 1806 1652 1652 1741 1652 1652 1741 1716 1716 1806 1717 1717 1807 1652 1652 1741 1717 1717 1807 1653 1653 1742 1653 1653 1742 1717 1717 1807 1718 1718 1808 1653 1653 1742 1718 1718 1808 1654 1654 1743 1654 1654 1743 1718 1718 1808 1719 1719 1809 1654 1654 1743 1719 1719 1809 1655 1655 1744 1655 1655 1744 1719 1719 1809 1720 1720 1810 1655 1655 1744 1720 1720 1810 1656 1656 1745 1656 1656 1745 1720 1720 1810 1721 1721 1811 1656 1656 1745 1721 1721 1811 1657 1657 1746 1657 1657 1746 1721 1721 1811 1722 1722 1812 1657 1657 1746 1722 1722 1812 1658 1658 1747 1658 1658 1747 1722 1722 1812 1723 1723 1813 1658 1658 1747 1723 1723 1813 1659 1659 1748 1659 1659 1748 1723 1723 1813 1724 1724 1814 1659 1659 1748 1724 1724 1814 1660 1660 1749 1660 1660 1749 1724 1724 1814 1725 1725 1815 1660 1660 1749 1725 1725 1815 1661 1661 1750 1661 1661 1750 1725 1725 1815 1726 1726 1816 1661 1661 1750 1726 1726 1816 1662 1662 1751 1662 1662 1751 1726 1726 1816 1727 1727 1817 1662 1662 1751 1727 1727 1817 1663 1663 1752 1663 1663 1752 1727 1727 1817 1728 1728 1818 1663 1663 1752 1728 1728 1818 1664 1664 1753 1664 1664 1753 1728 1728 1818 1665 1665 1819 1664 1664 1753 1665 1665 1819 1601 1601 1754 1665 1665 1755 1729 1729 1820 1730 1730 1821 1665 1665 1755 1730 1730 1821 1666 1666 1756 1666 1666 1756 1730 1730 1821 1731 1731 1822 1666 1666 1756 1731 1731 1822 1667 1667 1757 1667 1667 1757 1731 1731 1822 1732 1732 1823 1667 1667 1757 1732 1732 1823 1668 1668 1758 1668 1668 1758 1732 1732 1823 1733 1733 1824 1668 1668 1758 1733 1733 1824 1669 1669 1759 1669 1669 1759 1733 1733 1824 1734 1734 1825 1669 1669 1759 1734 1734 1825 1670 1670 1760 1670 1670 1760 1734 1734 1825 1735 1735 1826 1670 1670 1760 1735 1735 1826 1671 1671 1761 1671 1671 1761 1735 1735 1826 1736 1736 1827 1671 1671 1761 1736 1736 1827 1672 1672 1762 1672 1672 1762 1736 1736 1827 1737 1737 1828 1672 1672 1762 1737 1737 1828 1673 1673 1763 1673 1673 1763 1737 1737 1828 1738 1738 1829 1673 1673 1763 1738 1738 1829 1674 1674 1764 1674 1674 1764 1738 1738 1829 1739 1739 1830 1674 1674 1764 1739 1739 1830 1675 1675 1765 1675 1675 1765 1739 1739 1830 1740 1740 1831 1675 1675 1765 1740 1740 1831 1676 1676 1766 1676 1676 1766 1740 1740 1831 1741 1741 1832 1676 1676 1766 1741 1741 1832 1677 1677 1767 1677 1677 1767 1741 1741 1832 1742 1742 1833 1677 1677 1767 1742 1742 1833 1678 1678 1768 1678 1678 1768 1742 1742 1833 1743 1743 1834 1678 1678 1768 1743 1743 1834 1679 1679 1769 1679 1679 1769 1743 1743 1834 1744 1744 1835 1679 1679 1769 1744 1744 1835 1680 1680 1770 1680 1680 1770 1744 1744 1835 1745 1745 1836 1680 1680 1770 1745 1745 1836 1681 1681 1771 1681 1681 1771 1745 1745 1836 1746 1746 1837 1681 1681 1771 1746 1746 1837 1682 1682 1772 1682 1682 1772 1746 1746 1837 1747 1747 1838 1682 1682 1772 1747 1747 1838 1683 1683 1773 1683 1683 1773 1747 1747 1838 1748 1748 1839 1683 1683 1773 1748 1748 1839 1684 1684 1774 1684 1684 1774 1748 1748 1839 1749 1749 1840 1684 1684 1774 1749 1749 1840 1685 1685 1775 1685 1685 1775 1749 1749 1840 1750 1750 1841 1685 1685 1775 1750 1750 1841 1686 1686 1776 1686 1686 1776 1750 1750 1841 1751 1751 1842 1686 1686 1776 1751 1751 1842 1687 1687 1777 1687 1687 1777 1751 1751 1842 1752 1752 1843 1687 1687 1777 1752 1752 1843 1688 1688 1778 1688 1688 1778 1752 1752 1843 1753 1753 1844 1688 1688 1778 1753 1753 1844 1689 1689 1779 1689 1689 1779 1753 1753 1844 1754 1754 1845 1689 1689 1779 1754 1754 1845 1690 1690 1780 1690 1690 1780 1754 1754 1845 1755 1755 1846 1690 1690 1780 1755 1755 1846 1691 1691 1781 1691 1691 1781 1755 1755 1846 1756 1756 1847 1691 1691 1781 1756 1756 1847 1692 1692 1782 1692 1692 1782 1756 1756 1847 1757 1757 1848 1692 1692 1782 1757 1757 1848 1693 1693 1783 1693 1693 1783 1757 1757 1848 1758 1758 1849 1693 1693 1783 1758 1758 1849 1694 1694 1784 1694 1694 1784 1758 1758 1849 1759 1759 1850 1694 1694 1784 1759 1759 1850 1695 1695 1785 1695 1695 1785 1759 1759 1850 1760 1760 1851 1695 1695 1785 1760 1760 1851 1696 1696 1786 1696 1696 1786 1760 1760 1851 1761 1761 1852 1696 1696 1786 1761 1761 1852 1697 1697 1787 1697 1697 1787 1761 1761 1852 1762 1762 1853 1697 1697 1787 1762 1762 1853 1698 1698 1788 1698 1698 1788 1762 1762 1853 1763 1763 1854 1698 1698 1788 1763 1763 1854 1699 1699 1789 1699 1699 1789 1763 1763 1854 1764 1764 1855 1699 1699 1789 1764 1764 1855 1700 1700 1790 1700 1700 1790 1764 1764 1855 1765 1765 1856 1700 1700 1790 1765 1765 1856 1701 1701 1791 1701 1701 1791 1765 1765 1856 1766 1766 1857 1701 1701 1791 1766 1766 1857 1702 1702 1792 1702 1702 1792 1766 1766 1857 1767 1767 1858 1702 1702 1792 1767 1767 1858 1703 1703 1793 1703 1703 1793 1767 1767 1858 1768 1768 1859 1703 1703 1793 1768 1768 1859 1704 1704 1794 1704 1704 1794 1768 1768 1859 1769 1769 1860 1704 1704 1794 1769 1769 1860 1705 1705 1795 1705 1705 1795 1769 1769 1860 1770 1770 1861 1705 1705 1795 1770 1770 1861 1706 1706 1796 1706 1706 1796 1770 1770 1861 1771 1771 1862 1706 1706 1796 1771 1771 1862 1707 1707 1797 1707 1707 1797 1771 1771 1862 1772 1772 1863 1707 1707 1797 1772 1772 1863 1708 1708 1798 1708 1708 1798 1772 1772 1863 1773 1773 1864 1708 1708 1798 1773 1773 1864 1709 1709 1799 1709 1709 1799 1773 1773 1864 1774 1774 1865 1709 1709 1799 1774 1774 1865 1710 1710 1800 1710 1710 1800 1774 1774 1865 1775 1775 1866 1710 1710 1800 1775 1775 1866 1711 1711 1801 1711 1711 1801 1775 1775 1866 1776 1776 1867 1711 1711 1801 1776 1776 1867 1712 1712 1802 1712 1712 1802 1776 1776 1867 1777 1777 1868 1712 1712 1802 1777 1777 1868 1713 1713 1803 1713 1713 1803 1777 1777 1868 1778 1778 1869 1713 1713 1803 1778 1778 1869 1714 1714 1804 1714 1714 1804 1778 1778 1869 1779 1779 1870 1714 1714 1804 1779 1779 1870 1715 1715 1805 1715 1715 1805 1779 1779 1870 1780 1780 1871 1715 1715 1805 1780 1780 1871 1716 1716 1806 1716 1716 1806 1780 1780 1871 1781 1781 1872 1716 1716 1806 1781 1781 1872 1717 1717 1807 1717 1717 1807 1781 1781 1872 1782 1782 1873 1717 1717 1807 1782 1782 1873 1718 1718 1808 1718 1718 1808 1782 1782 1873 1783 1783 1874 1718 1718 1808 1783 1783 1874 1719 1719 1809 1719 1719 1809 1783 1783 1874 1784 1784 1875 1719 1719 1809 1784 1784 1875 1720 1720 1810 1720 1720 1810 1784 1784 1875 1785 1785 1876 1720 1720 1810 1785 1785 1876 1721 1721 1811 1721 1721 1811 1785 1785 1876 1786 1786 1877 1721 1721 1811 1786 1786 1877 1722 1722 1812 1722 1722 1812 1786 1786 1877 1787 1787 1878 1722 1722 1812 1787 1787 1878 1723 1723 1813 1723 1723 1813 1787 1787 1878 1788 1788 1879 1723 1723 1813 1788 1788 1879 1724 1724 1814 1724 1724 1814 1788 1788 1879 1789 1789 1880 1724 1724 1814 1789 1789 1880 1725 1725 1815 1725 1725 1815 1789 1789 1880 1790 1790 1881 1725 1725 1815 1790 1790 1881 1726 1726 1816 1726 1726 1816 1790 1790 1881 1791 1791 1882 1726 1726 1816 1791 1791 1882 1727 1727 1817 1727 1727 1817 1791 1791 1882 1792 1792 1883 1727 1727 1817 1792 1792 1883 1728 1728 1818 1728 1728 1818 1792 1792 1883 1729 1729 1884 1728 1728 1818 1729 1729 1884 1665 1665 1819 1729 1729 1820 1793 1793 1885 1794 1794 1886 1729 1729 1820 1794 1794 1886 1730 1730 1821 1730 1730 1821 1794 1794 1886 1795 1795 1887 1730 1730 1821 1795 1795 1887 1731 1731 1822 1731 1731 1822 1795 1795 1887 1796 1796 1888 1731 1731 1822 1796 1796 1888 1732 1732 1823 1732 1732 1823 1796 1796 1888 1797 1797 1889 1732 1732 1823 1797 1797 1889 1733 1733 1824 1733 1733 1824 1797 1797 1889 1798 1798 1890 1733 1733 1824 1798 1798 1890 1734 1734 1825 1734 1734 1825 1798 1798 1890 1799 1799 1891 1734 1734 1825 1799 1799 1891 1735 1735 1826 1735 1735 1826 1799 1799 1891 1800 1800 1892 1735 1735 1826 1800 1800 1892 1736 1736 1827 1736 1736 1827 1800 1800 1892 1801 1801 1893 1736 1736 1827 1801 1801 1893 1737 1737 1828 1737 1737 1828 1801 1801 1893 1802 1802 1894 1737 1737 1828 1802 1802 1894 1738 1738 1829 1738 1738 1829 1802 1802 1894 1803 1803 1895 1738 1738 1829 1803 1803 1895 1739 1739 1830 1739 1739 1830 1803 1803 1895 1804 1804 1896 1739 1739 1830 1804 1804 1896 1740 1740 1831 1740 1740 1831 1804 1804 1896 1805 1805 1897 1740 1740 1831 1805 1805 1897 1741 1741 1832 1741 1741 1832 1805 1805 1897 1806 1806 1898 1741 1741 1832 1806 1806 1898 1742 1742 1833 1742 1742 1833 1806 1806 1898 1807 1807 1899 1742 1742 1833 1807 1807 1899 1743 1743 1834 1743 1743 1834 1807 1807 1899 1808 1808 1900 1743 1743 1834 1808 1808 1900 1744 1744 1835 1744 1744 1835 1808 1808 1900 1809 1809 1901 1744 1744 1835 1809 1809 1901 1745 1745 1836 1745 1745 1836 1809 1809 1901 1810 1810 1902 1745 1745 1836 1810 1810 1902 1746 1746 1837 1746 1746 1837 1810 1810 1902 1811 1811 1903 1746 1746 1837 1811 1811 1903 1747 1747 1838 1747 1747 1838 1811 1811 1903 1812 1812 1904 1747 1747 1838 1812 1812 1904 1748 1748 1839 1748 1748 1839 1812 1812 1904 1813 1813 1905 1748 1748 1839 1813 1813 1905 1749 1749 1840 1749 1749 1840 1813 1813 1905 1814 1814 1906 1749 1749 1840 1814 1814 1906 1750 1750 1841 1750 1750 1841 1814 1814 1906 1815 1815 1907 1750 1750 1841 1815 1815 1907 1751 1751 1842 1751 1751 1842 1815 1815 1907 1816 1816 1908 1751 1751 1842 1816 1816 1908 1752 1752 1843 1752 1752 1843 1816 1816 1908 1817 1817 1909 1752 1752 1843 1817 1817 1909 1753 1753 1844 1753 1753 1844 1817 1817 1909 1818 1818 1910 1753 1753 1844 1818 1818 1910 1754 1754 1845 1754 1754 1845 1818 1818 1910 1819 1819 1911 1754 1754 1845 1819 1819 1911 1755 1755 1846 1755 1755 1846 1819 1819 1911 1820 1820 1912 1755 1755 1846 1820 1820 1912 1756 1756 1847 1756 1756 1847 1820 1820 1912 1821 1821 1913 1756 1756 1847 1821 1821 1913 1757 1757 1848 1757 1757 1848 1821 1821 1913 1822 1822 1914 1757 1757 1848 1822 1822 1914 1758 1758 1849 1758 1758 1849 1822 1822 1914 1823 1823 1915 1758 1758 1849 1823 1823 1915 1759 1759 1850 1759 1759 1850 1823 1823 1915 1824 1824 1916 1759 1759 1850 1824 1824 1916 1760 1760 1851 1760 1760 1851 1824 1824 1916 1825 1825 1917 1760 1760 1851 1825 1825 1917 1761 1761 1852 1761 1761 1852 1825 1825 1917 1826 1826 1918 1761 1761 1852 1826 1826 1918 1762 1762 1853 1762 1762 1853 1826 1826 1918 1827 1827 1919 1762 1762 1853 1827 1827 1919 1763 1763 1854 1763 1763 1854 1827 1827 1919 1828 1828 1920 1763 1763 1854 1828 1828 1920 1764 1764 1855 1764 1764 1855 1828 1828 1920 1829 1829 1921 1764 1764 1855 1829 1829 1921 1765 1765 1856 1765 1765 1856 1829 1829 1921 1830 1830 1922 1765 1765 1856 1830 1830 1922 1766 1766 1857 1766 1766 1857 1830 1830 1922 1831 1831 1923 1766 1766 1857 1831 1831 1923 1767 1767 1858 1767 1767 1858 1831 1831 1923 1832 1832 1924 1767 1767 1858 1832 1832 1924 1768 1768 1859 1768 1768 1859 1832 1832 1924 1833 1833 1925 1768 1768 1859 1833 1833 1925 1769 1769 1860 1769 1769 1860 1833 1833 1925 1834 1834 1926 1769 1769 1860 1834 1834 1926 1770 1770 1861 1770 1770 1861 1834 1834 1926 1835 1835 1927 1770 1770 1861 1835 1835 1927 1771 1771 1862 1771 1771 1862 1835 1835 1927 1836 1836 1928 1771 1771 1862 1836 1836 1928 1772 1772 1863 1772 1772 1863 1836 1836 1928 1837 1837 1929 1772 1772 1863 1837 1837 1929 1773 1773 1864 1773 1773 1864 1837 1837 1929 1838 1838 1930 1773 1773 1864 1838 1838 1930 1774 1774 1865 1774 1774 1865 1838 1838 1930 1839 1839 1931 1774 1774 1865 1839 1839 1931 1775 1775 1866 1775 1775 1866 1839 1839 1931 1840 1840 1932 1775 1775 1866 1840 1840 1932 1776 1776 1867 1776 1776 1867 1840 1840 1932 1841 1841 1933 1776 1776 1867 1841 1841 1933 1777 1777 1868 1777 1777 1868 1841 1841 1933 1842 1842 1934 1777 1777 1868 1842 1842 1934 1778 1778 1869 1778 1778 1869 1842 1842 1934 1843 1843 1935 1778 1778 1869 1843 1843 1935 1779 1779 1870 1779 1779 1870 1843 1843 1935 1844 1844 1936 1779 1779 1870 1844 1844 1936 1780 1780 1871 1780 1780 1871 1844 1844 1936 1845 1845 1937 1780 1780 1871 1845 1845 1937 1781 1781 1872 1781 1781 1872 1845 1845 1937 1846 1846 1938 1781 1781 1872 1846 1846 1938 1782 1782 1873 1782 1782 1873 1846 1846 1938 1847 1847 1939 1782 1782 1873 1847 1847 1939 1783 1783 1874 1783 1783 1874 1847 1847 1939 1848 1848 1940 1783 1783 1874 1848 1848 1940 1784 1784 1875 1784 1784 1875 1848 1848 1940 1849 1849 1941 1784 1784 1875 1849 1849 1941 1785 1785 1876 1785 1785 1876 1849 1849 1941 1850 1850 1942 1785 1785 1876 1850 1850 1942 1786 1786 1877 1786 1786 1877 1850 1850 1942 1851 1851 1943 1786 1786 1877 1851 1851 1943 1787 1787 1878 1787 1787 1878 1851 1851 1943 1852 1852 1944 1787 1787 1878 1852 1852 1944 1788 1788 1879 1788 1788 1879 1852 1852 1944 1853 1853 1945 1788 1788 1879 1853 1853 1945 1789 1789 1880 1789 1789 1880 1853 1853 1945 1854 1854 1946 1789 1789 1880 1854 1854 1946 1790 1790 1881 1790 1790 1881 1854 1854 1946 1855 1855 1947 1790 1790 1881 1855 1855 1947 1791 1791 1882 1791 1791 1882 1855 1855 1947 1856 1856 1948 1791 1791 1882 1856 1856 1948 1792 1792 1883 1792 1792 1883 1856 1856 1948 1793 1793 1949 1792 1792 1883 1793 1793 1949 1729 1729 1884 1793 1793 1885 1857 1857 1950 1858 1858 1951 1793 1793 1885 1858 1858 1951 1794 1794 1886 1794 1794 1886 1858 1858 1951 1859 1859 1952 1794 1794 1886 1859 1859 1952 1795 1795 1887 1795 1795 1887 1859 1859 1952 1860 1860 1953 1795 1795 1887 1860 1860 1953 1796 1796 1888 1796 1796 1888 1860 1860 1953 1861 1861 1954 1796 1796 1888 1861 1861 1954 1797 1797 1889 1797 1797 1889 1861 1861 1954 1862 1862 1955 1797 1797 1889 1862 1862 1955 1798 1798 1890 1798 1798 1890 1862 1862 1955 1863 1863 1956 1798 1798 1890 1863 1863 1956 1799 1799 1891 1799 1799 1891 1863 1863 1956 1864 1864 1957 1799 1799 1891 1864 1864 1957 1800 1800 1892 1800 1800 1892 1864 1864 1957 1865 1865 1958 1800 1800 1892 1865 1865 1958 1801 1801 1893 1801 1801 1893 1865 1865 1958 1866 1866 1959 1801 1801 1893 1866 1866 1959 1802 1802 1894 1802 1802 1894 1866 1866 1959 1867 1867 1960 1802 1802 1894 1867 1867 1960 1803 1803 1895 1803 1803 1895 1867 1867 1960 1868 1868 1961 1803 1803 1895 1868 1868 1961 1804 1804 1896 1804 1804 1896 1868 1868 1961 1869 1869 1962 1804 1804 1896 1869 1869 1962 1805 1805 1897 1805 1805 1897 1869 1869 1962 1870 1870 1963 1805 1805 1897 1870 1870 1963 1806 1806 1898 1806 1806 1898 1870 1870 1963 1871 1871 1964 1806 1806 1898 1871 1871 1964 1807 1807 1899 1807 1807 1899 1871 1871 1964 1872 1872 1965 1807 1807 1899 1872 1872 1965 1808 1808 1900 1808 1808 1900 1872 1872 1965 1873 1873 1966 1808 1808 1900 1873 1873 1966 1809 1809 1901 1809 1809 1901 1873 1873 1966 1874 1874 1967 1809 1809 1901 1874 1874 1967 1810 1810 1902 1810 1810 1902 1874 1874 1967 1875 1875 1968 1810 1810 1902 1875 1875 1968 1811 1811 1903 1811 1811 1903 1875 1875 1968 1876 1876 1969 1811 1811 1903 1876 1876 1969 1812 1812 1904 1812 1812 1904 1876 1876 1969 1877 1877 1970 1812 1812 1904 1877 1877 1970 1813 1813 1905 1813 1813 1905 1877 1877 1970 1878 1878 1971 1813 1813 1905 1878 1878 1971 1814 1814 1906 1814 1814 1906 1878 1878 1971 1879 1879 1972 1814 1814 1906 1879 1879 1972 1815 1815 1907 1815 1815 1907 1879 1879 1972 1880 1880 1973 1815 1815 1907 1880 1880 1973 1816 1816 1908 1816 1816 1908 1880 1880 1973 1881 1881 1974 1816 1816 1908 1881 1881 1974 1817 1817 1909 1817 1817 1909 1881 1881 1974 1882 1882 1975 1817 1817 1909 1882 1882 1975 1818 1818 1910 1818 1818 1910 1882 1882 1975 1883 1883 1976 1818 1818 1910 1883 1883 1976 1819 1819 1911 1819 1819 1911 1883 1883 1976 1884 1884 1977 1819 1819 1911 1884 1884 1977 1820 1820 1912 1820 1820 1912 1884 1884 1977 1885 1885 1978 1820 1820 1912 1885 1885 1978 1821 1821 1913 1821 1821 1913 1885 1885 1978 1886 1886 1979 1821 1821 1913 1886 1886 1979 1822 1822 1914 1822 1822 1914 1886 1886 1979 1887 1887 1980 1822 1822 1914 1887 1887 1980 1823 1823 1915 1823 1823 1915 1887 1887 1980 1888 1888 1981 1823 1823 1915 1888 1888 1981 1824 1824 1916 1824 1824 1916 1888 1888 1981 1889 1889 1982 1824 1824 1916 1889 1889 1982 1825 1825 1917 1825 1825 1917 1889 1889 1982 1890 1890 1983 1825 1825 1917 1890 1890 1983 1826 1826 1918 1826 1826 1918 1890 1890 1983 1891 1891 1984 1826 1826 1918 1891 1891 1984 1827 1827 1919 1827 1827 1919 1891 1891 1984 1892 1892 1985 1827 1827 1919 1892 1892 1985 1828 1828 1920 1828 1828 1920 1892 1892 1985 1893 1893 1986 1828 1828 1920 1893 1893 1986 1829 1829 1921 1829 1829 1921 1893 1893 1986 1894 1894 1987 1829 1829 1921 1894 1894 1987 1830 1830 1922 1830 1830 1922 1894 1894 1987 1895 1895 1988 1830 1830 1922 1895 1895 1988 1831 1831 1923 1831 1831 1923 1895 1895 1988 1896 1896 1989 1831 1831 1923 1896 1896 1989 1832 1832 1924 1832 1832 1924 1896 1896 1989 1897 1897 1990 1832 1832 1924 1897 1897 1990 1833 1833 1925 1833 1833 1925 1897 1897 1990 1898 1898 1991 1833 1833 1925 1898 1898 1991 1834 1834 1926 1834 1834 1926 1898 1898 1991 1899 1899 1992 1834 1834 1926 1899 1899 1992 1835 1835 1927 1835 1835 1927 1899 1899 1992 1900 1900 1993 1835 1835 1927 1900 1900 1993 1836 1836 1928 1836 1836 1928 1900 1900 1993 1901 1901 1994 1836 1836 1928 1901 1901 1994 1837 1837 1929 1837 1837 1929 1901 1901 1994 1902 1902 1995 1837 1837 1929 1902 1902 1995 1838 1838 1930 1838 1838 1930 1902 1902 1995 1903 1903 1996 1838 1838 1930 1903 1903 1996 1839 1839 1931 1839 1839 1931 1903 1903 1996 1904 1904 1997 1839 1839 1931 1904 1904 1997 1840 1840 1932 1840 1840 1932 1904 1904 1997 1905 1905 1998 1840 1840 1932 1905 1905 1998 1841 1841 1933 1841 1841 1933 1905 1905 1998 1906 1906 1999 1841 1841 1933 1906 1906 1999 1842 1842 1934 1842 1842 1934 1906 1906 1999 1907 1907 2000 1842 1842 1934 1907 1907 2000 1843 1843 1935 1843 1843 1935 1907 1907 2000 1908 1908 2001 1843 1843 1935 1908 1908 2001 1844 1844 1936 1844 1844 1936 1908 1908 2001 1909 1909 2002 1844 1844 1936 1909 1909 2002 1845 1845 1937 1845 1845 1937 1909 1909 2002 1910 1910 2003 1845 1845 1937 1910 1910 2003 1846 1846 1938 1846 1846 1938 1910 1910 2003 1911 1911 2004 1846 1846 1938 1911 1911 2004 1847 1847 1939 1847 1847 1939 1911 1911 2004 1912 1912 2005 1847 1847 1939 1912 1912 2005 1848 1848 1940 1848 1848 1940 1912 1912 2005 1913 1913 2006 1848 1848 1940 1913 1913 2006 1849 1849 1941 1849 1849 1941 1913 1913 2006 1914 1914 2007 1849 1849 1941 1914 1914 2007 1850 1850 1942 1850 1850 1942 1914 1914 2007 1915 1915 2008 1850 1850 1942 1915 1915 2008 1851 1851 1943 1851 1851 1943 1915 1915 2008 1916 1916 2009 1851 1851 1943 1916 1916 2009 1852 1852 1944 1852 1852 1944 1916 1916 2009 1917 1917 2010 1852 1852 1944 1917 1917 2010 1853 1853 1945 1853 1853 1945 1917 1917 2010 1918 1918 2011 1853 1853 1945 1918 1918 2011 1854 1854 1946 1854 1854 1946 1918 1918 2011 1919 1919 2012 1854 1854 1946 1919 1919 2012 1855 1855 1947 1855 1855 1947 1919 1919 2012 1920 1920 2013 1855 1855 1947 1920 1920 2013 1856 1856 1948 1856 1856 1948 1920 1920 2013 1857 1857 2014 1856 1856 1948 1857 1857 2014 1793 1793 1949 1857 1857 1950 1921 1921 2015 1922 1922 2016 1857 1857 1950 1922 1922 2016 1858 1858 1951 1858 1858 1951 1922 1922 2016 1923 1923 2017 1858 1858 1951 1923 1923 2017 1859 1859 1952 1859 1859 1952 1923 1923 2017 1924 1924 2018 1859 1859 1952 1924 1924 2018 1860 1860 1953 1860 1860 1953 1924 1924 2018 1925 1925 2019 1860 1860 1953 1925 1925 2019 1861 1861 1954 1861 1861 1954 1925 1925 2019 1926 1926 2020 1861 1861 1954 1926 1926 2020 1862 1862 1955 1862 1862 1955 1926 1926 2020 1927 1927 2021 1862 1862 1955 1927 1927 2021 1863 1863 1956 1863 1863 1956 1927 1927 2021 1928 1928 2022 1863 1863 1956 1928 1928 2022 1864 1864 1957 1864 1864 1957 1928 1928 2022 1929 1929 2023 1864 1864 1957 1929 1929 2023 1865 1865 1958 1865 1865 1958 1929 1929 2023 1930 1930 2024 1865 1865 1958 1930 1930 2024 1866 1866 1959 1866 1866 1959 1930 1930 2024 1931 1931 2025 1866 1866 1959 1931 1931 2025 1867 1867 1960 1867 1867 1960 1931 1931 2025 1932 1932 2026 1867 1867 1960 1932 1932 2026 1868 1868 1961 1868 1868 1961 1932 1932 2026 1933 1933 2027 1868 1868 1961 1933 1933 2027 1869 1869 1962 1869 1869 1962 1933 1933 2027 1934 1934 2028 1869 1869 1962 1934 1934 2028 1870 1870 1963 1870 1870 1963 1934 1934 2028 1935 1935 2029 1870 1870 1963 1935 1935 2029 1871 1871 1964 1871 1871 1964 1935 1935 2029 1936 1936 2030 1871 1871 1964 1936 1936 2030 1872 1872 1965 1872 1872 1965 1936 1936 2030 1937 1937 2031 1872 1872 1965 1937 1937 2031 1873 1873 1966 1873 1873 1966 1937 1937 2031 1938 1938 2032 1873 1873 1966 1938 1938 2032 1874 1874 1967 1874 1874 1967 1938 1938 2032 1939 1939 2033 1874 1874 1967 1939 1939 2033 1875 1875 1968 1875 1875 1968 1939 1939 2033 1940 1940 2034 1875 1875 1968 1940 1940 2034 1876 1876 1969 1876 1876 1969 1940 1940 2034 1941 1941 2035 1876 1876 1969 1941 1941 2035 1877 1877 1970 1877 1877 1970 1941 1941 2035 1942 1942 2036 1877 1877 1970 1942 1942 2036 1878 1878 1971 1878 1878 1971 1942 1942 2036 1943 1943 2037 1878 1878 1971 1943 1943 2037 1879 1879 1972 1879 1879 1972 1943 1943 2037 1944 1944 2038 1879 1879 1972 1944 1944 2038 1880 1880 1973 1880 1880 1973 1944 1944 2038 1945 1945 2039 1880 1880 1973 1945 1945 2039 1881 1881 1974 1881 1881 1974 1945 1945 2039 1946 1946 2040 1881 1881 1974 1946 1946 2040 1882 1882 1975 1882 1882 1975 1946 1946 2040 1947 1947 2041 1882 1882 1975 1947 1947 2041 1883 1883 1976 1883 1883 1976 1947 1947 2041 1948 1948 2042 1883 1883 1976 1948 1948 2042 1884 1884 1977 1884 1884 1977 1948 1948 2042 1949 1949 2043 1884 1884 1977 1949 1949 2043 1885 1885 1978 1885 1885 1978 1949 1949 2043 1950 1950 2044 1885 1885 1978 1950 1950 2044 1886 1886 1979 1886 1886 1979 1950 1950 2044 1951 1951 2045 1886 1886 1979 1951 1951 2045 1887 1887 1980 1887 1887 1980 1951 1951 2045 1952 1952 2046 1887 1887 1980 1952 1952 2046 1888 1888 1981 1888 1888 1981 1952 1952 2046 1953 1953 2047 1888 1888 1981 1953 1953 2047 1889 1889 1982 1889 1889 1982 1953 1953 2047 1954 1954 2048 1889 1889 1982 1954 1954 2048 1890 1890 1983 1890 1890 1983 1954 1954 2048 1955 1955 2049 1890 1890 1983 1955 1955 2049 1891 1891 1984 1891 1891 1984 1955 1955 2049 1956 1956 2050 1891 1891 1984 1956 1956 2050 1892 1892 1985 1892 1892 1985 1956 1956 2050 1957 1957 2051 1892 1892 1985 1957 1957 2051 1893 1893 1986 1893 1893 1986 1957 1957 2051 1958 1958 2052 1893 1893 1986 1958 1958 2052 1894 1894 1987 1894 1894 1987 1958 1958 2052 1959 1959 2053 1894 1894 1987 1959 1959 2053 1895 1895 1988 1895 1895 1988 1959 1959 2053 1960 1960 2054 1895 1895 1988 1960 1960 2054 1896 1896 1989 1896 1896 1989 1960 1960 2054 1961 1961 2055 1896 1896 1989 1961 1961 2055 1897 1897 1990 1897 1897 1990 1961 1961 2055 1962 1962 2056 1897 1897 1990 1962 1962 2056 1898 1898 1991 1898 1898 1991 1962 1962 2056 1963 1963 2057 1898 1898 1991 1963 1963 2057 1899 1899 1992 1899 1899 1992 1963 1963 2057 1964 1964 2058 1899 1899 1992 1964 1964 2058 1900 1900 1993 1900 1900 1993 1964 1964 2058 1965 1965 2059 1900 1900 1993 1965 1965 2059 1901 1901 1994 1901 1901 1994 1965 1965 2059 1966 1966 2060 1901 1901 1994 1966 1966 2060 1902 1902 1995 1902 1902 1995 1966 1966 2060 1967 1967 2061 1902 1902 1995 1967 1967 2061 1903 1903 1996 1903 1903 1996 1967 1967 2061 1968 1968 2062 1903 1903 1996 1968 1968 2062 1904 1904 1997 1904 1904 1997 1968 1968 2062 1969 1969 2063 1904 1904 1997 1969 1969 2063 1905 1905 1998 1905 1905 1998 1969 1969 2063 1970 1970 2064 1905 1905 1998 1970 1970 2064 1906 1906 1999 1906 1906 1999 1970 1970 2064 1971 1971 2065 1906 1906 1999 1971 1971 2065 1907 1907 2000 1907 1907 2000 1971 1971 2065 1972 1972 2066 1907 1907 2000 1972 1972 2066 1908 1908 2001 1908 1908 2001 1972 1972 2066 1973 1973 2067 1908 1908 2001 1973 1973 2067 1909 1909 2002 1909 1909 2002 1973 1973 2067 1974 1974 2068 1909 1909 2002 1974 1974 2068 1910 1910 2003 1910 1910 2003 1974 1974 2068 1975 1975 2069 1910 1910 2003 1975 1975 2069 1911 1911 2004 1911 1911 2004 1975 1975 2069 1976 1976 2070 1911 1911 2004 1976 1976 2070 1912 1912 2005 1912 1912 2005 1976 1976 2070 1977 1977 2071 1912 1912 2005 1977 1977 2071 1913 1913 2006 1913 1913 2006 1977 1977 2071 1978 1978 2072 1913 1913 2006 1978 1978 2072 1914 1914 2007 1914 1914 2007 1978 1978 2072 1979 1979 2073 1914 1914 2007 1979 1979 2073 1915 1915 2008 1915 1915 2008 1979 1979 2073 1980 1980 2074 1915 1915 2008 1980 1980 2074 1916 1916 2009 1916 1916 2009 1980 1980 2074 1981 1981 2075 1916 1916 2009 1981 1981 2075 1917 1917 2010 1917 1917 2010 1981 1981 2075 1982 1982 2076 1917 1917 2010 1982 1982 2076 1918 1918 2011 1918 1918 2011 1982 1982 2076 1983 1983 2077 1918 1918 2011 1983 1983 2077 1919 1919 2012 1919 1919 2012 1983 1983 2077 1984 1984 2078 1919 1919 2012 1984 1984 2078 1920 1920 2013 1920 1920 2013 1984 1984 2078 1921 1921 2079 1920 1920 2013 1921 1921 2079 1857 1857 2014 1985 1985 2080 1922 1922 2016 1921 1921 2015 1985 1985 2081 1923 1923 2017 1922 1922 2016 1985 1985 2082 1924 1924 2018 1923 1923 2017 1985 1985 2083 1925 1925 2019 1924 1924 2018 1985 1985 2084 1926 1926 2020 1925 1925 2019 1985 1985 2085 1927 1927 2021 1926 1926 2020 1985 1985 2086 1928 1928 2022 1927 1927 2021 1985 1985 2087 1929 1929 2023 1928 1928 2022 1985 1985 2088 1930 1930 2024 1929 1929 2023 1985 1985 2089 1931 1931 2025 1930 1930 2024 1985 1985 2090 1932 1932 2026 1931 1931 2025 1985 1985 2091 1933 1933 2027 1932 1932 2026 1985 1985 2092 1934 1934 2028 1933 1933 2027 1985 1985 2093 1935 1935 2029 1934 1934 2028 1985 1985 2094 1936 1936 2030 1935 1935 2029 1985 1985 2095 1937 1937 2031 1936 1936 2030 1985 1985 2096 1938 1938 2032 1937 1937 2031 1985 1985 2097 1939 1939 2033 1938 1938 2032 1985 1985 2098 1940 1940 2034 1939 1939 2033 1985 1985 2099 1941 1941 2035 1940 1940 2034 1985 1985 2100 1942 1942 2036 1941 1941 2035 1985 1985 2101 1943 1943 2037 1942 1942 2036 1985 1985 2102 1944 1944 2038 1943 1943 2037 1985 1985 2103 1945 1945 2039 1944 1944 2038 1985 1985 2104 1946 1946 2040 1945 1945 2039 1985 1985 2105 1947 1947 2041 1946 1946 2040 1985 1985 2106 1948 1948 2042 1947 1947 2041 1985 1985 2107 1949 1949 2043 1948 1948 2042 1985 1985 2108 1950 1950 2044 1949 1949 2043 1985 1985 2109 1951 1951 2045 1950 1950 2044 1985 1985 2110 1952 1952 2046 1951 1951 2045 1985 1985 2111 1953 1953 2047 1952 1952 2046 1985 1985 2112 1954 1954 2048 1953 1953 2047 1985 1985 2113 1955 1955 2049 1954 1954 2048 1985 1985 2114 1956 1956 2050 1955 1955 2049 1985 1985 2115 1957 1957 2051 1956 1956 2050 1985 1985 2116 1958 1958 2052 1957 1957 2051 1985 1985 2117 1959 1959 2053 1958 1958 2052 1985 1985 2118 1960 1960 2054 1959 1959 2053 1985 1985 2119 1961 1961 2055 1960 1960 2054 1985 1985 2120 1962 1962 2056 1961 1961 2055 1985 1985 2121 1963 1963 2057 1962 1962 2056 1985 1985 2122 1964 1964 2058 1963 1963 2057 1985 1985 2123 1965 1965 2059 1964 1964 2058 1985 1985 2124 1966 1966 2060 1965 1965 2059 1985 1985 2125 1967 1967 2061 1966 1966 2060 1985 1985 2126 1968 1968 2062 1967 1967 2061 1985 1985 2127 1969 1969 2063 1968 1968 2062 1985 1985 2128 1970 1970 2064 1969 1969 2063 1985 1985 2129 1971 1971 2065 1970 1970 2064 1985 1985 2130 1972 1972 2066 1971 1971 2065 1985 1985 2131 1973 1973 2067 1972 1972 2066 1985 1985 2132 1974 1974 2068 1973 1973 2067 1985 1985 2133 1975 1975 2069 1974 1974 2068 1985 1985 2134 1976 1976 2070 1975 1975 2069 1985 1985 2135 1977 1977 2071 1976 1976 2070 1985 1985 2136 1978 1978 2072 1977 1977 2071 1985 1985 2137 1979 1979 2073 1978 1978 2072 1985 1985 2138 1980 1980 2074 1979 1979 2073 1985 1985 2139 1981 1981 2075 1980 1980 2074 1985 1985 2140 1982 1982 2076 1981 1981 2075 1985 1985 2141 1983 1983 2077 1982 1982 2076 1985 1985 2142 1984 1984 2078 1983 1983 2077 1985 1985 2143 1921 1921 2079 1984 1984 2078</p>
        </triangles>
      </mesh>
      <extra>
        <technique profile="OpenCOLLADA3dsMax">
          <max_sphere>
            <generateuvs>1</generateuvs>
            <hemisphere>0</hemisphere>
            <radius>100</radius>
            <recenter>0</recenter>
            <segments>64</segments>
            <slicefrom>0</slicefrom>
            <sliceon>0</sliceon>
            <sliceto>0</sliceto>
            <smooth>1</smooth>
            <squash>0</squash>
          </max_sphere>
        </technique>
      </extra>
    </geometry>
    <geometry id="geom-Sphere002" name="Sphere002">
      <mesh>
        <source id="geom-Sphere002-positions">
          <float_array id="geom-Sphere002-positions-array" count="5958">0 0 100 -4.28447e-7 9.801714 99.51847 -0.9607368 9.754516 99.51847 -1.912221 9.613377 99.51847 -2.845289 9.379655 99.51847 -3.750956 9.055602 99.51847 -4.620497 8.64434 99.51847 -5.445542 8.149827 99.51847 -6.218143 7.576826 99.51847 -6.93086 6.930857 99.51847 -7.576829 6.218139 99.51847 -8.149829 5.445538 99.51847 -8.644341 4.620493 99.51847 -9.055604 3.75095 99.51847 -9.379657 2.845283 99.51847 -9.613378 1.912215 99.51847 -9.754517 0.9607309 99.51847 -9.801714 -5.53071e-6 99.51847 -9.754516 -0.9607419 99.51847 -9.613376 -1.912226 99.51847 -9.379653 -2.845294 99.51847 -9.0556 -3.75096 99.51847 -8.644337 -4.620502 99.51847 -8.149823 -5.445547 99.51847 -7.576822 -6.218148 99.51847 -6.930852 -6.930865 99.51847 -6.218134 -7.576833 99.51847 -5.445535 -8.149831 99.51847 -4.620492 -8.644342 99.51847 -3.750951 -9.055604 99.51847 -2.845286 -9.379656 99.51847 -1.91222 -9.613377 99.51847 -0.9607385 -9.754516 99.51847 -4.55694e-6 -9.801714 99.51847 0.9607295 -9.754517 99.51847 1.912211 -9.613379 99.51847 2.845277 -9.379659 99.51847 3.750942 -9.055608 99.51847 4.620483 -8.644346 99.51847 5.445527 -8.149837 99.51847 6.218127 -7.576839 99.51847 6.930844 -6.930873 99.51847 7.576813 -6.218158 99.51847 8.149814 -5.44556 99.51847 8.644328 -4.620519 99.51847 9.055593 -3.750979 99.51847 9.379647 -2.845316 99.51847 9.613371 -1.912251 99.51847 9.754513 -0.9607696 99.51847 9.801714 -3.56768e-5 99.51847 9.754519 0.9606985 99.51847 9.613384 1.912181 99.51847 9.379667 2.845248 99.51847 9.055619 3.750913 99.51847 8.644361 4.620456 99.51847 8.149854 5.445501 99.51847 7.576859 6.218103 99.51847 6.930894 6.930822 99.51847 6.218183 7.576794 99.51847 5.445586 8.149796 99.51847 4.620546 8.644313 99.51847 3.751008 9.05558 99.51847 2.845346 9.379638 99.51847 1.912281 9.613364 99.51847 0.9608005 9.75451 99.51847 -8.52767e-7 19.50903 98.07852 -1.912221 19.41509 98.07852 -3.806026 19.13417 98.07852 -5.663177 18.66898 98.07852 -7.465788 18.02399 98.07852 -9.196496 17.20543 98.07852 -10.83864 16.22117 98.07852 -12.3764 15.08068 98.07852 -13.79497 13.79497 98.07852 -15.08069 12.3764 98.07852 -16.22117 10.83863 98.07852 -17.20543 9.196488 98.07852 -18.024 7.465777 98.07852 -18.66898 5.663165 98.07852 -19.13417 3.806014 98.07852 -19.41509 1.91221 98.07852 -19.50903 -1.10082e-5 98.07852 -19.41509 -1.912231 98.07852 -19.13417 -3.806036 98.07852 -18.66898 -5.663186 98.07852 -18.02399 -7.465797 98.07852 -17.20543 -9.196507 98.07852 -16.22116 -10.83865 98.07852 -15.08068 -12.37641 98.07852 -13.79496 -13.79498 98.07852 -12.37639 -15.0807 98.07852 -10.83863 -16.22118 98.07852 -9.196486 -17.20544 98.07852 -7.465778 -18.024 98.07852 -5.663171 -18.66898 98.07852 -3.806025 -19.13417 98.07852 -1.912225 -19.41509 98.07852 -9.06999e-6 -19.50903 98.07852 1.912207 -19.41509 98.07852 3.806007 -19.13418 98.07852 5.663153 -18.66899 98.07852 7.465761 -18.02401 98.07852 9.196469 -17.20544 98.07852 10.83861 -16.22119 98.07852 12.37637 -15.08071 98.07852 13.79494 -13.795 98.07852 15.08066 -12.37643 98.07852 16.22114 -10.83868 98.07852 17.20541 -9.19654 98.07852 18.02398 -7.465835 98.07852 18.66896 -5.66323 98.07852 19.13416 -3.806086 98.07852 19.41508 -1.912287 98.07852 19.50903 -7.101e-5 98.07852 19.4151 1.912145 98.07852 19.13419 3.805946 98.07852 18.669 5.663094 98.07852 18.02403 7.465704 98.07852 17.20547 9.196415 98.07852 16.22122 10.83856 98.07852 15.08075 12.37632 98.07852 13.79504 13.7949 98.07852 12.37648 15.08062 98.07852 10.83873 16.22111 98.07852 9.196595 17.20538 98.07852 7.465892 18.02395 98.07852 5.66329 18.66895 98.07852 3.806146 19.13415 98.07852 1.912348 19.41508 98.07852 -1.26887e-6 29.02847 95.69404 -2.84529 28.88869 95.69404 -5.663177 28.47069 95.69404 -8.426524 27.77851 95.69404 -11.10872 26.8188 95.69404 -13.68393 25.60082 95.69404 -16.12736 24.13629 95.69404 -18.41547 22.4393 95.69404 -20.52623 20.52622 95.69404 -22.43931 18.41546 95.69404 -24.13629 16.12734 95.69404 -25.60083 13.68392 95.69404 -26.81881 11.1087 95.69404 -27.77851 8.426507 95.69404 -28.4707 5.663159 95.69404 -28.88869 2.845272 95.69404 -29.02847 -1.63796e-5 95.69404 -28.88869 -2.845305 95.69404 -28.47069 -5.663191 95.69404 -27.77851 -8.426538 95.69404 -26.8188 -11.10873 95.69404 -25.60081 -13.68394 95.69404 -24.13628 -16.12737 95.69404 -22.43929 -18.41548 95.69404 -20.52621 -20.52625 95.69404 -18.41544 -22.43933 95.69404 -16.12733 -24.1363 95.69404 -13.68391 -25.60083 95.69404 -11.1087 -26.81881 95.69404 -8.426516 -27.77851 95.69404 -5.663175 -28.47069 95.69404 -2.845295 -28.88869 95.69404 -1.34957e-5 -29.02847 95.69404 2.845268 -28.88869 95.69404 5.663148 -28.4707 95.69404 8.42649 -27.77852 95.69404 11.10868 -26.81882 95.69404 13.68389 -25.60084 95.69404 16.12731 -24.13632 95.69404 18.41542 -22.43934 95.69404 20.52618 -20.52627 95.69404 22.43927 -18.41551 95.69404 24.13625 -16.12741 95.69404 25.60079 -13.68399 95.69404 26.81878 -11.10879 95.69404 27.77849 -8.426603 95.69404 28.47067 -5.663265 95.69404 28.88868 -2.845387 95.69404 29.02847 -1.05659e-4 95.69404 28.8887 2.845176 95.69404 28.47072 5.663058 95.69404 27.77855 8.426401 95.69404 26.81886 11.10859 95.69404 25.60089 13.68381 95.69404 24.13637 16.12724 95.69404 22.4394 18.41535 95.69404 20.52633 20.52612 95.69404 18.41559 22.43921 95.69404 16.12749 24.1362 95.69404 13.68407 25.60074 95.69404 11.10888 26.81874 95.69404 8.426692 27.77846 95.69404 5.663356 28.47066 95.69404 2.845479 28.88867 95.69404 -1.67276e-6 38.26834 92.38795 -3.750957 38.08407 92.38795 -7.465788 37.53303 92.38795 -11.10872 36.62052 92.38795 -14.64467 35.35534 92.38795 -18.03958 33.74966 92.38795 -21.26076 31.81896 92.38795 -24.27719 29.58183 92.38795 -27.05981 27.0598 92.38795 -29.58184 24.27717 92.38795 -31.81897 21.26074 92.38795 -33.74967 18.03956 92.38795 -35.35535 14.64465 92.38795 -36.62053 11.1087 92.38795 -37.53303 7.465765 92.38795 -38.08408 3.750934 92.38795 -38.26834 -2.15933e-5 92.38795 -38.08407 -3.750977 92.38795 -37.53302 -7.465808 92.38795 -36.62051 -11.10874 92.38795 -35.35533 -14.64469 92.38795 -33.74965 -18.0396 92.38795 -31.81895 -21.26078 92.38795 -29.58181 -24.27721 92.38795 -27.05978 -27.05983 92.38795 -24.27715 -29.58185 92.38795 -21.26073 -31.81898 92.38795 -18.03955 -33.74968 92.38795 -14.64465 -35.35535 92.38795 -11.10871 -36.62053 92.38795 -7.465786 -37.53303 92.38795 -3.750964 -38.08407 92.38795 -1.77914e-5 -38.26834 92.38795 3.750928 -38.08408 92.38795 7.465751 -37.53304 92.38795 11.10868 -36.62053 92.38795 14.64462 -35.35536 92.38795 18.03952 -33.74969 92.38795 21.2607 -31.819 92.38795 24.27713 -29.58187 92.38795 27.05975 -27.05986 92.38795 29.58178 -24.27725 92.38795 31.81891 -21.26083 92.38795 33.74962 -18.03966 92.38795 35.3553 -14.64476 92.38795 36.62049 -11.10883 92.38795 37.533 -7.465905 92.38795 38.08406 -3.751085 92.38795 38.26834 -1.39291e-4 92.38795 38.08409 3.750808 92.38795 37.53306 7.465632 92.38795 36.62057 11.10856 92.38795 35.3554 14.64451 92.38795 33.74975 18.03942 92.38795 31.81907 21.2606 92.38795 29.58195 24.27703 92.38795 27.05995 27.05966 92.38795 24.27734 29.5817 92.38795 21.26093 31.81885 92.38795 18.03977 33.74956 92.38795 14.64487 35.35525 92.38795 11.10894 36.62045 92.38795 7.466024 37.53298 92.38795 3.751206 38.08405 92.38795 -2.06054e-6 47.13968 88.19212 -4.6205 46.91269 88.19212 -9.1965 46.2339 88.19212 -13.68393 45.10986 88.19212 -18.03958 43.55138 88.19212 -22.22149 41.57348 88.19212 -26.18941 39.19521 88.19212 -29.9051 36.43946 88.19212 -33.33279 33.33278 88.19212 -36.43947 29.90508 88.19212 -39.19521 26.18939 88.19212 -41.57349 22.22147 88.19212 -43.55139 18.03955 88.19212 -45.10986 13.6839 88.19212 -46.2339 9.196472 88.19212 -46.91269 4.620471 88.19212 -47.13968 -2.6599e-5 88.19212 -46.91268 -4.620524 88.19212 -46.23389 -9.196524 88.19212 -45.10985 -13.68396 88.19212 -43.55137 -18.0396 88.19212 -41.57347 -22.22152 88.19212 -39.19519 -26.18943 88.19212 -36.43943 -29.90512 88.19212 -33.33276 -33.33281 88.19212 -29.90506 -36.43949 88.19212 -26.18937 -39.19522 88.19212 -22.22147 -41.57349 88.19212 -18.03956 -43.55139 88.19212 -13.68392 -45.10986 88.19212 -9.196497 -46.2339 88.19212 -4.620509 -46.91269 88.19212 -2.19158e-5 -47.13968 88.19212 4.620465 -46.91269 88.19212 9.196454 -46.23391 88.19212 13.68388 -45.10987 88.19212 18.03952 -43.55141 88.19212 22.22143 -41.57351 88.19212 26.18934 -39.19525 88.19212 29.90503 -36.43952 88.19212 33.33271 -33.33286 88.19212 36.43939 -29.90517 88.19212 39.19514 -26.1895 88.19212 41.57343 -22.2216 88.19212 43.55133 -18.0397 88.19212 45.10981 -13.68406 88.19212 46.23387 -9.196644 88.19212 46.91267 -4.620658 88.19212 47.13968 -1.71581e-4 88.19212 46.9127 4.620316 88.19212 46.23394 9.196307 88.19212 45.10991 13.68373 88.19212 43.55146 18.03938 88.19212 41.57359 22.2213 88.19212 39.19533 26.18921 88.19212 36.43961 29.90491 88.19212 33.33296 33.33261 88.19212 29.90529 36.4393 88.19212 26.18962 39.19506 88.19212 22.22173 41.57335 88.19212 18.03983 43.55127 88.19212 13.68421 45.10977 88.19212 9.196791 46.23384 88.19212 4.620807 46.91265 88.19212 -2.42847e-6 55.55703 83.14696 -5.445545 55.28951 83.14696 -10.83864 54.48951 83.14696 -16.12736 53.16476 83.14696 -21.26077 51.328 83.14696 -26.18941 48.99692 83.14696 -30.86584 46.19397 83.14696 -35.24501 42.94616 83.14696 -39.28476 39.28474 83.14696 -42.94617 35.24499 83.14696 -46.19399 30.86581 83.14696 -48.99693 26.18938 83.14696 -51.32801 21.26073 83.14696 -53.16477 16.12733 83.14696 -54.48952 10.83861 83.14696 -55.28951 5.445512 83.14696 -55.55703 -3.13486e-5 83.14696 -55.2895 -5.445574 83.14696 -54.48951 -10.83867 83.14696 -53.16475 -16.12739 83.14696 -51.32798 -21.26079 83.14696 -48.9969 -26.18944 83.14696 -46.19395 -30.86587 83.14696 -42.94613 -35.24504 83.14696 -39.28472 -39.28479 83.14696 -35.24496 -42.94619 83.14696 -30.8658 -46.194 83.14696 -26.18937 -48.99694 83.14696 -21.26074 -51.32801 83.14696 -16.12735 -53.16476 83.14696 -10.83864 -54.48951 83.14696 -5.445555 -55.28951 83.14696 -2.58291e-5 -55.55703 83.14696 5.445504 -55.28951 83.14696 10.83859 -54.48952 83.14696 16.1273 -53.16478 83.14696 21.26069 -51.32803 83.14696 26.18933 -48.99696 83.14696 30.86576 -46.19403 83.14696 35.24492 -42.94623 83.14696 39.28467 -39.28483 83.14696 42.94608 -35.2451 83.14696 46.1939 -30.86594 83.14696 48.99685 -26.18953 83.14696 51.32794 -21.2609 83.14696 53.16471 -16.12751 83.14696 54.48948 -10.83881 83.14696 55.28948 -5.445731 83.14696 55.55703 -2.02219e-4 83.14696 55.28952 5.445329 83.14696 54.48956 10.83842 83.14696 53.16483 16.12713 83.14696 51.32809 21.26053 83.14696 48.99704 26.18917 83.14696 46.19413 30.8656 83.14696 42.94634 35.24479 83.14696 39.28495 39.28454 83.14696 35.24524 42.94597 83.14696 30.86609 46.19381 83.14696 26.18969 48.99677 83.14696 21.26106 51.32787 83.14696 16.12768 53.16466 83.14696 10.83899 54.48944 83.14696 5.445907 55.28947 83.14696 -2.77302e-6 63.43933 77.30105 -6.218147 63.13385 77.30105 -12.37641 62.22036 77.30105 -18.41548 60.70765 77.30105 -24.27719 58.61029 77.30105 -29.9051 55.94849 77.30105 -35.24501 52.74787 77.30105 -40.24549 49.03925 77.30105 -44.85839 44.85837 77.30105 -49.03927 40.24547 77.30105 -52.74788 35.24498 77.30105 -55.9485 29.90507 77.30105 -58.61031 24.27716 77.30105 -60.70766 18.41544 77.30105 -62.22036 12.37637 77.30105 -63.13385 6.218108 77.30105 -63.43933 -3.57963e-5 77.30105 -63.13385 -6.21818 77.30105 -62.22035 -12.37644 77.30105 -60.70764 -18.4155 77.30105 -58.61028 -24.27722 77.30105 -55.94847 -29.90513 77.30105 -52.74784 -35.24504 77.30105 -49.03923 -40.24553 77.30105 -44.85834 -44.85842 77.30105 -40.24544 -49.0393 77.30105 -35.24496 -52.7479 77.30105 -29.90506 -55.94851 77.30105 -24.27716 -58.61031 77.30105 -18.41546 -60.70765 77.30105 -12.3764 -62.22036 77.30105 -6.218158 -63.13385 77.30105 -2.94937e-5 -63.43933 77.30105 6.2181 -63.13385 77.30105 12.37634 -62.22037 77.30105 18.4154 -60.70767 77.30105 24.27711 -58.61033 77.30105 29.90501 -55.94854 77.30105 35.24492 -52.74793 77.30105 40.24539 -49.03934 77.30105 44.85829 -44.85847 77.30105 49.03917 -40.24559 77.30105 52.74778 -35.24513 77.30105 55.94841 -29.90524 77.30105 58.61023 -24.27735 77.30105 60.7076 -18.41565 77.30105 62.22032 -12.3766 77.30105 63.13383 -6.218359 77.30105 63.43933 -2.3091e-4 77.30105 63.13387 6.217899 77.30105 62.22041 12.37615 77.30105 60.70773 18.41521 77.30105 58.6104 24.27692 77.30105 55.94863 29.90483 77.30105 52.74804 35.24475 77.30105 49.03947 40.24524 77.30105 44.85861 44.85814 77.30105 40.24575 49.03905 77.30105 35.2453 52.74768 77.30105 29.90542 55.94831 77.30105 24.27753 58.61015 77.30105 18.41584 60.70753 77.30105 12.3768 62.22028 77.30105 6.218559 63.13381 77.30105 -3.09086e-6 70.71068 70.71069 -6.930864 70.37019 70.71069 -13.79498 69.35199 70.71069 -20.52624 67.66589 70.71069 -27.05982 65.32814 70.71069 -33.33279 62.36125 70.71069 -39.28476 58.79377 70.71069 -44.85839 54.66008 70.71069 -50.00001 49.99998 70.71069 -54.6601 44.85836 70.71069 -58.79379 39.28473 70.71069 -62.36126 33.33276 70.71069 -65.32816 27.05978 70.71069 -67.66591 20.5262 70.71069 -69.352 13.79494 70.71069 -70.37019 6.930821 70.71069 -70.71068 -3.98992e-5 70.71069 -70.37019 -6.930901 70.71069 -69.35198 -13.79501 70.71069 -67.66589 -20.52627 70.71069 -65.32813 -27.05985 70.71069 -62.36123 -33.33283 70.71069 -58.79375 -39.28479 70.71069 -54.66005 -44.85843 70.71069 -49.99996 -50.00005 70.71069 -44.85833 -54.66013 70.71069 -39.28471 -58.79381 70.71069 -33.33275 -62.36127 70.71069 -27.05978 -65.32816 70.71069 -20.52622 -67.6659 70.71069 -13.79497 -69.35199 70.71069 -6.930877 -70.37019 70.71069 -3.28743e-5 -70.71068 70.71069 6.930811 -70.37019 70.71069 13.79491 -69.35201 70.71069 20.52615 -67.66592 70.71069 27.05972 -65.32819 70.71069 33.33269 -62.3613 70.71069 39.28465 -58.79385 70.71069 44.85828 -54.66018 70.71069 49.9999 -50.0001 70.71069 54.65999 -44.8585 70.71069 58.79368 -39.28489 70.71069 62.36116 -33.33295 70.71069 65.32807 -27.05999 70.71069 67.66584 -20.52643 70.71069 69.35195 -13.79519 70.71069 70.37016 -6.931101 70.71069 70.71068 -2.57376e-4 70.71069 70.37021 6.930588 70.71069 69.35205 13.79469 70.71069 67.66599 20.52594 70.71069 65.32827 27.05951 70.71069 62.3614 33.33249 70.71069 58.79397 39.28446 70.71069 54.66032 44.8581 70.71069 50.00026 49.99974 70.71069 44.85868 54.65985 70.71069 39.28508 58.79356 70.71069 33.33315 62.36105 70.71069 27.0602 65.32799 70.71069 20.52665 67.66577 70.71069 13.79541 69.3519 70.71069 6.931324 70.37014 70.71069 -3.37894e-6 77.30104 63.43933 -7.576833 76.92882 63.43933 -15.08069 75.81572 63.43933 -22.43932 73.97248 63.43933 -29.58184 71.41684 63.43933 -36.43946 68.17343 63.43933 -42.94617 64.27346 63.43933 -49.03927 59.7545 63.43933 -54.6601 54.66008 63.43933 -59.75452 49.03924 63.43933 -64.27348 42.94614 63.43933 -68.17344 36.43943 63.43933 -71.41686 29.5818 63.43933 -73.9725 22.43927 63.43933 -75.81573 15.08065 63.43933 -76.92882 7.576787 63.43933 -77.30104 -4.36179e-5 63.43933 -76.92881 -7.576874 63.43933 -75.81571 -15.08073 63.43933 -73.97247 -22.43936 63.43933 -71.41683 -29.58188 63.43933 -68.17341 -36.43951 63.43933 -64.27343 -42.94621 63.43933 -59.75447 -49.03931 63.43933 -54.66004 -54.66014 63.43933 -49.0392 -59.75456 63.43933 -42.94611 -64.2735 63.43933 -36.43942 -68.17345 63.43933 -29.5818 -71.41686 63.43933 -22.4393 -73.97249 63.43933 -15.08069 -75.81572 63.43933 -7.576847 -76.92882 63.43933 -3.59382e-5 -77.30104 63.43933 7.576776 -76.92882 63.43933 15.08062 -75.81573 63.43933 22.43923 -73.97251 63.43933 29.58174 -71.41689 63.43933 36.43936 -68.17348 63.43933 42.94605 -64.27354 63.43933 49.03915 -59.7546 63.43933 54.65998 -54.66021 63.43933 59.7544 -49.03939 63.43933 64.27336 -42.94632 63.43933 68.17334 -36.43964 63.43933 71.41676 -29.58203 63.43933 73.97242 -22.43953 63.43933 75.81567 -15.08093 63.43933 76.92879 -7.577092 63.43933 77.30104 -2.81364e-4 63.43933 76.92884 7.576531 63.43933 75.81579 15.08038 63.43933 73.97258 22.43899 63.43933 71.41698 29.58151 63.43933 68.1736 36.43914 63.43933 64.27367 42.94585 63.43933 59.75476 49.03896 63.43933 54.66037 54.65981 63.43933 49.03959 59.75425 63.43933 42.94652 64.27322 63.43933 36.43985 68.17322 63.43933 29.58226 71.41667 63.43933 22.43977 73.97234 63.43933 15.08117 75.81562 63.43933 7.577336 76.92876 63.43933 -3.63447e-6 83.14696 55.55703 -8.149834 82.74658 55.55703 -16.22118 81.54931 55.55703 -24.1363 79.56667 55.55703 -31.81898 76.81776 55.55703 -39.19521 73.32906 55.55703 -46.19398 69.13416 55.55703 -52.74789 64.27345 55.55703 -58.79379 58.79376 55.55703 -64.27348 52.74785 55.55703 -69.13418 46.19395 55.55703 -73.32908 39.19518 55.55703 -76.81779 31.81893 55.55703 -79.56669 24.13625 55.55703 -81.54932 16.22113 55.55703 -82.74659 8.149784 55.55703 -83.14696 -4.69165e-5 55.55703 -82.74657 -8.149878 55.55703 -81.5493 -16.22122 55.55703 -79.56666 -24.13634 55.55703 -76.81775 -31.81902 55.55703 -73.32904 -39.19526 55.55703 -69.13413 -46.19403 55.55703 -64.27342 -52.74792 55.55703 -58.79373 -58.79383 55.55703 -52.74781 -64.27351 55.55703 -46.19393 -69.1342 55.55703 -39.19516 -73.32909 55.55703 -31.81894 -76.81779 55.55703 -24.13628 -79.56668 55.55703 -16.22117 -81.54931 55.55703 -8.149849 -82.74658 55.55703 -3.8656e-5 -83.14696 55.55703 8.149772 -82.74659 55.55703 16.2211 -81.54932 55.55703 24.1362 -79.5667 55.55703 31.81887 -76.81782 55.55703 39.1951 -73.32912 55.55703 46.19386 -69.13425 55.55703 52.74775 -64.27357 55.55703 58.79366 -58.7939 55.55703 64.27335 -52.74801 55.55703 69.13406 -46.19415 55.55703 73.32896 -39.1954 55.55703 76.81768 -31.81918 55.55703 79.5666 -24.13653 55.55703 81.54926 -16.22143 55.55703 82.74655 -8.150112 55.55703 83.14696 -3.02643e-4 55.55703 82.74661 8.149509 55.55703 81.54938 16.22084 55.55703 79.56678 24.13595 55.55703 76.81792 31.81862 55.55703 73.32925 39.19487 55.55703 69.13439 46.19364 55.55703 64.27374 52.74755 55.55703 58.79408 58.79347 55.55703 52.74822 64.27319 55.55703 46.19436 69.13391 55.55703 39.19563 73.32884 55.55703 31.81943 76.81758 55.55703 24.13678 79.56653 55.55703 16.22169 81.5492 55.55703 8.150374 82.74653 55.55703 -3.855e-6 88.19212 47.13968 -8.644347 87.76746 47.13968 -17.20544 86.49754 47.13968 -25.60084 84.3946 47.13968 -33.74968 81.47889 47.13968 -41.57349 77.7785 47.13968 -48.99693 73.32906 47.13968 -55.94851 68.17342 47.13968 -62.36126 62.36123 47.13968 -68.17345 55.94847 47.13968 -73.32909 48.99689 47.13968 -77.77852 41.57345 47.13968 -81.47891 33.74963 47.13968 -84.39462 25.60078 47.13968 -86.49754 17.20539 47.13968 -87.76746 8.644294 47.13968 -88.19212 -4.97633e-5 47.13968 -87.76745 -8.644393 47.13968 -86.49752 -17.20548 47.13968 -84.39458 -25.60088 47.13968 -81.47887 -33.74973 47.13968 -77.77848 -41.57354 47.13968 -73.32903 -48.99698 47.13968 -68.17339 -55.94855 47.13968 -62.36119 -62.36131 47.13968 -55.94843 -68.17348 47.13968 -48.99687 -73.32911 47.13968 -41.57344 -77.77853 47.13968 -33.74964 -81.47891 47.13968 -25.60081 -84.3946 47.13968 -17.20543 -86.49754 47.13968 -8.644362 -87.76746 47.13968 -4.10016e-5 -88.19212 47.13968 8.644281 -87.76746 47.13968 17.20535 -86.49755 47.13968 25.60073 -84.39463 47.13968 33.74956 -81.47894 47.13968 41.57337 -77.77857 47.13968 48.9968 -73.32915 47.13968 55.94836 -68.17354 47.13968 62.36112 -62.36138 47.13968 68.1733 -55.94864 47.13968 73.32895 -48.9971 47.13968 77.7784 -41.57368 47.13968 81.4788 -33.7499 47.13968 84.39452 -25.60108 47.13968 86.49748 -17.20571 47.13968 87.76743 -8.644642 47.13968 88.19212 -3.21006e-4 47.13968 87.76749 8.644003 47.13968 86.4976 17.20508 47.13968 84.39471 25.60046 47.13968 81.47905 33.74931 47.13968 77.7787 41.57312 47.13968 73.32931 48.99656 47.13968 68.17371 55.94815 47.13968 62.36157 62.36092 47.13968 55.94886 68.17313 47.13968 48.99733 73.3288 47.13968 41.57393 77.77827 47.13968 33.75016 81.4787 47.13968 25.60135 84.39444 47.13968 17.20598 86.49742 47.13968 8.64492 87.7674 47.13968 -4.03841e-6 92.38795 38.26834 -9.05561 91.94307 38.26834 -18.02401 90.61274 38.26834 -26.81882 88.40975 38.26834 -35.35535 85.35532 38.26834 -43.55138 81.47889 38.26834 -51.32801 76.81776 38.26834 -58.61031 71.41684 38.26834 -65.32816 65.32813 38.26834 -71.41686 58.61027 38.26834 -76.81779 51.32797 38.26834 -81.47891 43.55135 38.26834 -85.35535 35.3553 38.26834 -88.40977 26.81877 38.26834 -90.61275 18.02395 38.26834 -91.94308 9.055554 38.26834 -92.38795 -5.21308e-5 38.26834 -91.94307 -9.055658 38.26834 -90.61272 -18.02405 38.26834 -88.40973 -26.81886 38.26834 -85.35531 -35.3554 38.26834 -81.47887 -43.55144 38.26834 -76.81773 -51.32806 38.26834 -71.41679 -58.61035 38.26834 -65.32809 -65.3282 38.26834 -58.61023 -71.4169 38.26834 -51.32794 -76.81781 38.26834 -43.55133 -81.47892 38.26834 -35.35531 -85.35535 38.26834 -26.81879 -88.40975 38.26834 -18.024 -90.61274 38.26834 -9.055627 -91.94307 38.26834 -4.29523e-5 -92.38795 38.26834 9.055541 -91.94308 38.26834 18.02392 -90.61275 38.26834 26.81871 -88.40978 38.26834 35.35523 -85.35538 38.26834 43.55126 -81.47896 38.26834 51.32787 -76.81786 38.26834 58.61016 -71.41695 38.26834 65.32801 -65.32828 38.26834 71.41672 -58.61045 38.26834 76.81764 -51.32818 38.26834 81.47878 -43.55159 38.26834 85.35523 -35.35558 38.26834 88.40968 -26.81907 38.26834 90.61268 -18.02429 38.26834 91.94304 -9.055919 38.26834 92.38795 -3.36278e-4 38.26834 91.94311 9.055249 38.26834 90.61282 18.02363 38.26834 88.40987 26.81843 38.26834 85.35549 35.35496 38.26834 81.4791 43.551 38.26834 76.81802 51.32762 38.26834 71.41714 58.60994 38.26834 65.32848 65.3278 38.26834 58.61068 71.41653 38.26834 51.32842 76.81748 38.26834 43.55185 81.47864 38.26834 35.35585 85.35512 38.26834 26.81936 88.40958 38.26834 18.02458 90.61262 38.26834 9.056211 91.94302 38.26834 -4.18292e-6 95.69404 29.02846 -9.379663 95.23325 29.02846 -18.66899 93.8553 29.02846 -27.77853 91.57348 29.02846 -36.62054 88.40975 29.02846 -45.10987 84.39461 29.02846 -53.16477 79.56668 29.02846 -60.70767 73.97248 29.02846 -67.66592 67.66589 29.02846 -73.9725 60.70763 29.02846 -79.5667 53.16473 29.02846 -84.39462 45.10983 29.02846 -88.40977 36.62049 29.02846 -91.5735 27.77847 29.02846 -93.85532 18.66894 29.02846 -95.23325 9.379606 29.02846 -95.69404 -5.39963e-5 29.02846 -95.23324 -9.379714 29.02846 -93.85529 -18.66904 29.02846 -91.57346 -27.77857 29.02846 -88.40974 -36.62059 29.02846 -84.39458 -45.10992 29.02846 -79.56664 -53.16482 29.02846 -73.97243 -60.70772 29.02846 -67.66585 -67.66596 29.02846 -60.70758 -73.97255 29.02846 -53.1647 -79.56673 29.02846 -45.10981 -84.39463 29.02846 -36.62049 -88.40977 29.02846 -27.7785 -91.57349 29.02846 -18.66899 -93.8553 29.02846 -9.379681 -95.23325 29.02846 -4.44893e-5 -95.69404 29.02846 9.379593 -95.23325 29.02846 18.6689 -93.85532 29.02846 27.77842 -91.57352 29.02846 36.62041 -88.40981 29.02846 45.10974 -84.39468 29.02846 53.16463 -79.56677 29.02846 60.70752 -73.9726 29.02846 67.66576 -67.66605 29.02846 73.97235 -60.70782 29.02846 79.56655 -53.16496 29.02846 84.39449 -45.11008 29.02846 88.40966 -36.62077 29.02846 91.5734 -27.77879 29.02846 93.85525 -18.66928 29.02846 95.23321 -9.379984 29.02846 95.69404 -3.48312e-4 29.02846 95.23328 9.379291 29.02846 93.85538 18.6686 29.02846 91.5736 27.77812 29.02846 88.40993 36.62013 29.02846 84.39481 45.10947 29.02846 79.56694 53.16437 29.02846 73.9728 60.70728 29.02846 67.66625 67.66555 29.02846 60.70806 73.97217 29.02846 53.16521 79.56638 29.02846 45.11035 84.39434 29.02846 36.62106 88.40955 29.02846 27.77908 91.57331 29.02846 18.66958 93.85518 29.02846 9.380286 95.23318 29.02846 -4.28715e-6 98.07853 19.50902 -9.613385 97.60625 19.50902 -19.13418 96.19398 19.50902 -28.47071 93.85529 19.50902 -37.53305 90.61274 19.50902 -46.23391 86.49754 19.50902 -54.48952 81.54931 19.50902 -62.22038 75.81571 19.50902 -69.35201 69.35197 19.50902 -75.81574 62.22034 19.50902 -81.54933 54.48948 19.50902 -86.49756 46.23387 19.50902 -90.61276 37.53299 19.50902 -93.85532 28.47065 19.50902 -96.19398 19.13412 19.50902 -97.60626 9.613326 19.50902 -98.07853 -5.53418e-5 19.50902 -97.60625 -9.613437 19.50902 -96.19396 -19.13423 19.50902 -93.85528 -28.47076 19.50902 -90.61272 -37.5331 19.50902 -86.49751 -46.23396 19.50902 -81.54927 -54.48958 19.50902 -75.81567 -62.22042 19.50902 -69.35194 -69.35206 19.50902 -62.22029 -75.81579 19.50902 -54.48945 -81.54935 19.50902 -46.23385 -86.49757 19.50902 -37.533 -90.61276 19.50902 -28.47068 -93.8553 19.50902 -19.13418 -96.19398 19.50902 -9.613402 -97.60625 19.50902 -4.55979e-5 -98.07853 19.50902 9.613312 -97.60626 19.50902 19.13409 -96.19399 19.50902 28.47059 -93.85533 19.50902 37.53291 -90.61279 19.50902 46.23377 -86.4976 19.50902 54.48938 -81.54941 19.50902 62.22022 -75.81584 19.50902 69.35185 -69.35213 19.50902 75.81559 -62.22053 19.50902 81.54918 -54.48971 19.50902 86.49742 -46.23413 19.50902 90.61264 -37.53328 19.50902 93.85522 -28.47098 19.50902 96.19392 -19.13448 19.50902 97.60622 -9.613713 19.50902 98.07853 -3.56991e-4 19.50902 97.60629 9.613002 19.50902 96.19405 19.13378 19.50902 93.85542 28.47029 19.50902 90.61292 37.53263 19.50902 86.49776 46.2335 19.50902 81.54958 54.48912 19.50902 75.81604 62.21998 19.50902 69.35236 69.35163 19.50902 62.22078 75.81539 19.50902 54.48997 81.54901 19.50902 46.2344 86.49727 19.50902 37.53357 90.61252 19.50902 28.47128 93.85512 19.50902 19.13479 96.19386 19.50902 9.614023 97.60619 19.50902 -4.35009e-6 99.51847 9.801702 -9.754524 99.03926 9.801702 -19.4151 97.60625 9.801702 -28.8887 95.23324 9.801702 -38.08409 91.94307 9.801702 -46.91269 87.76746 9.801702 -55.28951 82.74657 9.801702 -63.13387 76.9288 9.801702 -70.3702 70.37016 9.801702 -76.92883 63.13382 9.801702 -82.7466 55.28947 9.801702 -87.76747 46.91265 9.801702 -91.94309 38.08403 9.801702 -95.23325 28.88865 9.801702 -97.60626 19.41504 9.801702 -99.03927 9.754464 9.801702 -99.51847 -5.61543e-5 9.801702 -99.03925 -9.754576 9.801702 -97.60624 -19.41515 9.801702 -95.23322 -28.88875 9.801702 -91.94305 -38.08414 9.801702 -87.76743 -46.91275 9.801702 -82.74654 -55.28957 9.801702 -76.92876 -63.13391 9.801702 -70.37012 -70.37025 9.801702 -63.13378 -76.92888 9.801702 -55.28944 -82.74663 9.801702 -46.91264 -87.76748 9.801702 -38.08404 -91.94309 9.801702 -28.88867 -95.23324 9.801702 -19.4151 -97.60625 9.801702 -9.754542 -99.03926 9.801702 -4.62674e-5 -99.51847 9.801702 9.75445 -99.03927 9.801702 19.41501 -97.60627 9.801702 28.88858 -95.23327 9.801702 38.08395 -91.94313 9.801702 46.91256 -87.76752 9.801702 55.28936 -82.74668 9.801702 63.13371 -76.92893 9.801702 70.37004 -70.37033 9.801702 76.92867 -63.13402 9.801702 82.74644 -55.2897 9.801702 87.76733 -46.91291 9.801702 91.94297 -38.08433 9.801702 95.23315 -28.88898 9.801702 97.60619 -19.41541 9.801702 99.03922 -9.754857 9.801702 99.51847 -3.62232e-4 9.801702 99.0393 9.754136 9.801702 97.60633 19.4147 9.801702 95.23336 28.88828 9.801702 91.94324 38.08366 9.801702 87.76767 46.91228 9.801702 82.74685 55.2891 9.801702 76.92914 63.13346 9.801702 70.37055 70.36982 9.801702 63.13427 76.92847 9.801702 55.28996 82.74628 9.801702 46.91319 87.76718 9.801702 38.08463 91.94285 9.801702 28.88928 95.23306 9.801702 19.41572 97.60612 9.801702 9.755172 99.0392 9.801702 -4.37114e-6 100 -1.62921e-5 -9.801723 99.51847 -1.62921e-5 -19.50904 98.07852 -1.62921e-5 -29.02848 95.69403 -1.62921e-5 -38.26836 92.38795 -1.62921e-5 -47.13968 88.19212 -1.62921e-5 -55.55704 83.14696 -1.62921e-5 -63.43935 77.30103 -1.62921e-5 -70.71069 70.71066 -1.62921e-5 -77.30106 63.4393 -1.62921e-5 -83.14698 55.557 -1.62921e-5 -88.19214 47.13964 -1.62921e-5 -92.38797 38.26831 -1.62921e-5 -95.69405 29.02843 -1.62921e-5 -98.07854 19.50899 -1.62921e-5 -99.51848 9.801662 -1.62921e-5 -100 -5.6426e-5 -1.62921e-5 -99.51846 -9.801774 -1.62921e-5 -98.07851 -19.50909 -1.62921e-5 -95.69401 -29.02853 -1.62921e-5 -92.38792 -38.26841 -1.62921e-5 -88.19209 -47.13974 -1.62921e-5 -83.14692 -55.55709 -1.62921e-5 -77.30099 -63.43939 -1.62921e-5 -70.71062 -70.71074 -1.62921e-5 -63.43925 -77.3011 -1.62921e-5 -55.55696 -83.147 -1.62921e-5 -47.13963 -88.19215 -1.62921e-5 -38.26831 -92.38797 -1.62921e-5 -29.02845 -95.69404 -1.62921e-5 -19.50904 -98.07852 -1.62921e-5 -9.801741 -99.51847 -1.62921e-5 -4.64912e-5 -100 -1.62921e-5 9.801648 -99.51848 -1.62921e-5 19.50895 -98.07854 -1.62921e-5 29.02836 -95.69406 -1.62921e-5 38.26823 -92.388 -1.62921e-5 47.13955 -88.19219 -1.62921e-5 55.55689 -83.14706 -1.62921e-5 63.43919 -77.30116 -1.62921e-5 70.71053 -70.71082 -1.62921e-5 77.3009 -63.4395 -1.62921e-5 83.14682 -55.55723 -1.62921e-5 88.192 -47.13991 -1.62921e-5 92.38784 -38.2686 -1.62921e-5 95.69395 -29.02876 -1.62921e-5 98.07847 -19.50935 -1.62921e-5 99.51843 -9.802057 -1.62921e-5 100 -3.63985e-4 -1.62921e-5 99.51851 9.801332 -1.62921e-5 98.07861 19.50864 -1.62921e-5 95.69415 29.02806 -1.62921e-5 92.38812 38.26793 -1.62921e-5 88.19234 47.13927 -1.62921e-5 83.14722 55.55662 -1.62921e-5 77.30137 63.43894 -1.62921e-5 70.71104 70.7103 -1.62921e-5 63.43975 77.3007 -1.62921e-5 55.55749 83.14665 -1.62921e-5 47.14019 88.19185 -1.62921e-5 38.2689 92.38773 -1.62921e-5 29.02906 95.69385 -1.62921e-5 19.50966 98.0784 -1.62921e-5 9.802373 99.51841 -1.62921e-5 -4.35009e-6 99.51847 -9.801734 -9.754524 99.03926 -9.801734 -19.4151 97.60625 -9.801734 -28.8887 95.23324 -9.801734 -38.08409 91.94307 -9.801734 -46.91269 87.76746 -9.801734 -55.28951 82.74657 -9.801734 -63.13387 76.9288 -9.801734 -70.3702 70.37016 -9.801734 -76.92883 63.13382 -9.801734 -82.7466 55.28947 -9.801734 -87.76747 46.91265 -9.801734 -91.94309 38.08403 -9.801734 -95.23325 28.88865 -9.801734 -97.60626 19.41504 -9.801734 -99.03927 9.754464 -9.801734 -99.51847 -5.61543e-5 -9.801734 -99.03925 -9.754576 -9.801734 -97.60624 -19.41515 -9.801734 -95.23322 -28.88875 -9.801734 -91.94305 -38.08414 -9.801734 -87.76743 -46.91275 -9.801734 -82.74654 -55.28957 -9.801734 -76.92876 -63.13391 -9.801734 -70.37012 -70.37025 -9.801734 -63.13378 -76.92888 -9.801734 -55.28944 -82.74663 -9.801734 -46.91264 -87.76748 -9.801734 -38.08404 -91.94309 -9.801734 -28.88867 -95.23324 -9.801734 -19.4151 -97.60625 -9.801734 -9.754542 -99.03926 -9.801734 -4.62674e-5 -99.51847 -9.801734 9.75445 -99.03927 -9.801734 19.41501 -97.60627 -9.801734 28.88858 -95.23327 -9.801734 38.08395 -91.94313 -9.801734 46.91256 -87.76752 -9.801734 55.28936 -82.74668 -9.801734 63.13371 -76.92893 -9.801734 70.37004 -70.37033 -9.801734 76.92867 -63.13402 -9.801734 82.74644 -55.2897 -9.801734 87.76733 -46.91291 -9.801734 91.94297 -38.08433 -9.801734 95.23315 -28.88898 -9.801734 97.60619 -19.41541 -9.801734 99.03922 -9.754857 -9.801734 99.51847 -3.62232e-4 -9.801734 99.0393 9.754136 -9.801734 97.60633 19.4147 -9.801734 95.23336 28.88828 -9.801734 91.94324 38.08366 -9.801734 87.76767 46.91228 -9.801734 82.74685 55.2891 -9.801734 76.92914 63.13346 -9.801734 70.37055 70.36982 -9.801734 63.13427 76.92847 -9.801734 55.28996 82.74628 -9.801734 46.91319 87.76718 -9.801734 38.08463 91.94285 -9.801734 28.88928 95.23306 -9.801734 19.41572 97.60612 -9.801734 9.755172 99.0392 -9.801734 -4.28715e-6 98.07852 -19.50906 -9.613384 97.60625 -19.50906 -19.13418 96.19397 -19.50906 -28.47071 93.85529 -19.50906 -37.53305 90.61273 -19.50906 -46.23391 86.49753 -19.50906 -54.48952 81.5493 -19.50906 -62.22037 75.81571 -19.50906 -69.35201 69.35197 -19.50906 -75.81573 62.22033 -19.50906 -81.54932 54.48948 -19.50906 -86.49755 46.23386 -19.50906 -90.61275 37.53299 -19.50906 -93.85531 28.47065 -19.50906 -96.19398 19.13412 -19.50906 -97.60625 9.613325 -19.50906 -98.07852 -5.53418e-5 -19.50906 -97.60624 -9.613436 -19.50906 -96.19395 -19.13423 -19.50906 -93.85527 -28.47075 -19.50906 -90.61271 -37.53309 -19.50906 -86.49751 -46.23396 -19.50906 -81.54927 -54.48957 -19.50906 -75.81567 -62.22042 -19.50906 -69.35193 -69.35205 -19.50906 -62.22028 -75.81578 -19.50906 -54.48945 -81.54935 -19.50906 -46.23385 -86.49756 -19.50906 -37.533 -90.61275 -19.50906 -28.47068 -93.85529 -19.50906 -19.13418 -96.19397 -19.50906 -9.613402 -97.60625 -19.50906 -4.55979e-5 -98.07852 -19.50906 9.613311 -97.60625 -19.50906 19.13409 -96.19398 -19.50906 28.47059 -93.85532 -19.50906 37.53291 -90.61279 -19.50906 46.23377 -86.4976 -19.50906 54.48937 -81.5494 -19.50906 62.22021 -75.81583 -19.50906 69.35184 -69.35213 -19.50906 75.81558 -62.22052 -19.50906 81.54917 -54.48971 -19.50906 86.49741 -46.23412 -19.50906 90.61263 -37.53328 -19.50906 93.85521 -28.47098 -19.50906 96.19391 -19.13448 -19.50906 97.60621 -9.613712 -19.50906 98.07852 -3.56991e-4 -19.50906 97.60628 9.613002 -19.50906 96.19405 19.13378 -19.50906 93.85542 28.47029 -19.50906 90.61291 37.53262 -19.50906 86.49775 46.23349 -19.50906 81.54957 54.48911 -19.50906 75.81603 62.21997 -19.50906 69.35235 69.35162 -19.50906 62.22077 75.81538 -19.50906 54.48996 81.549 -19.50906 46.2344 86.49726 -19.50906 37.53357 90.61251 -19.50906 28.47128 93.85511 -19.50906 19.13479 96.19385 -19.50906 9.614022 97.60618 -19.50906 -4.18292e-6 95.69402 -29.0285 -9.379663 95.23323 -29.0285 -18.66899 93.85529 -29.0285 -27.77852 91.57346 -29.0285 -36.62054 88.40974 -29.0285 -45.10986 84.39459 -29.0285 -53.16476 79.56667 -29.0285 -60.70766 73.97247 -29.0285 -67.66591 67.66587 -29.0285 -73.9725 60.70762 -29.0285 -79.56669 53.16472 -29.0285 -84.39461 45.10982 -29.0285 -88.40977 36.62048 -29.0285 -91.57349 27.77847 -29.0285 -93.8553 18.66893 -29.0285 -95.23324 9.379604 -29.0285 -95.69402 -5.39963e-5 -29.0285 -95.23322 -9.379712 -29.0285 -93.85528 -18.66904 -29.0285 -91.57345 -27.77857 -29.0285 -88.40972 -36.62058 -29.0285 -84.39456 -45.10991 -29.0285 -79.56663 -53.16481 -29.0285 -73.97243 -60.70771 -29.0285 -67.66583 -67.66595 -29.0285 -60.70758 -73.97253 -29.0285 -53.1647 -79.56671 -29.0285 -45.10981 -84.39462 -29.0285 -36.62049 -88.40977 -29.0285 -27.7785 -91.57347 -29.0285 -18.66898 -93.85529 -29.0285 -9.37968 -95.23323 -29.0285 -4.44893e-5 -95.69402 -29.0285 9.379591 -95.23324 -29.0285 18.6689 -93.8553 -29.0285 27.77841 -91.5735 -29.0285 36.62041 -88.4098 -29.0285 45.10973 -84.39466 -29.0285 53.16462 -79.56676 -29.0285 60.70751 -73.9726 -29.0285 67.66576 -67.66603 -29.0285 73.97234 -60.70781 -29.0285 79.56654 -53.16495 -29.0285 84.39448 -45.11007 -29.0285 88.40965 -36.62077 -29.0285 91.57339 -27.77879 -29.0285 93.85523 -18.66928 -29.0285 95.23319 -9.379983 -29.0285 95.69402 -3.48312e-4 -29.0285 95.23326 9.379289 -29.0285 93.85537 18.6686 -29.0285 91.57359 27.77812 -29.0285 88.40991 36.62012 -29.0285 84.3948 45.10946 -29.0285 79.56693 53.16436 -29.0285 73.97279 60.70728 -29.0285 67.66624 67.66553 -29.0285 60.70805 73.97215 -29.0285 53.1652 79.56638 -29.0285 45.11034 84.39433 -29.0285 36.62105 88.40953 -29.0285 27.77908 91.5733 -29.0285 18.66958 93.85516 -29.0285 9.380285 95.23317 -29.0285 -4.03841e-6 92.38794 -38.26837 -9.05561 91.94306 -38.26837 -18.024 90.61273 -38.26837 -26.81882 88.40974 -38.26837 -35.35535 85.35532 -38.26837 -43.55138 81.47888 -38.26837 -51.328 76.81776 -38.26837 -58.61031 71.41683 -38.26837 -65.32816 65.32812 -38.26837 -71.41685 58.61026 -38.26837 -76.81778 51.32796 -38.26837 -81.4789 43.55134 -38.26837 -85.35534 35.3553 -38.26837 -88.40976 26.81876 -38.26837 -90.61274 18.02395 -38.26837 -91.94307 9.055553 -38.26837 -92.38794 -5.21308e-5 -38.26837 -91.94306 -9.055657 -38.26837 -90.61272 -18.02405 -38.26837 -88.40973 -26.81886 -38.26837 -85.3553 -35.3554 -38.26837 -81.47886 -43.55143 -38.26837 -76.81773 -51.32805 -38.26837 -71.41679 -58.61035 -38.26837 -65.32808 -65.3282 -38.26837 -58.61022 -71.41689 -38.26837 -51.32793 -76.8178 -38.26837 -43.55133 -81.47891 -38.26837 -35.3553 -85.35534 -38.26837 -26.81879 -88.40974 -38.26837 -18.024 -90.61273 -38.26837 -9.055626 -91.94306 -38.26837 -4.29523e-5 -92.38794 -38.26837 9.05554 -91.94307 -38.26837 18.02391 -90.61275 -38.26837 26.81871 -88.40977 -38.26837 35.35522 -85.35537 -38.26837 43.55125 -81.47895 -38.26837 51.32786 -76.81785 -38.26837 58.61016 -71.41695 -38.26837 65.328 -65.32828 -38.26837 71.41671 -58.61045 -38.26837 76.81763 -51.32818 -38.26837 81.47878 -43.55159 -38.26837 85.35522 -35.35558 -38.26837 88.40967 -26.81907 -38.26837 90.61267 -18.02429 -38.26837 91.94303 -9.055919 -38.26837 92.38794 -3.36278e-4 -38.26837 91.9431 9.055248 -38.26837 90.61281 18.02363 -38.26837 88.40986 26.81843 -38.26837 85.35548 35.35496 -38.26837 81.47909 43.55099 -38.26837 76.81801 51.32761 -38.26837 71.41714 58.60993 -38.26837 65.32848 65.3278 -38.26837 58.61068 71.41653 -38.26837 51.32842 76.81747 -38.26837 43.55185 81.47863 -38.26837 35.35585 85.35512 -38.26837 26.81935 88.40958 -38.26837 18.02457 90.61261 -38.26837 9.056211 91.94301 -38.26837 -3.855e-6 88.19211 -47.13971 -8.644345 87.76744 -47.13971 -17.20544 86.49752 -47.13971 -25.60083 84.39458 -47.13971 -33.74968 81.47887 -47.13971 -41.57348 77.7785 -47.13971 -48.99692 73.32905 -47.13971 -55.9485 68.17341 -47.13971 -62.36125 62.36122 -47.13971 -68.17344 55.94846 -47.13971 -73.32907 48.99688 -47.13971 -77.77851 41.57344 -47.13971 -81.4789 33.74963 -47.13971 -84.3946 25.60078 -47.13971 -86.49753 17.20539 -47.13971 -87.76744 8.644292 -47.13971 -88.19211 -4.97633e-5 -47.13971 -87.76743 -8.644392 -47.13971 -86.49751 -17.20548 -47.13971 -84.39457 -25.60087 -47.13971 -81.47886 -33.74972 -47.13971 -77.77847 -41.57353 -47.13971 -73.32902 -48.99697 -47.13971 -68.17337 -55.94854 -47.13971 -62.36118 -62.36129 -47.13971 -55.94842 -68.17347 -47.13971 -48.99686 -73.32909 -47.13971 -41.57343 -77.77852 -47.13971 -33.74963 -81.4789 -47.13971 -25.60081 -84.39458 -47.13971 -17.20543 -86.49752 -47.13971 -8.644361 -87.76744 -47.13971 -4.10016e-5 -88.19211 -47.13971 8.644279 -87.76744 -47.13971 17.20535 -86.49754 -47.13971 25.60073 -84.39462 -47.13971 33.74956 -81.47893 -47.13971 41.57336 -77.77856 -47.13971 48.99679 -73.32914 -47.13971 55.94835 -68.17352 -47.13971 62.36111 -62.36137 -47.13971 68.17329 -55.94863 -47.13971 73.32893 -48.99709 -47.13971 77.77839 -41.57368 -47.13971 81.47879 -33.74989 -47.13971 84.39451 -25.60107 -47.13971 86.49747 -17.20571 -47.13971 87.76741 -8.644641 -47.13971 88.19211 -3.21006e-4 -47.13971 87.76747 8.644001 -47.13971 86.49759 17.20508 -47.13971 84.39469 25.60046 -47.13971 81.47903 33.7493 -47.13971 77.77869 41.57311 -47.13971 73.32929 48.99656 -47.13971 68.17371 55.94814 -47.13971 62.36156 62.36091 -47.13971 55.94885 68.17312 -47.13971 48.99732 73.32878 -47.13971 41.57393 77.77825 -47.13971 33.75015 81.47868 -47.13971 25.60134 84.39442 -47.13971 17.20598 86.49741 -47.13971 8.644919 87.76738 -47.13971 -3.63447e-6 83.14694 -55.55705 -8.149833 82.74657 -55.55705 -16.22117 81.54929 -55.55705 -24.1363 79.56666 -55.55705 -31.81897 76.81775 -55.55705 -39.19521 73.32906 -55.55705 -46.19398 69.13415 -55.55705 -52.74788 64.27345 -55.55705 -58.79378 58.79375 -55.55705 -64.27347 52.74784 -55.55705 -69.13417 46.19394 -55.55705 -73.32907 39.19517 -55.55705 -76.81777 31.81893 -55.55705 -79.56667 24.13625 -55.55705 -81.5493 16.22112 -55.55705 -82.74657 8.149782 -55.55705 -83.14694 -4.69165e-5 -55.55705 -82.74656 -8.149876 -55.55705 -81.54929 -16.22122 -55.55705 -79.56664 -24.13634 -55.55705 -76.81773 -31.81901 -55.55705 -73.32903 -39.19525 -55.55705 -69.13412 -46.19402 -55.55705 -64.27341 -52.74792 -55.55705 -58.79372 -58.79382 -55.55705 -52.7478 -64.27351 -55.55705 -46.19392 -69.13419 -55.55705 -39.19516 -73.32908 -55.55705 -31.81893 -76.81777 -55.55705 -24.13627 -79.56667 -55.55705 -16.22117 -81.54929 -55.55705 -8.149847 -82.74657 -55.55705 -3.8656e-5 -83.14694 -55.55705 8.149771 -82.74657 -55.55705 16.22109 -81.54931 -55.55705 24.1362 -79.56669 -55.55705 31.81886 -76.8178 -55.55705 39.19509 -73.32912 -55.55705 46.19385 -69.13423 -55.55705 52.74774 -64.27355 -55.55705 58.79365 -58.79389 -55.55705 64.27334 -52.748 -55.55705 69.13404 -46.19413 -55.55705 73.32896 -39.19539 -55.55705 76.81767 -31.81917 -55.55705 79.56659 -24.13652 -55.55705 81.54925 -16.22143 -55.55705 82.74654 -8.15011 -55.55705 83.14694 -3.02643e-4 -55.55705 82.7466 8.149508 -55.55705 81.54936 16.22083 -55.55705 79.56676 24.13594 -55.55705 76.8179 31.81862 -55.55705 73.32924 39.19486 -55.55705 69.13438 46.19363 -55.55705 64.27372 52.74754 -55.55705 58.79407 58.79346 -55.55705 52.74821 64.27317 -55.55705 46.19436 69.1339 -55.55705 39.19563 73.32883 -55.55705 31.81942 76.81757 -55.55705 24.13678 79.56651 -55.55705 16.22169 81.54919 -55.55705 8.150373 82.74651 -55.55705 -3.37893e-6 77.30102 -63.43936 -7.576831 76.92879 -63.43936 -15.08069 75.8157 -63.43936 -22.43931 73.97246 -63.43936 -29.58183 71.41682 -63.43936 -36.43945 68.17341 -63.43936 -42.94616 64.27345 -63.43936 -49.03926 59.75448 -63.43936 -54.66009 54.66006 -63.43936 -59.75451 49.03923 -63.43936 -64.27346 42.94612 -63.43936 -68.17342 36.43942 -63.43936 -71.41684 29.58179 -63.43936 -73.97247 22.43927 -63.43936 -75.8157 15.08064 -63.43936 -76.92879 7.576785 -63.43936 -77.30102 -4.36179e-5 -63.43936 -76.92879 -7.576871 -63.43936 -75.81569 -15.08073 -63.43936 -73.97244 -22.43935 -63.43936 -71.41681 -29.58187 -63.43936 -68.17339 -36.4395 -63.43936 -64.27341 -42.9462 -63.43936 -59.75445 -49.0393 -63.43936 -54.66003 -54.66012 -63.43936 -49.03919 -59.75454 -63.43936 -42.9461 -64.27348 -63.43936 -36.43941 -68.17343 -63.43936 -29.58179 -71.41684 -63.43936 -22.43929 -73.97247 -63.43936 -15.08069 -75.8157 -63.43936 -7.576845 -76.92879 -63.43936 -3.59382e-5 -77.30102 -63.43936 7.576774 -76.92879 -63.43936 15.08062 -75.81571 -63.43936 22.43922 -73.97249 -63.43936 29.58173 -71.41687 -63.43936 36.43935 -68.17346 -63.43936 42.94604 -64.27352 -63.43936 49.03913 -59.75459 -63.43936 54.65996 -54.66019 -63.43936 59.75438 -49.03938 -63.43936 64.27334 -42.9463 -63.43936 68.17332 -36.43963 -63.43936 71.41674 -29.58202 -63.43936 73.9724 -22.43953 -63.43936 75.81565 -15.08093 -63.43936 76.92876 -7.57709 -63.43936 77.30102 -2.81364e-4 -63.43936 76.92882 7.57653 -63.43936 75.81577 15.08037 -63.43936 73.97256 22.43899 -63.43936 71.41696 29.5815 -63.43936 68.17358 36.43913 -63.43936 64.27365 42.94583 -63.43936 59.75474 49.03895 -63.43936 54.66036 54.65979 -63.43936 49.03957 59.75423 -63.43936 42.94651 64.27321 -63.43936 36.43985 68.17319 -63.43936 29.58225 71.41665 -63.43936 22.43976 73.97232 -63.43936 15.08117 75.8156 -63.43936 7.577334 76.92874 -63.43936 -3.09086e-6 70.71065 -70.71072 -6.930861 70.37016 -70.71072 -13.79497 69.35196 -70.71072 -20.52623 67.66587 -70.71072 -27.05981 65.32812 -70.71072 -33.33278 62.36122 -70.71072 -39.28474 58.79375 -70.71072 -44.85837 54.66006 -70.71072 -49.99999 49.99997 -70.71072 -54.66008 44.85834 -70.71072 -58.79377 39.28471 -70.71072 -62.36123 33.33274 -70.71072 -65.32813 27.05977 -70.71072 -67.66588 20.52619 -70.71072 -69.35197 13.79493 -70.71072 -70.37016 6.930819 -70.71072 -70.71065 -3.98992e-5 -70.71072 -70.37016 -6.930898 -70.71072 -69.35195 -13.79501 -70.71072 -67.66586 -20.52626 -70.71072 -65.3281 -27.05984 -70.71072 -62.3612 -33.33282 -70.71072 -58.79372 -39.28478 -70.71072 -54.66003 -44.85841 -70.71072 -49.99994 -50.00002 -70.71072 -44.85831 -54.66011 -70.71072 -39.28469 -58.79378 -70.71072 -33.33274 -62.36124 -70.71072 -27.05977 -65.32813 -70.71072 -20.52621 -67.66587 -70.71072 -13.79497 -69.35196 -70.71072 -6.930874 -70.37016 -70.71072 -3.28742e-5 -70.71065 -70.71072 6.930809 -70.37016 -70.71072 13.7949 -69.35197 -70.71072 20.52614 -67.66589 -70.71072 27.05971 -65.32816 -70.71072 33.33268 -62.36127 -70.71072 39.28463 -58.79382 -70.71072 44.85826 -54.66015 -70.71072 49.99988 -50.00008 -70.71072 54.65997 -44.85848 -70.71072 58.79366 -39.28487 -70.71072 62.36114 -33.33294 -70.71072 65.32804 -27.05998 -70.71072 67.66581 -20.52642 -70.71072 69.35192 -13.79519 -70.71072 70.37013 -6.931098 -70.71072 70.71065 -2.57376e-4 -70.71072 70.37018 6.930585 -70.71072 69.35202 13.79468 -70.71072 67.66595 20.52593 -70.71072 65.32824 27.0595 -70.71072 62.36138 33.33248 -70.71072 58.79394 39.28445 -70.71072 54.6603 44.85809 -70.71072 50.00024 49.99972 -70.71072 44.85866 54.65983 -70.71072 39.28506 58.79353 -70.71072 33.33313 62.36103 -70.71072 27.06019 65.32796 -70.71072 20.52664 67.66574 -70.71072 13.79541 69.35188 -70.71072 6.931321 70.37011 -70.71072 -2.77302e-6 63.43929 -77.30108 -6.218143 63.13381 -77.30108 -12.3764 62.22031 -77.30108 -18.41546 60.70761 -77.30108 -24.27718 58.61025 -77.30108 -29.90508 55.94845 -77.30108 -35.24499 52.74783 -77.30108 -40.24547 49.03922 -77.30108 -44.85836 44.85834 -77.30108 -49.03924 40.24544 -77.30108 -52.74785 35.24496 -77.30108 -55.94846 29.90505 -77.30108 -58.61027 24.27714 -77.30108 -60.70762 18.41542 -77.30108 -62.22032 12.37636 -77.30108 -63.13381 6.218104 -77.30108 -63.43929 -3.57962e-5 -77.30108 -63.1338 -6.218176 -77.30108 -62.22031 -12.37643 -77.30108 -60.7076 -18.41549 -77.30108 -58.61024 -24.27721 -77.30108 -55.94843 -29.90511 -77.30108 -52.74781 -35.24502 -77.30108 -49.0392 -40.2455 -77.30108 -44.85831 -44.85839 -77.30108 -40.24541 -49.03927 -77.30108 -35.24494 -52.74786 -77.30108 -29.90504 -55.94847 -77.30108 -24.27714 -58.61027 -77.30108 -18.41544 -60.70761 -77.30108 -12.37639 -62.22031 -77.30108 -6.218154 -63.13381 -77.30108 -2.94937e-5 -63.43929 -77.30108 6.218095 -63.13381 -77.30108 12.37634 -62.22033 -77.30108 18.41539 -60.70763 -77.30108 24.27709 -58.61029 -77.30108 29.90499 -55.9485 -77.30108 35.24489 -52.7479 -77.30108 40.24537 -49.03931 -77.30108 44.85826 -44.85844 -77.30108 49.03914 -40.24557 -77.30108 52.74775 -35.24511 -77.30108 55.94838 -29.90522 -77.30108 58.61019 -24.27733 -77.30108 60.70755 -18.41564 -77.30108 62.22028 -12.37659 -77.30108 63.13379 -6.218355 -77.30108 63.43929 -2.3091e-4 -77.30108 63.13383 6.217895 -77.30108 62.22037 12.37614 -77.30108 60.70769 18.41519 -77.30108 58.61037 24.2769 -77.30108 55.94859 29.90481 -77.30108 52.74801 35.24472 -77.30108 49.03943 40.24521 -77.30108 44.85858 44.85811 -77.30108 40.24572 49.03901 -77.30108 35.24527 52.74764 -77.30108 29.9054 55.94828 -77.30108 24.27752 58.61011 -77.30108 18.41583 60.7075 -77.30108 12.37679 62.22024 -77.30108 6.218555 63.13377 -77.30108 -2.42847e-6 55.55698 -83.147 -5.44554 55.28946 -83.147 -10.83864 54.48946 -83.147 -16.12735 53.16471 -83.147 -21.26075 51.32795 -83.147 -26.18938 48.99688 -83.147 -30.86581 46.19393 -83.147 -35.24498 42.94612 -83.147 -39.28473 39.2847 -83.147 -42.94613 35.24496 -83.147 -46.19395 30.86579 -83.147 -48.99689 26.18936 -83.147 -51.32796 21.26071 -83.147 -53.16472 16.12732 -83.147 -54.48947 10.8386 -83.147 -55.28946 5.445507 -83.147 -55.55698 -3.13486e-5 -83.147 -55.28945 -5.44557 -83.147 -54.48946 -10.83866 -83.147 -53.1647 -16.12737 -83.147 -51.32794 -21.26077 -83.147 -48.99686 -26.18941 -83.147 -46.19391 -30.86584 -83.147 -42.94609 -35.24501 -83.147 -39.28468 -39.28475 -83.147 -35.24493 -42.94616 -83.147 -30.86577 -46.19396 -83.147 -26.18935 -48.99689 -83.147 -21.26072 -51.32796 -83.147 -16.12733 -53.16471 -83.147 -10.83863 -54.48946 -83.147 -5.44555 -55.28946 -83.147 -2.58291e-5 -55.55698 -83.147 5.445499 -55.28946 -83.147 10.83858 -54.48947 -83.147 16.12728 -53.16473 -83.147 21.26067 -51.32798 -83.147 26.18931 -48.99692 -83.147 30.86573 -46.19399 -83.147 35.24489 -42.94619 -83.147 39.28463 -39.2848 -83.147 42.94604 -35.24507 -83.147 46.19386 -30.86592 -83.147 48.99681 -26.18951 -83.147 51.32789 -21.26088 -83.147 53.16466 -16.1275 -83.147 54.48943 -10.83881 -83.147 55.28943 -5.445726 -83.147 55.55698 -2.02219e-4 -83.147 55.28947 5.445323 -83.147 54.48951 10.83841 -83.147 53.16478 16.12711 -83.147 51.32805 21.26051 -83.147 48.997 26.18915 -83.147 46.19408 30.86558 -83.147 42.9463 35.24476 -83.147 39.28492 39.28451 -83.147 35.24521 42.94593 -83.147 30.86606 46.19376 -83.147 26.18966 48.99672 -83.147 21.26104 51.32783 -83.147 16.12767 53.16461 -83.147 10.83898 54.4894 -83.147 5.445902 55.28942 -83.147 -2.06054e-6 47.13962 -88.19215 -4.620495 46.91263 -88.19215 -9.196489 46.23384 -88.19215 -13.68392 45.1098 -88.19215 -18.03956 43.55133 -88.19215 -22.22147 41.57343 -88.19215 -26.18938 39.19516 -88.19215 -29.90507 36.43941 -88.19215 -33.33275 33.33274 -88.19215 -36.43943 29.90505 -88.19215 -39.19517 26.18936 -88.19215 -41.57344 22.22145 -88.19215 -43.55134 18.03954 -88.19215 -45.10981 13.68389 -88.19215 -46.23385 9.196462 -88.19215 -46.91264 4.620466 -88.19215 -47.13962 -2.6599e-5 -88.19215 -46.91263 -4.62052 -88.19215 -46.23384 -9.196513 -88.19215 -45.10979 -13.68394 -88.19215 -43.55132 -18.03959 -88.19215 -41.57342 -22.22149 -88.19215 -39.19514 -26.1894 -88.19215 -36.4394 -29.90509 -88.19215 -33.33272 -33.33278 -88.19215 -29.90503 -36.43945 -88.19215 -26.18934 -39.19518 -88.19215 -22.22144 -41.57345 -88.19215 -18.03954 -43.55134 -88.19215 -13.6839 -45.10981 -88.19215 -9.196486 -46.23384 -88.19215 -4.620503 -46.91263 -88.19215 -2.19158e-5 -47.13962 -88.19215 4.62046 -46.91264 -88.19215 9.196444 -46.23385 -88.19215 13.68386 -45.10982 -88.19215 18.0395 -43.55136 -88.19215 22.2214 -41.57347 -88.19215 26.18931 -39.19521 -88.19215 29.90499 -36.43948 -88.19215 33.33268 -33.33282 -88.19215 36.43935 -29.90514 -88.19215 39.1951 -26.18947 -88.19215 41.57338 -22.22157 -88.19215 43.55128 -18.03967 -88.19215 45.10976 -13.68405 -88.19215 46.23382 -9.196633 -88.19215 46.91261 -4.620653 -88.19215 47.13962 -1.71581e-4 -88.19215 46.91265 4.620311 -88.19215 46.23389 9.196298 -88.19215 45.10986 13.68372 -88.19215 43.55141 18.03936 -88.19215 41.57354 22.22127 -88.19215 39.19529 26.18918 -88.19215 36.43957 29.90488 -88.19215 33.33292 33.33257 -88.19215 29.90526 36.43926 -88.19215 26.18959 39.19501 -88.19215 22.22171 41.5733 -88.19215 18.03981 43.55122 -88.19215 13.68419 45.10972 -88.19215 9.19678 46.23379 -88.19215 4.620801 46.9126 -88.19215 -1.67276e-6 38.26828 -92.38798 -3.750951 38.08401 -92.38798 -7.465776 37.53297 -92.38798 -11.1087 36.62046 -92.38798 -14.64465 35.35528 -92.38798 -18.03955 33.74961 -92.38798 -21.26073 31.81891 -92.38798 -24.27715 29.58178 -92.38798 -27.05977 27.05976 -92.38798 -29.58179 24.27713 -92.38798 -31.81892 21.26071 -92.38798 -33.74962 18.03953 -92.38798 -35.35529 14.64462 -92.38798 -36.62047 11.10868 -92.38798 -37.53297 7.465754 -92.38798 -38.08401 3.750928 -92.38798 -38.26828 -2.15933e-5 -92.38798 -38.08401 -3.750971 -92.38798 -37.53296 -7.465796 -92.38798 -36.62046 -11.10872 -92.38798 -35.35527 -14.64466 -92.38798 -33.7496 -18.03957 -92.38798 -31.8189 -21.26074 -92.38798 -29.58176 -24.27717 -92.38798 -27.05974 -27.05979 -92.38798 -24.27711 -29.58181 -92.38798 -21.2607 -31.81893 -92.38798 -18.03953 -33.74962 -92.38798 -14.64463 -35.35529 -92.38798 -11.10869 -36.62046 -92.38798 -7.465774 -37.53297 -92.38798 -3.750958 -38.08401 -92.38798 -1.77914e-5 -38.26828 -92.38798 3.750922 -38.08401 -92.38798 7.465739 -37.53297 -92.38798 11.10866 -36.62048 -92.38798 14.64459 -35.3553 -92.38798 18.0395 -33.74964 -92.38798 21.26067 -31.81895 -92.38798 24.27709 -29.58183 -92.38798 27.05971 -27.05982 -92.38798 29.58173 -24.27721 -92.38798 31.81886 -21.2608 -92.38798 33.74957 -18.03963 -92.38798 35.35524 -14.64474 -92.38798 36.62043 -11.10881 -92.38798 37.53294 -7.465893 -92.38798 38.084 -3.751079 -92.38798 38.26828 -1.39291e-4 -92.38798 38.08403 3.750802 -92.38798 37.533 7.46562 -92.38798 36.62051 11.10854 -92.38798 35.35535 14.64448 -92.38798 33.74969 18.03939 -92.38798 31.81902 21.26056 -92.38798 29.58191 24.27699 -92.38798 27.0599 27.05962 -92.38798 24.2773 29.58165 -92.38798 21.2609 31.8188 -92.38798 18.03974 33.74951 -92.38798 14.64485 35.3552 -92.38798 11.10892 36.6204 -92.38798 7.466012 37.53292 -92.38798 3.7512 38.08398 -92.38798 -1.26887e-6 29.0284 -95.69405 -2.845284 28.88862 -95.69405 -5.663164 28.47063 -95.69405 -8.426506 27.77845 -95.69405 -11.1087 26.81875 -95.69405 -13.6839 25.60077 -95.69405 -16.12732 24.13623 -95.69405 -18.41543 22.43926 -95.69405 -20.52619 20.52618 -95.69405 -22.43926 18.41542 -95.69405 -24.13624 16.12731 -95.69405 -25.60077 13.68389 -95.69405 -26.81875 11.10868 -95.69405 -27.77846 8.426489 -95.69405 -28.47063 5.663147 -95.69405 -28.88863 2.845266 -95.69405 -29.0284 -1.63796e-5 -95.69405 -28.88862 -2.845299 -95.69405 -28.47063 -5.663179 -95.69405 -27.77844 -8.426519 -95.69405 -26.81874 -11.10871 -95.69405 -25.60076 -13.68391 -95.69405 -24.13622 -16.12734 -95.69405 -22.43924 -18.41544 -95.69405 -20.52616 -20.5262 -95.69405 -18.4154 -22.43928 -95.69405 -16.1273 -24.13625 -95.69405 -13.68388 -25.60077 -95.69405 -11.10868 -26.81875 -95.69405 -8.426497 -27.77845 -95.69405 -5.663163 -28.47063 -95.69405 -2.845289 -28.88862 -95.69405 -1.34957e-5 -29.0284 -95.69405 2.845262 -28.88863 -95.69405 5.663136 -28.47064 -95.69405 8.426471 -27.77846 -95.69405 11.10865 -26.81876 -95.69405 13.68386 -25.60079 -95.69405 16.12728 -24.13626 -95.69405 18.41538 -22.43929 -95.69405 20.52614 -20.52622 -95.69405 22.43922 -18.41547 -95.69405 24.1362 -16.12738 -95.69405 25.60073 -13.68396 -95.69405 26.81872 -11.10877 -95.69405 27.77843 -8.426585 -95.69405 28.47061 -5.663253 -95.69405 28.88861 -2.845381 -95.69405 29.0284 -1.05659e-4 -95.69405 28.88864 2.84517 -95.69405 28.47066 5.663046 -95.69405 27.77849 8.426383 -95.69405 26.8188 11.10857 -95.69405 25.60083 13.68378 -95.69405 24.13631 16.1272 -95.69405 22.43935 18.41531 -95.69405 20.52629 20.52607 -95.69405 18.41555 22.43916 -95.69405 16.12745 24.13614 -95.69405 13.68404 25.60069 -95.69405 11.10885 26.81868 -95.69405 8.426674 27.7784 -95.69405 5.663343 28.47059 -95.69405 2.845472 28.88861 -95.69405 -8.52764e-7 19.50896 -98.07854 -1.912214 19.41502 -98.07854 -3.806012 19.1341 -98.07854 -5.663156 18.66891 -98.07854 -7.46576 18.02393 -98.07854 -9.196463 17.20537 -98.07854 -10.8386 16.22111 -98.07854 -12.37636 15.08063 -98.07854 -13.79492 13.79491 -98.07854 -15.08063 12.37635 -98.07854 -16.22111 10.83859 -98.07854 -17.20537 9.196454 -98.07854 -18.02393 7.465749 -98.07854 -18.66891 5.663144 -98.07854 -19.1341 3.806 -98.07854 -19.41502 1.912202 -98.07854 -19.50896 -1.10081e-5 -98.07854 -19.41502 -1.912224 -98.07854 -19.1341 -3.806022 -98.07854 -18.66891 -5.663165 -98.07854 -18.02392 -7.465769 -98.07854 -17.20536 -9.196473 -98.07854 -16.2211 -10.83861 -98.07854 -15.08062 -12.37637 -98.07854 -13.79491 -13.79493 -98.07854 -12.37634 -15.08064 -98.07854 -10.83859 -16.22112 -98.07854 -9.196451 -17.20537 -98.07854 -7.46575 -18.02393 -98.07854 -5.66315 -18.66891 -98.07854 -3.806011 -19.1341 -98.07854 -1.912218 -19.41502 -98.07854 -9.06996e-6 -19.50896 -98.07854 1.9122 -19.41502 -98.07854 3.805993 -19.1341 -98.07854 5.663132 -18.66892 -98.07854 7.465733 -18.02394 -98.07854 9.196436 -17.20538 -98.07854 10.83857 -16.22113 -98.07854 12.37633 -15.08065 -98.07854 13.79489 -13.79495 -98.07854 15.0806 -12.37639 -98.07854 16.22108 -10.83864 -98.07854 17.20534 -9.196506 -98.07854 18.02391 -7.465807 -98.07854 18.66889 -5.663209 -98.07854 19.13409 -3.806071 -98.07854 19.41501 -1.912279 -98.07854 19.50896 -7.10097e-5 -98.07854 19.41503 1.912138 -98.07854 19.13412 3.805932 -98.07854 18.66894 5.663073 -98.07854 18.02396 7.465676 -98.07854 17.20541 9.196381 -98.07854 16.22116 10.83852 -98.07854 15.08069 12.37628 -98.07854 13.79499 13.79485 -98.07854 12.37644 15.08056 -98.07854 10.83869 16.22105 -98.07854 9.196561 17.20531 -98.07854 7.465865 18.02389 -98.07854 5.663269 18.66888 -98.07854 3.806132 19.13408 -98.07854 1.912341 19.41501 -98.07854 -4.28443e-7 9.801638 -99.51848 -0.9607293 9.75444 -99.51848 -1.912206 9.613301 -99.51848 -2.845267 9.379582 -99.51848 -3.750926 9.055532 -99.51848 -4.620461 8.644273 -99.51848 -5.445499 8.149763 -99.51848 -6.218095 7.576767 -99.51848 -6.930806 6.930802 -99.51848 -7.57677 6.218091 -99.51848 -8.149765 5.445495 -99.51848 -8.644274 4.620457 -99.51848 -9.055533 3.750921 -99.51848 -9.379583 2.845261 -99.51848 -9.613303 1.9122 -99.51848 -9.75444 0.9607234 -99.51848 -9.801638 -5.53067e-6 -99.51848 -9.754439 -0.9607344 -99.51848 -9.6133 -1.912211 -99.51848 -9.37958 -2.845272 -99.51848 -9.05553 -3.750931 -99.51848 -8.644269 -4.620467 -99.51848 -8.149759 -5.445505 -99.51848 -7.576763 -6.2181 -99.51848 -6.930799 -6.930811 -99.51848 -6.218086 -7.576774 -99.51848 -5.445492 -8.149768 -99.51848 -4.620455 -8.644276 -99.51848 -3.750921 -9.055533 -99.51848 -2.845264 -9.379582 -99.51848 -1.912205 -9.613301 -99.51848 -0.960731 -9.75444 -99.51848 -4.5569e-6 -9.801638 -99.51848 0.960722 -9.75444 -99.51848 1.912196 -9.613303 -99.51848 2.845255 -9.379585 -99.51848 3.750913 -9.055537 -99.51848 4.620448 -8.644279 -99.51848 5.445485 -8.149773 -99.51848 6.218079 -7.57678 -99.51848 6.93079 -6.930819 -99.51848 7.576754 -6.21811 -99.51848 8.149751 -5.445518 -99.51848 8.64426 -4.620483 -99.51848 9.055522 -3.75095 -99.51848 9.379574 -2.845294 -99.51848 9.613296 -1.912236 -99.51848 9.754436 -0.9607621 -99.51848 9.801638 -3.56765e-5 -99.51848 9.754443 0.960691 -99.51848 9.61331 1.912166 -99.51848 9.379594 2.845225 -99.51848 9.055549 3.750884 -99.51848 8.644294 4.62042 -99.51848 8.14979 5.445458 -99.51848 7.5768 6.218055 -99.51848 6.93084 6.930768 -99.51848 6.218134 7.576735 -99.51848 5.445544 8.149734 -99.51848 4.62051 8.644245 -99.51848 3.750979 9.05551 -99.51848 2.845324 9.379564 -99.51848 1.912266 9.61329 -99.51848 0.9607931 9.754434 -99.51848 0 0 -100</float_array>
          <technique_common>
            <accessor source="#geom-Sphere002-positions-array" count="1986" stride="3">
              <param name="X" type="float"/>
              <param name="Y" type="float"/>
              <param name="Z" type="float"/>
            </accessor>
          </technique_common>
        </source>
        <source id="geom-Sphere002-normals">
          <float_array id="geom-Sphere002-normals-array" count="5958">2.94499e-8 5.56448e-8 1 1.45014e-7 0.09953568 0.995034 -0.009756205 0.09905632 0.995034 -0.01941845 0.09762309 0.9950341 -0.02889367 0.09524964 0.9950339 -0.03809065 0.09195891 0.995034 -0.04692075 0.08778256 0.9950341 -0.05529905 0.08276086 0.9950341 -0.06314479 0.07694205 0.9950341 -0.07038233 0.07038232 0.995034 -0.07694209 0.06314471 0.9950341 -0.08276086 0.05529898 0.9950341 -0.0877826 0.04692071 0.9950341 -0.09195893 0.03809058 0.9950341 -0.09524966 0.02889364 0.995034 -0.09762309 0.01941838 0.995034 -0.09905636 0.009756146 0.9950341 -0.09953563 -4.05208e-8 0.995034 -0.09905633 -0.009756242 0.995034 -0.09762306 -0.01941855 0.995034 -0.09524959 -0.02889373 0.9950339 -0.09195892 -0.03809066 0.9950341 -0.08778256 -0.04692083 0.995034 -0.08276082 -0.05529914 0.995034 -0.07694203 -0.0631448 0.995034 -0.07038227 -0.07038239 0.995034 -0.06314463 -0.07694214 0.9950339 -0.05529898 -0.08276089 0.9950339 -0.04692073 -0.08778262 0.995034 -0.03809058 -0.09195895 0.995034 -0.02889364 -0.09524966 0.9950339 -0.01941845 -0.09762306 0.9950339 -0.009756228 -0.09905632 0.995034 -3.59195e-8 -0.09953564 0.995034 0.009756104 -0.09905636 0.9950341 0.01941833 -0.09762311 0.995034 0.02889357 -0.09524971 0.9950341 0.03809055 -0.09195897 0.9950341 0.04692064 -0.08778266 0.9950341 0.0552989 -0.08276097 0.9950341 0.06314458 -0.07694218 0.9950341 0.07038219 -0.07038245 0.995034 0.07694194 -0.06314491 0.995034 0.08276068 -0.05529929 0.995034 0.08778247 -0.04692106 0.995034 0.09195882 -0.03809092 0.9950339 0.09524956 -0.02889396 0.995034 0.09762302 -0.01941873 0.995034 0.0990563 -0.009756514 0.9950341 0.09953564 -3.15854e-7 0.9950341 0.09905637 0.009755823 0.9950339 0.09762316 0.01941803 0.9950341 0.09524979 0.02889326 0.9950341 0.0919591 0.0380902 0.9950341 0.08778282 0.04692037 0.9950341 0.08276112 0.05529867 0.995034 0.07694238 0.06314439 0.995034 0.07038267 0.07038194 0.995034 0.06314517 0.07694175 0.995034 0.05529949 0.08276055 0.9950341 0.04692128 0.08778231 0.9950341 0.03809118 0.09195868 0.9950341 0.02889429 0.0952495 0.9950341 0.01941908 0.09762294 0.995034 0.009756691 0.09905636 0.9950341 3.65496e-7 0.1965642 0.980491 -0.01926664 0.1956176 0.980491 -0.03834784 0.1927872 0.980491 -0.05705962 0.1881001 0.980491 -0.07522182 0.1816016 0.980491 -0.0926597 0.1733541 0.980491 -0.1092052 0.1634371 0.980491 -0.124699 0.1519461 0.980491 -0.1389919 0.1389918 0.980491 -0.1519461 0.1246989 0.980491 -0.1634371 0.1092052 0.980491 -0.1733541 0.09265964 0.980491 -0.1816016 0.07522175 0.980491 -0.1881002 0.05705943 0.980491 -0.1927872 0.03834763 0.980491 -0.1956176 0.01926653 0.980491 -0.1965641 -1.1431e-7 0.980491 -0.1956176 -0.01926676 0.980491 -0.1927872 -0.03834793 0.980491 -0.1881 -0.05705971 0.980491 -0.1816015 -0.07522186 0.980491 -0.173354 -0.09265982 0.980491 -0.1634369 -0.1092053 0.980491 -0.1519461 -0.124699 0.980491 -0.1389917 -0.138992 0.980491 -0.1246988 -0.1519462 0.980491 -0.1092051 -0.1634371 0.980491 -0.09265964 -0.1733541 0.980491 -0.07522173 -0.1816016 0.9804909 -0.05705947 -0.1881002 0.980491 -0.03834783 -0.1927872 0.980491 -0.01926669 -0.1956176 0.9804909 1.9596e-8 -0.196564 0.980491 0.01926652 -0.1956176 0.980491 0.03834753 -0.1927872 0.980491 0.05705938 -0.1881002 0.980491 0.07522164 -0.1816017 0.980491 0.09265941 -0.1733542 0.980491 0.1092049 -0.1634372 0.980491 0.1246986 -0.1519464 0.980491 0.1389916 -0.1389921 0.980491 0.1519458 -0.1246993 0.980491 0.1634368 -0.1092057 0.980491 0.1733539 -0.09266015 0.980491 0.1816014 -0.07522234 0.980491 0.1881 -0.05706017 0.980491 0.1927871 -0.03834835 0.980491 0.1956176 -0.0192673 0.980491 0.1965641 -6.91206e-7 0.980491 0.1956177 0.01926588 0.980491 0.1927874 0.03834692 0.980491 0.1881004 0.05705874 0.980491 0.1816019 0.07522102 0.980491 0.1733545 0.09265888 0.980491 0.1634376 0.1092044 0.980491 0.1519467 0.1246982 0.980491 0.1389925 0.1389911 0.980491 0.1246998 0.1519454 0.980491 0.109206 0.1634365 0.980491 0.09266074 0.1733535 0.980491 0.07522293 0.1816011 0.980491 0.05706067 0.1880998 0.980491 0.03834901 0.1927869 0.980491 0.01926763 0.1956176 0.980491 4.94752e-7 0.2916876 0.9565136 -0.02859045 0.290283 0.9565136 -0.05690547 0.2860828 0.9565136 -0.08467244 0.2791276 0.9565137 -0.111624 0.2694841 0.9565137 -0.1375006 0.2572455 0.9565136 -0.162053 0.2425293 0.9565136 -0.1850446 0.2254775 0.9565136 -0.2062543 0.2062541 0.9565137 -0.2254776 0.1850445 0.9565137 -0.2425294 0.1620529 0.9565137 -0.2572455 0.1375005 0.9565136 -0.2694842 0.111624 0.9565136 -0.2791276 0.08467223 0.9565137 -0.2860829 0.05690528 0.9565137 -0.290283 0.02859022 0.9565136 -0.2916875 -2.10849e-7 0.9565137 -0.290283 -0.02859055 0.9565136 -0.2860828 -0.05690561 0.9565137 -0.2791275 -0.08467264 0.9565136 -0.2694841 -0.1116242 0.9565137 -0.2572453 -0.1375007 0.9565136 -0.2425292 -0.1620531 0.9565137 -0.2254774 -0.1850448 0.9565137 -0.206254 -0.2062544 0.9565136 -0.1850443 -0.2254777 0.9565137 -0.1620528 -0.2425294 0.9565136 -0.1375005 -0.2572455 0.9565136 -0.1116238 -0.2694842 0.9565136 -0.08467224 -0.2791276 0.9565136 -0.05690551 -0.2860828 0.9565137 -0.02859052 -0.290283 0.9565136 -7.84e-8 -0.2916875 0.9565136 0.02859023 -0.290283 0.9565136 0.05690514 -0.2860829 0.9565136 0.08467206 -0.2791277 0.9565136 0.1116237 -0.2694843 0.9565136 0.1375001 -0.2572456 0.9565137 0.1620526 -0.2425296 0.9565137 0.1850442 -0.2254778 0.9565136 0.2062538 -0.2062546 0.9565137 0.2254771 -0.185045 0.9565137 0.2425289 -0.1620536 0.9565137 0.2572451 -0.1375013 0.9565137 0.2694838 -0.1116248 0.9565136 0.2791273 -0.08467326 0.9565137 0.2860827 -0.05690622 0.9565136 0.2902829 -0.0285914 0.9565137 0.2916876 -1.07978e-6 0.9565137 0.290283 0.02858923 0.9565137 0.286083 0.05690427 0.9565137 0.2791279 0.08467128 0.9565136 0.2694847 0.1116227 0.9565137 0.257246 0.1374994 0.9565137 0.2425301 0.1620517 0.9565137 0.2254785 0.1850435 0.9565136 0.2062553 0.2062532 0.9565136 0.1850458 0.2254765 0.9565136 0.1620543 0.2425284 0.9565136 0.1375021 0.2572446 0.9565136 0.1116256 0.2694835 0.9565137 0.08467403 0.2791271 0.9565136 0.05690728 0.2860824 0.9565137 0.0285919 0.2902829 0.9565136 7.47338e-7 0.383991 0.9233368 -0.03763775 0.3821419 0.9233369 -0.07491292 0.3766126 0.9233369 -0.1114666 0.3674564 0.9233368 -0.1469471 0.3547613 0.9233368 -0.1810122 0.3386497 0.9233368 -0.213334 0.3192767 0.9233368 -0.2436013 0.296829 0.9233369 -0.2715227 0.2715225 0.9233369 -0.2968292 0.2436012 0.9233368 -0.3192769 0.2133338 0.9233368 -0.3386498 0.181012 0.9233368 -0.3547614 0.146947 0.9233368 -0.3674565 0.1114665 0.9233368 -0.3766127 0.07491274 0.9233369 -0.382142 0.03763758 0.9233369 -0.3839909 -3.87927e-7 0.9233368 -0.3821419 -0.03763796 0.9233368 -0.3766126 -0.07491312 0.9233369 -0.3674563 -0.1114668 0.9233369 -0.3547614 -0.1469472 0.9233369 -0.3386496 -0.1810124 0.9233369 -0.3192767 -0.2133342 0.9233368 -0.2968289 -0.2436015 0.9233368 -0.2715223 -0.2715229 0.9233368 -0.243601 -0.2968293 0.9233369 -0.2133337 -0.3192769 0.9233369 -0.1810119 -0.3386498 0.9233369 -0.1469469 -0.3547615 0.9233368 -0.1114666 -0.3674565 0.9233368 -0.07491293 -0.3766126 0.9233369 -0.03763783 -0.3821419 0.9233368 -1.59804e-7 -0.3839909 0.9233368 0.03763745 -0.382142 0.9233368 0.0749127 -0.3766127 0.9233368 0.1114663 -0.3674565 0.9233369 0.1469464 -0.3547616 0.9233369 0.1810115 -0.3386501 0.9233369 0.2133335 -0.3192771 0.9233368 0.2436008 -0.2968294 0.9233368 0.2715221 -0.2715232 0.9233368 0.2968285 -0.2436018 0.9233368 0.3192763 -0.2133347 0.9233369 0.3386493 -0.1810129 0.9233368 0.3547609 -0.1469481 0.9233369 0.3674561 -0.1114679 0.9233368 0.3766125 -0.0749139 0.9233368 0.3821418 -0.03763904 0.9233368 0.383991 -1.52854e-6 0.9233369 0.3821422 0.03763615 0.9233369 0.3766129 0.07491153 0.9233368 0.3674568 0.1114653 0.9233369 0.3547621 0.1469452 0.9233368 0.3386506 0.1810106 0.9233369 0.3192778 0.2133324 0.9233368 0.2968302 0.2435997 0.9233368 0.271524 0.2715212 0.9233369 0.2436028 0.2968277 0.9233368 0.2133357 0.3192756 0.9233368 0.181014 0.3386487 0.9233368 0.1469491 0.3547605 0.9233368 0.111469 0.3674557 0.9233368 0.07491528 0.3766122 0.9233369 0.03763954 0.3821417 0.9233368 7.98015e-7 0.4725874 0.8812838 -0.04632172 0.4703118 0.8812838 -0.09219728 0.4635067 0.8812838 -0.137185 0.452238 0.8812838 -0.1808515 0.4366138 0.8812838 -0.2227761 0.4167849 0.8812838 -0.2625554 0.3929421 0.8812838 -0.2998065 0.3653148 0.8812838 -0.33417 0.3341695 0.8812838 -0.3653151 0.2998061 0.8812838 -0.3929421 0.2625554 0.8812837 -0.416785 0.2227762 0.8812838 -0.4366139 0.1808512 0.8812838 -0.4522381 0.1371846 0.8812837 -0.4635069 0.09219687 0.8812837 -0.4703118 0.04632152 0.8812837 -0.4725875 -2.02326e-7 0.8812838 -0.4703117 -0.04632194 0.8812839 -0.4635068 -0.09219749 0.8812838 -0.452238 -0.1371852 0.8812838 -0.4366137 -0.1808516 0.8812838 -0.4167847 -0.2227765 0.8812838 -0.3929418 -0.2625559 0.8812838 -0.3653147 -0.2998065 0.8812838 -0.3341695 -0.33417 0.8812838 -0.2998059 -0.3653153 0.8812838 -0.2625552 -0.3929422 0.8812837 -0.222776 -0.416785 0.8812838 -0.1808511 -0.4366139 0.8812838 -0.1371848 -0.452238 0.8812838 -0.09219747 -0.4635068 0.8812838 -0.04632181 -0.4703117 0.8812839 -9.50726e-9 -0.4725874 0.8812838 0.04632143 -0.4703119 0.8812838 0.09219674 -0.463507 0.8812838 0.1371842 -0.4522382 0.8812838 0.1808508 -0.4366141 0.8812838 0.2227756 -0.4167852 0.8812837 0.2625549 -0.3929425 0.8812837 0.2998056 -0.3653156 0.8812838 0.3341692 -0.3341704 0.8812838 0.3653145 -0.299807 0.8812838 0.3929414 -0.2625567 0.8812838 0.4167843 -0.2227774 0.8812837 0.4366134 -0.1808524 0.8812838 0.4522375 -0.1371863 0.8812838 0.4635066 -0.09219867 0.8812838 0.4703116 -0.04632322 0.8812838 0.4725875 -1.76568e-6 0.8812838 0.4703119 0.04631988 0.8812838 0.4635072 0.09219539 0.8812838 0.4522386 0.137183 0.8812838 0.4366147 0.1808493 0.8812838 0.416786 0.2227744 0.8812838 0.3929434 0.2625536 0.8812838 0.3653167 0.2998044 0.8812838 0.3341715 0.334168 0.8812838 0.2998082 0.3653134 0.8812838 0.2625577 0.3929407 0.8812838 0.2227787 0.4167836 0.8812838 0.1808539 0.4366128 0.8812837 0.1371877 0.4522372 0.8812838 0.09220028 0.4635063 0.8812838 0.04632397 0.4703116 0.8812838 1.02583e-6 0.5566283 0.8307617 -0.0545591 0.5539479 0.8307617 -0.1085929 0.5459328 0.8307617 -0.1615808 0.53266 0.8307617 -0.2130125 0.5142574 0.8307617 -0.2623928 0.4909022 0.8307617 -0.3092462 0.4628194 0.8307617 -0.3531213 0.4302794 0.8307617 -0.3935958 0.3935954 0.8307617 -0.4302796 0.3531211 0.8307617 -0.4628196 0.3092459 0.8307617 -0.4909024 0.2623926 0.8307617 -0.5142574 0.2130124 0.8307617 -0.5326601 0.1615804 0.8307617 -0.5459329 0.1085924 0.8307617 -0.5539479 0.05455887 0.8307617 -0.5566283 -1.93458e-7 0.8307617 -0.5539479 -0.0545595 0.8307617 -0.5459327 -0.1085932 0.8307617 -0.53266 -0.161581 0.8307617 -0.5142574 -0.2130127 0.8307617 -0.4909021 -0.2623931 0.8307617 -0.4628192 -0.3092465 0.8307617 -0.4302793 -0.3531215 0.8307617 -0.3935952 -0.393596 0.8307617 -0.3531207 -0.4302799 0.8307617 -0.3092458 -0.4628196 0.8307617 -0.2623925 -0.4909024 0.8307617 -0.2130122 -0.5142576 0.8307617 -0.1615806 -0.5326601 0.8307617 -0.108593 -0.5459328 0.8307617 -0.05455922 -0.5539479 0.8307617 -4.60615e-8 -0.5566282 0.8307617 0.05455883 -0.5539479 0.8307617 0.1085922 -0.5459329 0.8307617 0.16158 -0.5326601 0.8307617 0.2130118 -0.5142577 0.8307617 0.262392 -0.4909027 0.8307617 0.3092453 -0.4628201 0.8307617 0.3531204 -0.4302801 0.8307617 0.3935949 -0.3935964 0.8307617 0.4302787 -0.3531221 0.8307617 0.4628187 -0.3092473 0.8307617 0.4909016 -0.2623941 0.8307617 0.5142569 -0.2130139 0.8307617 0.5326596 -0.1615823 0.8307617 0.5459325 -0.1085944 0.8307617 0.5539477 -0.05456093 0.8307617 0.5566282 -2.15687e-6 0.8307617 0.5539481 0.05455689 0.8307617 0.5459332 0.1085906 0.8307617 0.5326607 0.1615784 0.8307617 0.5142584 0.21301 0.8307617 0.4909034 0.2623906 0.8307617 0.4628209 0.3092439 0.8307617 0.4302813 0.353119 0.8307617 0.3935978 0.3935935 0.8307617 0.3531237 0.4302775 0.8307617 0.3092485 0.4628178 0.8307617 0.2623957 0.4909008 0.8307617 0.2130155 0.5142562 0.8307617 0.1615837 0.5326591 0.8307617 0.1085963 0.5459321 0.8307617 0.05456196 0.5539477 0.8307617 1.09147e-6 0.6353074 0.7722594 -0.06227107 0.6322482 0.7722593 -0.1239425 0.6231002 0.7722594 -0.1844201 0.6079513 0.7722593 -0.2431217 0.5869474 0.7722594 -0.2994819 0.5602911 0.7722594 -0.352958 0.5282387 0.7722594 -0.4030348 0.4910992 0.7722594 -0.4492304 0.44923 0.7722593 -0.4910994 0.4030345 0.7722594 -0.5282389 0.3529577 0.7722594 -0.5602912 0.2994817 0.7722594 -0.5869475 0.2431215 0.7722594 -0.6079513 0.1844197 0.7722594 -0.6231002 0.123942 0.7722594 -0.6322482 0.06227069 0.7722594 -0.6353073 -3.38854e-7 0.7722594 -0.632248 -0.06227151 0.7722594 -0.6230999 -0.1239428 0.7722594 -0.6079511 -0.1844202 0.7722594 -0.5869473 -0.2431219 0.7722594 -0.5602908 -0.2994822 0.7722594 -0.5282384 -0.3529584 0.7722594 -0.491099 -0.4030351 0.7722594 -0.4492297 -0.4492305 0.7722594 -0.4030343 -0.4910996 0.7722594 -0.3529576 -0.528239 0.7722594 -0.2994816 -0.5602912 0.7722594 -0.2431214 -0.5869476 0.7722594 -0.1844198 -0.6079513 0.7722594 -0.1239425 -0.6231001 0.7722594 -0.06227129 -0.6322482 0.7722594 -2.13419e-7 -0.6353074 0.7722594 0.06227067 -0.632248 0.7722594 0.1239417 -0.6231001 0.7722594 0.1844191 -0.6079514 0.7722594 0.2431209 -0.5869476 0.7722594 0.299481 -0.5602915 0.7722594 0.352957 -0.5282393 0.7722594 0.4030339 -0.4911 0.7722594 0.4492293 -0.4492311 0.7722594 0.4910984 -0.4030357 0.7722594 0.5282378 -0.3529593 0.7722594 0.5602903 -0.2994833 0.7722594 0.5869467 -0.2431233 0.7722594 0.6079506 -0.1844219 0.7722594 0.6230997 -0.1239442 0.7722594 0.6322479 -0.06227317 0.7722594 0.6353074 -2.30777e-6 0.7722594 0.6322485 0.06226847 0.7722594 0.6231006 0.1239398 0.7722594 0.607952 0.1844174 0.7722594 0.5869485 0.2431189 0.7722594 0.5602924 0.2994793 0.7722594 0.5282404 0.3529553 0.7722594 0.4911012 0.4030323 0.7722594 0.4492326 0.4492277 0.7722594 0.4030375 0.491097 0.7722594 0.3529606 0.528237 0.7722594 0.2994851 0.5602894 0.7722594 0.2431252 0.586946 0.7722594 0.1844236 0.6079502 0.7722594 0.1239464 0.6230994 0.7722594 0.06227426 0.6322479 0.7722594 1.20945e-6 0.7078717 0.706341 -0.06938368 0.7044631 0.7063411 -0.1380991 0.6942701 0.7063411 -0.2054845 0.6773909 0.706341 -0.2708907 0.6539882 0.706341 -0.3336885 0.6242871 0.7063411 -0.3932726 0.5885738 0.7063411 -0.4490692 0.5471921 0.7063411 -0.5005412 0.5005406 0.7063411 -0.5471923 0.449069 0.7063411 -0.588574 0.3932724 0.706341 -0.6242872 0.3336881 0.7063411 -0.6539882 0.2708906 0.7063411 -0.6773911 0.205484 0.706341 -0.6942703 0.1380987 0.706341 -0.7044632 0.0693833 0.7063411 -0.7078717 -4.16232e-7 0.7063409 -0.704463 -0.06938403 0.7063411 -0.69427 -0.1380996 0.7063411 -0.677391 -0.2054845 0.706341 -0.6539879 -0.2708911 0.7063411 -0.6242868 -0.333689 0.7063411 -0.5885734 -0.3932731 0.706341 -0.5471919 -0.4490694 0.706341 -0.5005405 -0.5005413 0.7063411 -0.4490685 -0.5471926 0.7063411 -0.3932721 -0.5885741 0.7063411 -0.333688 -0.6242872 0.7063411 -0.2708904 -0.6539882 0.7063411 -0.2054842 -0.677391 0.7063411 -0.1380991 -0.6942701 0.7063411 -0.0693838 -0.704463 0.7063411 -3.23472e-7 -0.7078717 0.7063411 0.06938304 -0.7044632 0.706341 0.1380983 -0.6942703 0.7063411 0.2054835 -0.6773912 0.7063411 0.2708901 -0.6539885 0.706341 0.3336875 -0.6242875 0.7063411 0.3932715 -0.5885745 0.7063411 0.4490681 -0.547193 0.7063411 0.5005398 -0.5005419 0.706341 0.5471913 -0.4490702 0.7063411 0.5885727 -0.3932739 0.7063411 0.6242861 -0.33369 0.7063411 0.6539873 -0.2708927 0.7063411 0.6773903 -0.2054865 0.7063411 0.6942698 -0.1381011 0.706341 0.7044629 -0.06938582 0.7063411 0.7078717 -2.36955e-6 0.7063411 0.7044634 0.06938068 0.7063411 0.6942707 0.138096 0.7063411 0.6773918 0.2054815 0.706341 0.6539895 0.2708878 0.7063409 0.6242886 0.3336857 0.7063411 0.5885758 0.3932695 0.7063411 0.5471945 0.4490663 0.7063411 0.5005435 0.5005381 0.7063411 0.449072 0.5471897 0.7063411 0.3932756 0.5885718 0.7063411 0.3336921 0.6242852 0.7063411 0.2708948 0.6539865 0.7063411 0.2054882 0.6773897 0.7063411 0.1381034 0.6942692 0.7063411 0.06938728 0.7044628 0.706341 1.41431e-6 0.7736262 0.6336423 -0.07582875 0.7699008 0.6336424 -0.1509272 0.758761 0.6336424 -0.224572 0.7403139 0.6336425 -0.2960539 0.7147373 0.6336424 -0.3646848 0.6822774 0.6336424 -0.4298039 0.6432464 0.6336424 -0.4907834 0.598021 0.6336424 -0.5470364 0.547036 0.6336425 -0.5980213 0.4907828 0.6336425 -0.6432468 0.4298035 0.6336423 -0.6822773 0.3646848 0.6336424 -0.7147373 0.2960538 0.6336424 -0.7403141 0.2245713 0.6336425 -0.7587612 0.1509265 0.6336424 -0.7699009 0.07582834 0.6336424 -0.7736261 -4.5617e-7 0.6336423 -0.7699009 -0.0758291 0.6336423 -0.758761 -0.1509276 0.6336423 -0.740314 -0.2245721 0.6336423 -0.7147374 -0.2960541 0.6336422 -0.6822769 -0.3646855 0.6336424 -0.6432461 -0.4298043 0.6336424 -0.5980208 -0.4907836 0.6336424 -0.5470358 -0.5470368 0.6336424 -0.4907827 -0.5980215 0.6336423 -0.4298033 -0.6432468 0.6336424 -0.3646845 -0.6822774 0.6336424 -0.2960534 -0.7147374 0.6336425 -0.2245715 -0.7403141 0.6336425 -0.1509272 -0.7587611 0.6336424 -0.07582892 -0.7699008 0.6336424 -9.04014e-8 -0.7736261 0.6336424 0.07582818 -0.7699009 0.6336424 0.1509261 -0.7587614 0.6336423 0.224571 -0.7403143 0.6336424 0.2960531 -0.7147376 0.6336424 0.3646838 -0.6822779 0.6336424 0.4298025 -0.6432472 0.6336424 0.490782 -0.5980219 0.6336426 0.5470352 -0.5470373 0.6336424 0.5980201 -0.4907846 0.6336423 0.6432455 -0.4298054 0.6336424 0.6822764 -0.3646866 0.6336423 0.7147365 -0.2960559 0.6336424 0.7403134 -0.2245742 0.6336424 0.7587607 -0.1509292 0.6336424 0.7699007 -0.07583126 0.6336423 0.773626 -2.75011e-6 0.6336424 0.7699012 0.07582553 0.6336424 0.7587618 0.1509236 0.6336423 0.7403148 0.2245689 0.6336425 0.7147386 0.2960507 0.6336425 0.6822789 0.3646816 0.6336424 0.6432487 0.4298005 0.6336424 0.5980235 0.4907802 0.6336424 0.5470393 0.5470333 0.6336424 0.4907865 0.5980183 0.6336425 0.4298069 0.6432443 0.6336425 0.3646888 0.6822751 0.6336425 0.2960583 0.7147354 0.6336424 0.2245761 0.7403127 0.6336424 0.1509319 0.7587601 0.6336424 0.07583266 0.7699005 0.6336424 1.38604e-6 0.8319415 0.5548633 -0.08154463 0.8279355 0.5548633 -0.1623039 0.8159559 0.5548634 -0.2415 0.7961183 0.5548634 -0.3183705 0.7686136 0.5548634 -0.3921745 0.733707 0.5548632 -0.4622021 0.691734 0.5548633 -0.5277783 0.6430993 0.5548634 -0.5882716 0.5882714 0.5548632 -0.6430998 0.5277779 0.5548633 -0.6917344 0.4622015 0.5548634 -0.7337069 0.3921746 0.5548633 -0.7686138 0.3183701 0.5548633 -0.7961186 0.2414992 0.5548633 -0.8159561 0.1623034 0.5548632 -0.8279356 0.0815443 0.5548632 -0.8319415 -7.00753e-7 0.5548633 -0.8279355 -0.08154514 0.5548632 -0.8159561 -0.1623043 0.5548631 -0.7961183 -0.2415003 0.5548632 -0.7686136 -0.3183706 0.5548632 -0.7337067 -0.392175 0.5548632 -0.6917337 -0.4622026 0.5548633 -0.6430991 -0.5277786 0.5548633 -0.5882709 -0.588272 0.5548632 -0.5277776 -0.6431 0.5548633 -0.4622017 -0.6917344 0.5548633 -0.3921743 -0.7337071 0.5548632 -0.3183698 -0.7686139 0.5548632 -0.2414996 -0.7961186 0.5548632 -0.1623039 -0.8159559 0.5548633 -0.08154487 -0.8279355 0.5548633 -2.92674e-7 -0.8319416 0.5548632 0.08154404 -0.8279356 0.5548632 0.1623031 -0.8159561 0.5548634 0.2414987 -0.7961189 0.5548632 0.3183693 -0.7686141 0.5548633 0.3921735 -0.7337074 0.5548634 0.4622007 -0.6917349 0.5548633 0.527777 -0.6431004 0.5548633 0.5882705 -0.5882725 0.5548633 0.6430984 -0.5277796 0.5548631 0.6917329 -0.4622038 0.5548632 0.733706 -0.3921763 0.5548633 0.7686129 -0.3183725 0.5548632 0.7961177 -0.2415026 0.5548632 0.8159555 -0.1623062 0.5548633 0.8279352 -0.08154719 0.5548633 0.8319415 -3.11234e-6 0.5548632 0.8279358 0.0815414 0.5548633 0.8159569 0.1623003 0.554863 0.7961196 0.2414964 0.5548632 0.7686151 0.3183668 0.5548634 0.7337087 0.3921712 0.5548633 0.6917363 0.4621987 0.5548633 0.6431022 0.527775 0.5548632 0.5882747 0.5882683 0.5548632 0.5277817 0.6430966 0.5548633 0.4622057 0.6917316 0.5548633 0.3921788 0.7337046 0.5548633 0.3183748 0.7686118 0.5548634 0.2415045 0.796117 0.5548632 0.1623089 0.815955 0.5548633 0.08154892 0.8279352 0.5548632 1.55883e-6 0.8822612 0.4707603 -0.08647663 0.8780128 0.4707602 -0.1721206 0.8653086 0.4707604 -0.2561071 0.8442711 0.4707604 -0.3376271 0.8151028 0.4707603 -0.4158951 0.7780848 0.4707604 -0.490158 0.7335733 0.4707604 -0.5597008 0.6819968 0.4707604 -0.6238531 0.6238526 0.4707602 -0.6819972 0.5597004 0.4707602 -0.7335734 0.4901577 0.4707604 -0.7780849 0.4158947 0.4707605 -0.815103 0.3376268 0.4707602 -0.8442714 0.2561063 0.4707603 -0.8653088 0.1721199 0.4707605 -0.8780129 0.08647641 0.4707603 -0.8822612 -4.34331e-7 0.4707603 -0.8780127 -0.08647751 0.4707605 -0.8653086 -0.1721214 0.4707603 -0.8442712 -0.2561072 0.4707602 -0.8151029 -0.337627 0.4707603 -0.7780845 -0.4158955 0.4707605 -0.7335727 -0.4901588 0.4707604 -0.6819967 -0.5597011 0.4707602 -0.6238523 -0.6238534 0.4707603 -0.5597 -0.6819975 0.4707603 -0.4901576 -0.7335736 0.4707603 -0.4158945 -0.7780851 0.4707603 -0.3376262 -0.8151033 0.4707603 -0.2561067 -0.8442713 0.4707602 -0.1721209 -0.8653086 0.4707603 -0.08647702 -0.8780128 0.4707602 -4.40281e-8 -0.882261 0.4707603 0.0864761 -0.8780129 0.4707602 0.1721196 -0.8653089 0.4707603 0.2561059 -0.8442716 0.4707603 0.3376256 -0.8151036 0.4707601 0.4158939 -0.7780855 0.4707603 0.4901569 -0.733574 0.4707603 0.5596993 -0.6819981 0.4707602 0.6238517 -0.6238539 0.4707602 0.6819959 -0.5597019 0.4707604 0.7335718 -0.4901603 0.4707602 0.7780837 -0.4158969 0.4707604 0.815102 -0.3376289 0.4707605 0.8442705 -0.2561096 0.4707603 0.8653083 -0.1721234 0.4707601 0.8780125 -0.08647966 0.4707603 0.882261 -3.15574e-6 0.4707603 0.878013 0.08647335 0.4707603 0.8653094 0.1721172 0.4707605 0.8442724 0.2561031 0.4707603 0.8151046 0.337623 0.4707602 0.7780867 0.4158916 0.4707601 0.7335756 0.4901546 0.4707603 0.6819997 0.5596971 0.4707604 0.6238562 0.6238494 0.4707604 0.5597044 0.681994 0.4707603 0.490162 0.7335708 0.4707602 0.4158997 0.7780824 0.47076 0.3376316 0.8151011 0.4707602 0.2561118 0.8442698 0.4707602 0.1721261 0.8653076 0.4707603 0.08648125 0.8780124 0.4707604 1.30558e-6 0.9241033 0.3821428 -0.09057792 0.9196535 0.3821426 -0.1802835 0.906347 0.3821425 -0.2682534 0.8843117 0.3821425 -0.3536393 0.85376 0.3821427 -0.4356193 0.8149862 0.3821429 -0.5134043 0.7683638 0.3821429 -0.5862454 0.7143412 0.3821428 -0.6534401 0.6534393 0.3821426 -0.7143415 0.586245 0.3821426 -0.7683639 0.5134042 0.3821427 -0.8149865 0.435619 0.3821428 -0.8537602 0.3536389 0.3821427 -0.8843118 0.2682526 0.3821427 -0.9063471 0.180283 0.382143 -0.9196535 0.09057742 0.3821429 -0.9241033 -4.09406e-7 0.3821427 -0.9196535 -0.09057861 0.3821427 -0.9063467 -0.1802845 0.382143 -0.8843116 -0.2682534 0.3821428 -0.85376 -0.3536392 0.3821427 -0.8149861 -0.4356198 0.3821427 -0.7683632 -0.5134053 0.3821427 -0.714341 -0.5862456 0.3821427 -0.6534393 -0.6534402 0.3821427 -0.5862443 -0.714342 0.3821428 -0.513404 -0.7683641 0.3821427 -0.4356188 -0.8149867 0.3821427 -0.3536385 -0.8537604 0.3821426 -0.2682528 -0.8843118 0.3821427 -0.1802839 -0.9063469 0.3821427 -0.09057812 -0.9196535 0.3821427 -3.76677e-7 -0.9241033 0.3821427 0.09057745 -0.9196535 0.3821429 0.1802826 -0.9063472 0.3821427 0.2682521 -0.884312 0.3821428 0.353638 -0.8537605 0.3821428 0.435618 -0.814987 0.3821427 0.5134032 -0.7683647 0.3821427 0.5862437 -0.7143425 0.3821427 0.6534384 -0.653441 0.3821426 0.7143403 -0.5862464 0.3821428 0.7683624 -0.5134064 0.3821427 0.8149853 -0.4356215 0.3821428 0.8537592 -0.3536414 0.3821428 0.8843109 -0.2682557 0.3821428 0.9063464 -0.1802861 0.3821428 0.9196532 -0.09058125 0.3821425 0.9241034 -3.39188e-6 0.3821426 0.9196539 0.09057415 0.3821426 0.9063476 0.18028 0.382143 0.8843128 0.2682493 0.3821428 0.8537617 0.3536353 0.3821427 0.8149884 0.4356157 0.3821426 0.7683664 0.5134004 0.3821427 0.7143444 0.5862413 0.3821428 0.6534433 0.6534361 0.3821428 0.5862487 0.7143384 0.3821428 0.5134083 0.7683612 0.3821427 0.4356241 0.8149838 0.3821427 0.3536442 0.853758 0.3821427 0.2682584 0.8843101 0.3821426 0.1802896 0.9063458 0.3821427 0.09058269 0.919653 0.3821428 1.51523e-6 0.9570691 0.28986 -0.09380931 0.9524604 0.2898602 -0.1867151 0.9386792 0.28986 -0.2778227 0.9158579 0.2898598 -0.3662545 0.8842165 0.28986 -0.4511591 0.8440596 0.28986 -0.5317193 0.7957737 0.28986 -0.6071585 0.7398242 0.2898599 -0.6767505 0.6767495 0.2898603 -0.7398245 0.6071581 0.28986 -0.7957739 0.5317191 0.2898599 -0.8440598 0.4511589 0.2898601 -0.8842166 0.3662543 0.2898601 -0.9158581 0.2778222 0.2898599 -0.9386793 0.1867145 0.28986 -0.9524605 0.09380851 0.2898602 -0.957069 -7.26667e-7 0.2898601 -0.9524605 -0.09380974 0.2898599 -0.9386791 -0.1867156 0.28986 -0.9158577 -0.2778232 0.2898602 -0.8842164 -0.3662548 0.28986 -0.8440592 -0.4511599 0.2898598 -0.7957733 -0.53172 0.2898599 -0.7398239 -0.6071588 0.2898602 -0.6767495 -0.6767504 0.2898602 -0.6071574 -0.739825 0.2898601 -0.5317185 -0.7957742 0.2898599 -0.4511587 -0.8440598 0.28986 -0.3662541 -0.8842166 0.2898601 -0.2778223 -0.915858 0.2898601 -0.1867153 -0.9386792 0.28986 -0.09380941 -0.9524604 0.2898601 -4.36833e-7 -0.9570691 0.2898601 0.09380876 -0.9524605 0.2898602 0.186714 -0.9386795 0.28986 0.2778212 -0.9158584 0.2898599 0.3662533 -0.884217 0.28986 0.451158 -0.8440602 0.28986 0.531718 -0.7957746 0.2898601 0.6071568 -0.7398255 0.28986 0.6767486 -0.6767514 0.2898601 0.7398231 -0.6071597 0.2898601 0.7957723 -0.5317214 0.2898599 0.8440583 -0.4511616 0.28986 0.8842155 -0.3662568 0.2898601 0.9158571 -0.2778254 0.28986 0.9386787 -0.1867175 0.28986 0.9524602 -0.09381235 0.2898601 0.9570691 -3.4661e-6 0.28986 0.952461 0.0938053 0.2898598 0.93868 0.1867109 0.2898598 0.9158591 0.2778187 0.2898601 0.884218 0.3662505 0.2898601 0.8440615 0.4511555 0.2898601 0.7957765 0.531715 0.2898599 0.7398275 0.6071544 0.2898599 0.6767536 0.6767464 0.28986 0.6071622 0.7398211 0.2898599 0.5317231 0.7957711 0.2898601 0.4511642 0.8440568 0.28986 0.3662598 0.8842143 0.28986 0.277828 0.9158563 0.28986 0.186721 0.938678 0.2898602 0.09381422 0.9524601 0.2898597 1.77844e-6 0.9808435 0.1947972 -0.09613951 0.9761206 0.1947972 -0.1913533 0.9619969 0.1947973 -0.2847241 0.9386086 0.1947975 -0.3753525 0.9061813 0.1947975 -0.4623666 0.8650267 0.1947974 -0.5449278 0.8155414 0.1947971 -0.6222408 0.7582021 0.194797 -0.6935614 0.693561 0.1947971 -0.7582026 0.6222402 0.1947974 -0.8155416 0.5449276 0.1947971 -0.8650268 0.4623663 0.1947972 -0.9061815 0.3753522 0.1947974 -0.9386088 0.2847233 0.1947973 -0.961997 0.1913526 0.1947972 -0.9761206 0.09613904 0.1947971 -0.9808435 -8.03514e-7 0.1947972 -0.9761204 -0.09614018 0.1947973 -0.9619968 -0.1913538 0.1947973 -0.9386085 -0.2847243 0.1947972 -0.906181 -0.375353 0.1947975 -0.8650264 -0.4623671 0.1947974 -0.8155411 -0.5449283 0.1947974 -0.7582018 -0.622241 0.1947973 -0.6935607 -0.6935616 0.1947972 -0.6222397 -0.758203 0.1947974 -0.5449268 -0.815542 0.1947973 -0.4623661 -0.8650271 0.1947972 -0.3753521 -0.9061815 0.1947974 -0.2847236 -0.9386088 0.1947972 -0.1913534 -0.9619969 0.1947972 -0.09613975 -0.9761205 0.1947973 -3.70807e-7 -0.9808435 0.1947973 0.09613884 -0.9761206 0.1947972 0.1913524 -0.961997 0.1947975 0.2847227 -0.9386091 0.1947972 0.3753516 -0.9061817 0.1947974 0.462365 -0.8650275 0.1947971 0.5449262 -0.8155425 0.1947973 0.6222392 -0.7582034 0.1947973 0.6935596 -0.6935625 0.1947972 0.758201 -0.6222421 0.1947973 0.8155401 -0.5449296 0.1947973 0.8650255 -0.4623689 0.1947972 0.9061801 -0.3753551 0.1947972 0.9386079 -0.2847266 0.1947973 0.9619964 -0.1913559 0.1947971 0.9761201 -0.09614276 0.1947972 0.9808435 -3.58367e-6 0.1947974 0.9761208 0.09613582 0.1947975 0.9619978 0.1913488 0.1947971 0.9386101 0.2847198 0.1947972 0.906183 0.3753485 0.1947971 0.8650287 0.4623627 0.1947973 0.8155441 0.5449236 0.1947974 0.7582056 0.6222366 0.1947973 0.6935648 0.6935574 0.1947973 0.6222448 0.7581989 0.1947971 0.5449318 0.8155388 0.1947974 0.4623714 0.8650241 0.1947975 0.375358 0.906179 0.1947972 0.2847297 0.938607 0.1947971 0.1913593 0.9619957 0.1947974 0.09614433 0.9761201 0.1947974 1.54045e-6 0.9951994 0.09786792 -0.09754679 0.9904073 0.09786776 -0.1941536 0.976077 0.09786761 -0.2888913 0.9523463 0.09786801 -0.3808464 0.9194443 0.09786792 -0.4691339 0.8776875 0.09786795 -0.5529036 0.8274778 0.09786811 -0.6313482 0.7692993 0.09786809 -0.7037125 0.703712 0.09786791 -0.7692998 0.6313475 0.09786796 -0.8274782 0.552903 0.09786795 -0.8776876 0.4691337 0.09786764 -0.9194446 0.380846 0.09786779 -0.9523466 0.2888908 0.0978677 -0.976077 0.1941532 0.09786791 -0.9904073 0.09754609 0.09786782 -0.9951994 -8.08916e-7 0.09786782 -0.9904072 -0.09754717 0.09786775 -0.9760768 -0.1941545 0.09786789 -0.9523463 -0.2888916 0.09786777 -0.9194443 -0.3808466 0.09786779 -0.8776872 -0.4691344 0.09786799 -0.8274775 -0.552904 0.09786802 -0.769299 -0.6313485 0.09786779 -0.7037117 -0.7037129 0.0978676 -0.6313473 -0.7693001 0.09786758 -0.5529025 -0.8274785 0.09786803 -0.4691333 -0.8776878 0.09786797 -0.3808459 -0.9194444 0.09786792 -0.2888907 -0.9523466 0.09786796 -0.1941542 -0.9760769 0.09786764 -0.09754699 -0.9904072 0.09786774 -3.63685e-7 -0.9951994 0.09786784 0.09754586 -0.9904073 0.09786775 0.1941531 -0.9760771 0.09786786 0.28889 -0.9523469 0.09786769 0.3808452 -0.9194449 0.09786776 0.4691324 -0.8776882 0.09786792 0.5529019 -0.8274789 0.09786802 0.6313466 -0.7693005 0.09786798 0.7037108 -0.7037137 0.09786782 0.7692982 -0.6313494 0.09786782 0.8274766 -0.5529054 0.09786778 0.8776863 -0.4691362 0.09786771 0.9194433 -0.380849 0.09786767 0.9523456 -0.288894 0.09786788 0.9760764 -0.1941565 0.09786797 0.9904069 -0.09755012 0.09786777 0.9951994 -3.86601e-6 0.09786784 0.9904077 0.09754284 0.09786802 0.9760777 0.1941498 0.09786791 0.9523477 0.2888872 0.09786772 0.9194461 0.3808423 0.09786774 0.8776896 0.4691299 0.09786775 0.8274809 0.5528989 0.09786773 0.7693027 0.6313439 0.09786803 0.703716 0.7037086 0.09786774 0.6313521 0.7692961 0.09786792 0.5529076 0.8274751 0.09786786 0.4691389 0.8776848 0.09786788 0.3808517 0.9194421 0.097868 0.288897 0.9523447 0.09786788 0.1941604 0.9760756 0.09786774 0.09755144 0.9904067 0.09786806 1.45596e-6 1 3.57144e-9 -0.09801739 0.9951847 2.14286e-8 -0.1950903 0.9807853 2.08334e-8 -0.2902846 0.9569404 -5.05954e-8 -0.3826836 0.9238794 1.66667e-8 -0.4713968 0.8819212 -4.76192e-8 -0.5555705 0.8314695 -1e-7 -0.6343936 0.7730102 7.73812e-9 -0.7071071 0.7071066 -8.9286e-9 -0.7730107 0.6343931 -1.30953e-8 -0.8314699 0.5555698 1.00596e-7 -0.8819214 0.4713965 4.64287e-8 -0.9238797 0.3826832 -2.08334e-8 -0.9569405 0.2902842 5.23811e-8 -0.9807854 0.1950899 -2.08334e-8 -0.9951848 0.09801663 -2.26191e-8 -1 -7.79169e-7 -1.78572e-9 -0.9951847 -0.09801781 2.7381e-8 -0.9807851 -0.1950911 2.26191e-8 -0.9569401 -0.2902853 3.51192e-8 -0.9238795 -0.3826838 1.96429e-8 -0.8819211 -0.4713973 -5.23811e-8 -0.8314691 -0.5555712 1.07143e-8 -0.7730098 -0.634394 1.78572e-9 -0.7071062 -0.7071074 -5.35716e-9 -0.6343928 -0.773011 -4.76192e-9 -0.5555697 -0.8314699 -9.40479e-8 -0.4713963 -0.8819215 -3.03572e-8 -0.382683 -0.9238797 -2.14286e-8 -0.2902842 -0.9569405 5.05954e-8 -0.1950905 -0.9807853 6.96431e-8 -0.09801763 -0.9951847 -2.38096e-8 -3.91073e-7 -1 0 0.09801648 -0.9951848 2.7381e-8 0.1950896 -0.9807854 2.32144e-8 0.2902837 -0.9569406 3.80954e-8 0.3826822 -0.92388 2.38096e-8 0.4713953 -0.8819221 -5.35716e-8 0.5555688 -0.8314705 -9.46431e-8 0.6343921 -0.7730115 5.9524e-10 0.7071054 -0.7071081 3.57144e-8 0.7730091 -0.6343948 6.54764e-9 0.8314682 -0.5555723 4.4643e-8 0.8819199 -0.4713991 5.23811e-8 0.9238785 -0.3826861 -5.35716e-9 0.9569394 -0.2902879 -1.33334e-7 0.9807847 -0.1950931 -1.42858e-8 0.9951844 -0.09802047 7.38097e-8 1 -3.89346e-6 4.16668e-9 0.9951851 0.09801334 3.09525e-8 0.9807861 0.1950865 2.7381e-8 0.9569416 0.2902806 -3.63096e-8 0.9238814 0.3826792 -7.6786e-8 0.8819234 0.471393 3.86906e-8 0.8314724 0.555566 1.7262e-8 0.7730137 0.6343893 3.51192e-8 0.7071105 0.7071031 -3.57144e-8 0.6343976 0.7730069 -6.66669e-8 0.5555746 0.8314668 8.15479e-8 0.4714019 0.8819185 -3.33334e-8 0.3826889 0.9238772 -7.73812e-9 0.2902904 0.9569386 4.58335e-8 0.195097 0.9807841 -8.33336e-9 0.09802216 0.9951842 -1.90477e-8 1.48331e-6 0.9951994 -0.09786822 -0.09754676 0.9904072 -0.09786811 -0.1941538 0.9760769 -0.09786812 -0.2888911 0.9523464 -0.09786837 -0.3808465 0.9194443 -0.0978683 -0.4691339 0.8776873 -0.0978683 -0.5529035 0.8274778 -0.09786832 -0.6313481 0.7692993 -0.09786829 -0.7037125 0.7037119 -0.09786837 -0.7692997 0.6313475 -0.09786841 -0.8274781 0.5529031 -0.09786844 -0.8776876 0.4691335 -0.0978681 -0.9194444 0.3808461 -0.0978682 -0.9523466 0.2888907 -0.09786822 -0.976077 0.1941534 -0.09786827 -0.9904073 0.097546 -0.09786814 -0.9951994 -7.57131e-7 -0.0978682 -0.9904072 -0.09754725 -0.09786822 -0.9760767 -0.1941544 -0.09786832 -0.9523463 -0.2888917 -0.0978682 -0.9194442 -0.3808465 -0.09786822 -0.8776872 -0.4691344 -0.09786803 -0.8274775 -0.5529041 -0.09786819 -0.7692989 -0.6313486 -0.0978682 -0.7037116 -0.7037129 -0.0978681 -0.6313472 -0.7693001 -0.0978682 -0.5529025 -0.8274785 -0.09786833 -0.4691333 -0.8776878 -0.09786829 -0.3808459 -0.9194446 -0.0978683 -0.2888908 -0.9523465 -0.09786841 -0.194154 -0.9760768 -0.09786808 -0.097547 -0.9904072 -0.09786814 -4.23208e-7 -0.9951994 -0.09786822 0.09754591 -0.9904073 -0.09786822 0.194153 -0.9760771 -0.09786829 0.2888901 -0.9523468 -0.09786815 0.380845 -0.9194449 -0.09786822 0.4691325 -0.8776882 -0.09786806 0.5529019 -0.8274789 -0.09786837 0.6313465 -0.7693006 -0.09786833 0.7037109 -0.7037137 -0.09786817 0.7692982 -0.6313494 -0.09786825 0.8274766 -0.5529054 -0.09786829 0.8776862 -0.4691362 -0.09786817 0.9194432 -0.380849 -0.09786802 0.9523456 -0.288894 -0.09786811 0.9760764 -0.1941566 -0.09786833 0.9904069 -0.09755004 -0.09786827 0.9951994 -3.82256e-6 -0.09786831 0.9904076 0.0975427 -0.09786844 0.9760777 0.1941498 -0.09786823 0.9523476 0.2888872 -0.09786799 0.9194461 0.3808423 -0.09786806 0.8776895 0.4691299 -0.09786829 0.8274808 0.552899 -0.09786835 0.7693029 0.6313437 -0.0978685 0.7037158 0.7037086 -0.09786815 0.6313521 0.769296 -0.09786839 0.5529076 0.827475 -0.09786841 0.4691388 0.8776848 -0.09786826 0.3808517 0.919442 -0.09786836 0.288897 0.9523447 -0.09786827 0.1941602 0.9760756 -0.09786819 0.09755167 0.9904068 -0.09786848 1.78321e-6 0.9808434 -0.1947981 -0.09613951 0.9761204 -0.194798 -0.1913533 0.9619967 -0.194798 -0.2847238 0.9386085 -0.1947982 -0.3753526 0.906181 -0.1947979 -0.4623665 0.8650265 -0.1947981 -0.5449275 0.8155413 -0.194798 -0.6222407 0.758202 -0.194798 -0.6935614 0.6935607 -0.1947979 -0.7582025 0.6222402 -0.1947979 -0.8155415 0.5449273 -0.1947979 -0.8650266 0.4623663 -0.194798 -0.9061813 0.3753522 -0.1947978 -0.9386088 0.2847233 -0.1947979 -0.9619969 0.1913526 -0.194798 -0.9761204 0.09613901 -0.194798 -0.9808434 -7.54112e-7 -0.194798 -0.9761202 -0.09614021 -0.1947979 -0.9619966 -0.1913537 -0.194798 -0.9386085 -0.2847244 -0.1947981 -0.906181 -0.3753527 -0.1947982 -0.8650264 -0.4623668 -0.1947983 -0.8155408 -0.5449284 -0.1947982 -0.7582016 -0.6222411 -0.1947981 -0.6935604 -0.6935616 -0.1947981 -0.6222396 -0.7582027 -0.194798 -0.5449268 -0.8155418 -0.194798 -0.4623661 -0.8650268 -0.1947979 -0.3753521 -0.9061814 -0.1947979 -0.2847235 -0.9386086 -0.194798 -0.1913535 -0.9619967 -0.194798 -0.09613971 -0.9761204 -0.1947979 -4.14851e-7 -0.9808434 -0.194798 0.09613897 -0.9761204 -0.194798 0.1913521 -0.9619969 -0.1947982 0.2847227 -0.9386088 -0.1947979 0.3753512 -0.9061817 -0.1947981 0.462365 -0.8650274 -0.194798 0.5449261 -0.8155423 -0.194798 0.622239 -0.7582033 -0.1947979 0.6935595 -0.6935624 -0.194798 0.7582009 -0.622242 -0.1947979 0.81554 -0.5449296 -0.194798 0.8650253 -0.4623689 -0.194798 0.90618 -0.3753551 -0.194798 0.9386077 -0.2847266 -0.1947981 0.9619963 -0.1913557 -0.1947978 0.9761199 -0.09614284 -0.1947979 0.9808434 -3.52475e-6 -0.194798 0.9761207 0.09613565 -0.1947981 0.9619976 0.191349 -0.194798 0.9386099 0.2847197 -0.1947981 0.9061828 0.3753485 -0.194798 0.8650287 0.4623627 -0.1947981 0.8155441 0.5449235 -0.194798 0.7582054 0.6222365 -0.1947981 0.6935647 0.6935573 -0.1947982 0.6222445 0.7581988 -0.1947979 0.5449318 0.8155385 -0.1947981 0.4623715 0.8650239 -0.1947982 0.3753579 0.906179 -0.1947979 0.2847296 0.9386069 -0.1947981 0.1913594 0.9619955 -0.1947981 0.09614431 0.9761199 -0.194798 1.54856e-6 0.957069 -0.28986 -0.09380921 0.9524605 -0.2898602 -0.1867151 0.9386792 -0.2898599 -0.2778226 0.915858 -0.2898599 -0.3662543 0.8842165 -0.2898602 -0.4511593 0.8440595 -0.2898601 -0.5317194 0.7957736 -0.2898599 -0.6071585 0.739824 -0.28986 -0.6767503 0.6767498 -0.2898602 -0.7398245 0.607158 -0.2898602 -0.7957739 0.5317189 -0.28986 -0.8440595 0.4511592 -0.2898602 -0.8842165 0.3662543 -0.2898602 -0.9158581 0.277822 -0.2898601 -0.9386793 0.1867144 -0.28986 -0.9524605 0.09380866 -0.2898602 -0.957069 -7.37974e-7 -0.28986 -0.9524605 -0.09380978 -0.28986 -0.9386791 -0.1867156 -0.28986 -0.9158579 -0.2778232 -0.2898598 -0.8842164 -0.3662549 -0.28986 -0.8440592 -0.4511598 -0.2898601 -0.7957733 -0.5317199 -0.2898601 -0.7398239 -0.6071588 -0.28986 -0.6767495 -0.6767506 -0.2898601 -0.6071576 -0.7398248 -0.2898602 -0.5317187 -0.7957741 -0.28986 -0.4511589 -0.8440598 -0.28986 -0.3662539 -0.8842168 -0.2898601 -0.2778221 -0.9158581 -0.2898601 -0.1867152 -0.9386792 -0.2898601 -0.09380957 -0.9524604 -0.2898602 -3.3923e-7 -0.9570691 -0.2898602 0.09380865 -0.9524605 -0.2898602 0.1867142 -0.9386795 -0.28986 0.2778212 -0.9158584 -0.2898601 0.3662533 -0.884217 -0.2898601 0.4511579 -0.8440602 -0.2898602 0.5317177 -0.7957747 -0.28986 0.6071569 -0.7398255 -0.2898598 0.6767487 -0.6767513 -0.28986 0.7398232 -0.6071596 -0.2898601 0.7957724 -0.5317212 -0.28986 0.8440583 -0.4511616 -0.2898601 0.8842155 -0.366257 -0.2898601 0.9158571 -0.2778253 -0.2898601 0.9386786 -0.1867176 -0.2898601 0.9524603 -0.09381234 -0.28986 0.9570691 -3.5399e-6 -0.28986 0.9524609 0.09380536 -0.2898599 0.93868 0.1867111 -0.2898598 0.9158591 0.2778187 -0.2898601 0.884218 0.3662506 -0.2898601 0.8440615 0.4511555 -0.2898602 0.7957765 0.5317151 -0.2898601 0.7398275 0.6071544 -0.28986 0.6767537 0.6767463 -0.28986 0.6071623 0.739821 -0.28986 0.5317231 0.7957711 -0.28986 0.4511642 0.8440568 -0.2898601 0.3662599 0.8842143 -0.2898599 0.2778278 0.9158564 -0.2898599 0.1867213 0.938678 -0.2898602 0.09381397 0.9524601 -0.2898599 1.27106e-6 0.9241033 -0.3821427 -0.09057794 0.9196535 -0.3821428 -0.1802834 0.9063469 -0.3821428 -0.2682534 0.8843117 -0.3821426 -0.3536392 0.8537601 -0.3821429 -0.4356194 0.8149863 -0.3821429 -0.5134043 0.7683637 -0.382143 -0.5862453 0.7143412 -0.3821427 -0.6534402 0.6534393 -0.3821426 -0.7143417 0.5862447 -0.3821427 -0.7683638 0.5134042 -0.3821429 -0.8149865 0.435619 -0.3821428 -0.8537601 0.3536388 -0.3821429 -0.8843117 0.2682526 -0.3821429 -0.906347 0.180283 -0.382143 -0.9196534 0.09057752 -0.382143 -0.9241033 -4.68317e-7 -0.3821429 -0.9196534 -0.09057871 -0.3821428 -0.9063467 -0.1802841 -0.382143 -0.8843116 -0.2682536 -0.3821427 -0.8537599 -0.3536396 -0.3821427 -0.8149861 -0.4356198 -0.3821429 -0.7683634 -0.513405 -0.3821428 -0.714341 -0.5862455 -0.3821427 -0.653439 -0.6534404 -0.3821428 -0.5862443 -0.7143421 -0.3821429 -0.5134038 -0.7683641 -0.3821428 -0.4356188 -0.8149865 -0.382143 -0.3536385 -0.8537604 -0.382143 -0.2682529 -0.8843117 -0.382143 -0.1802838 -0.9063469 -0.3821427 -0.09057814 -0.9196535 -0.3821427 -3.10625e-7 -0.9241033 -0.382143 0.09057725 -0.9196535 -0.382143 0.1802828 -0.906347 -0.3821427 0.2682521 -0.884312 -0.3821427 0.3536379 -0.8537605 -0.3821428 0.4356181 -0.814987 -0.3821429 0.5134029 -0.7683647 -0.382143 0.5862435 -0.7143426 -0.382143 0.6534384 -0.6534409 -0.3821428 0.7143403 -0.5862464 -0.3821429 0.7683625 -0.5134063 -0.3821428 0.8149852 -0.4356216 -0.3821428 0.8537591 -0.3536415 -0.3821428 0.8843109 -0.2682557 -0.3821428 0.9063464 -0.1802863 -0.3821429 0.9196532 -0.09058111 -0.3821427 0.9241033 -3.52815e-6 -0.3821428 0.9196538 0.09057434 -0.3821428 0.9063476 0.1802798 -0.382143 0.8843128 0.2682494 -0.3821428 0.8537616 0.3536353 -0.3821427 0.8149883 0.4356159 -0.3821426 0.7683664 0.5134005 -0.3821427 0.7143446 0.5862413 -0.3821428 0.6534433 0.6534362 -0.3821428 0.5862488 0.7143382 -0.3821428 0.5134083 0.7683611 -0.3821428 0.4356242 0.8149837 -0.3821428 0.3536443 0.853758 -0.3821428 0.2682581 0.8843102 -0.3821428 0.1802896 0.9063457 -0.3821428 0.09058279 0.9196529 -0.3821429 1.58144e-6 0.8822609 -0.4707609 -0.08647678 0.8780126 -0.4707607 -0.1721205 0.8653084 -0.4707609 -0.2561071 0.8442708 -0.4707609 -0.3376267 0.8151027 -0.4707608 -0.415895 0.7780846 -0.4707606 -0.490158 0.733573 -0.4707608 -0.5597005 0.6819966 -0.4707609 -0.6238528 0.6238524 -0.4707608 -0.6819972 0.5597001 -0.4707606 -0.7335732 0.4901578 -0.4707606 -0.7780848 0.4158948 -0.4707607 -0.8151029 0.3376263 -0.4707607 -0.8442711 0.2561063 -0.4707609 -0.8653086 0.1721199 -0.4707609 -0.8780127 0.08647625 -0.4707606 -0.8822609 -4.33141e-7 -0.4707609 -0.8780124 -0.08647738 -0.4707608 -0.8653083 -0.1721211 -0.4707608 -0.8442708 -0.2561071 -0.470761 -0.8151025 -0.3376272 -0.4707609 -0.7780842 -0.4158955 -0.4707609 -0.7335725 -0.4901585 -0.4707609 -0.6819963 -0.5597008 -0.4707609 -0.6238521 -0.6238532 -0.4707608 -0.5596997 -0.6819975 -0.4707607 -0.4901575 -0.7335733 -0.4707609 -0.4158945 -0.7780848 -0.4707607 -0.3376261 -0.8151031 -0.4707607 -0.2561066 -0.8442711 -0.4707606 -0.1721211 -0.8653083 -0.4707609 -0.08647683 -0.8780126 -0.4707607 -1.35654e-7 -0.8822609 -0.4707606 0.08647621 -0.8780126 -0.4707607 0.1721195 -0.8653086 -0.4707609 0.2561058 -0.8442713 -0.4707608 0.3376257 -0.8151033 -0.4707606 0.4158938 -0.7780853 -0.4707607 0.4901569 -0.7335738 -0.4707607 0.5596991 -0.6819978 -0.4707609 0.6238514 -0.6238539 -0.4707609 0.6819958 -0.5597017 -0.4707608 0.7335717 -0.4901599 -0.4707608 0.7780834 -0.4158971 -0.4707608 0.8151019 -0.3376288 -0.4707608 0.8442702 -0.2561094 -0.4707609 0.8653079 -0.1721233 -0.4707607 0.8780123 -0.08647967 -0.4707607 0.8822609 -3.17478e-6 -0.4707607 0.8780129 0.08647338 -0.4707608 0.8653091 0.1721171 -0.4707609 0.8442721 0.2561032 -0.4707609 0.8151042 0.3376229 -0.4707609 0.7780865 0.4158915 -0.4707607 0.7335756 0.4901542 -0.4707607 0.6819997 0.5596969 -0.4707607 0.6238559 0.6238494 -0.4707608 0.5597041 0.6819937 -0.4707608 0.4901618 0.7335704 -0.4707607 0.4158995 0.7780823 -0.4707607 0.3376316 0.8151007 -0.4707608 0.2561116 0.8442695 -0.4707607 0.1721261 0.8653073 -0.4707607 0.08648128 0.8780121 -0.4707608 1.4021e-6 0.8319415 -0.5548634 -0.08154467 0.8279354 -0.5548636 -0.1623039 0.8159558 -0.5548636 -0.2414999 0.7961182 -0.5548636 -0.3183703 0.7686136 -0.5548635 -0.3921744 0.7337068 -0.5548636 -0.4622023 0.6917339 -0.5548633 -0.5277782 0.6430993 -0.5548636 -0.5882717 0.5882711 -0.5548635 -0.6430994 0.5277779 -0.5548637 -0.691734 0.4622018 -0.5548636 -0.7337068 0.3921743 -0.5548635 -0.7686138 0.3183698 -0.5548635 -0.7961184 0.2414993 -0.5548636 -0.8159558 0.1623034 -0.5548636 -0.8279355 0.08154421 -0.5548635 -0.8319415 -6.75768e-7 -0.5548635 -0.8279353 -0.08154504 -0.5548635 -0.8159558 -0.1623044 -0.5548635 -0.7961181 -0.2415002 -0.5548636 -0.7686134 -0.3183708 -0.5548635 -0.7337065 -0.392175 -0.5548635 -0.6917336 -0.4622026 -0.5548635 -0.643099 -0.5277785 -0.5548635 -0.588271 -0.5882717 -0.5548635 -0.5277773 -0.6431001 -0.5548634 -0.4622014 -0.6917343 -0.5548635 -0.3921743 -0.7337068 -0.5548635 -0.3183698 -0.7686138 -0.5548635 -0.2414995 -0.7961185 -0.5548634 -0.162304 -0.8159558 -0.5548636 -0.08154483 -0.8279353 -0.5548636 -3.20633e-7 -0.8319413 -0.5548636 0.08154411 -0.8279355 -0.5548635 0.162303 -0.8159561 -0.5548635 0.2414987 -0.7961186 -0.5548635 0.3183691 -0.7686141 -0.5548635 0.3921734 -0.7337073 -0.5548635 0.4622009 -0.6917347 -0.5548635 0.5277768 -0.6431004 -0.5548635 0.5882701 -0.5882726 -0.5548635 0.6430984 -0.5277792 -0.5548635 0.6917328 -0.4622037 -0.5548635 0.7337058 -0.3921764 -0.5548636 0.7686127 -0.3183723 -0.5548636 0.7961175 -0.2415024 -0.5548635 0.8159554 -0.1623063 -0.5548636 0.827935 -0.08154726 -0.5548635 0.8319413 -3.04572e-6 -0.5548635 0.8279357 0.08154126 -0.5548635 0.8159567 0.1623005 -0.5548633 0.7961193 0.2414963 -0.5548635 0.768615 0.3183667 -0.5548635 0.7337084 0.3921713 -0.5548635 0.6917362 0.4621986 -0.5548635 0.643102 0.5277748 -0.5548636 0.5882745 0.5882682 -0.5548636 0.5277817 0.6430964 -0.5548635 0.4622056 0.6917315 -0.5548635 0.3921787 0.7337045 -0.5548635 0.3183749 0.7686116 -0.5548636 0.2415045 0.7961168 -0.5548636 0.162309 0.8159548 -0.5548636 0.08154886 0.827935 -0.5548635 1.39052e-6 0.7736258 -0.6336427 -0.07582876 0.7699007 -0.6336427 -0.1509271 0.7587609 -0.6336426 -0.2245717 0.7403138 -0.6336426 -0.296054 0.7147371 -0.6336425 -0.3646847 0.6822771 -0.6336427 -0.4298037 0.6432464 -0.6336426 -0.4907833 0.5980207 -0.6336427 -0.5470364 0.5470358 -0.6336426 -0.5980211 0.4907828 -0.6336427 -0.6432464 0.4298034 -0.6336427 -0.6822771 0.3646846 -0.6336428 -0.7147372 0.2960536 -0.6336427 -0.7403139 0.2245712 -0.6336426 -0.7587611 0.1509265 -0.6336426 -0.7699007 0.07582837 -0.6336427 -0.7736258 -4.14538e-7 -0.6336427 -0.7699007 -0.07582921 -0.6336425 -0.7587608 -0.1509275 -0.6336427 -0.7403137 -0.2245721 -0.6336426 -0.7147371 -0.2960541 -0.6336426 -0.6822769 -0.3646853 -0.6336425 -0.643246 -0.4298042 -0.6336426 -0.5980205 -0.4907837 -0.6336426 -0.5470356 -0.5470365 -0.6336427 -0.4907824 -0.5980213 -0.6336427 -0.4298031 -0.6432468 -0.6336426 -0.3646846 -0.6822773 -0.6336426 -0.2960535 -0.7147372 -0.6336427 -0.2245715 -0.7403138 -0.6336427 -0.1509272 -0.7587608 -0.6336427 -0.07582892 -0.7699006 -0.6336427 -7.25591e-8 -0.773626 -0.6336426 0.07582812 -0.7699007 -0.6336427 0.1509261 -0.758761 -0.6336427 0.2245707 -0.7403141 -0.6336427 0.2960531 -0.7147374 -0.6336427 0.3646837 -0.6822776 -0.6336427 0.4298025 -0.6432471 -0.6336427 0.4907821 -0.5980217 -0.6336426 0.547035 -0.5470372 -0.6336427 0.5980198 -0.4907842 -0.6336428 0.6432452 -0.4298052 -0.6336427 0.6822761 -0.3646865 -0.6336427 0.7147362 -0.2960559 -0.6336426 0.7403131 -0.2245741 -0.6336427 0.7587604 -0.1509292 -0.6336426 0.7699004 -0.0758312 -0.6336426 0.7736258 -2.71026e-6 -0.6336427 0.7699009 0.07582539 -0.6336427 0.7587615 0.1509238 -0.6336427 0.7403147 0.2245686 -0.6336427 0.7147384 0.2960507 -0.6336426 0.6822786 0.3646818 -0.6336427 0.6432485 0.4298002 -0.6336427 0.5980234 0.4907801 -0.6336426 0.547039 0.5470333 -0.6336426 0.4907865 0.5980181 -0.6336427 0.4298069 0.6432441 -0.6336427 0.3646886 0.682275 -0.6336427 0.2960581 0.7147353 -0.6336427 0.2245762 0.7403124 -0.6336426 0.1509318 0.75876 -0.6336426 0.0758327 0.7699003 -0.6336427 1.17199e-6 0.7078714 -0.7063414 -0.06938363 0.7044626 -0.7063415 -0.1380988 0.6942697 -0.7063415 -0.2054841 0.6773906 -0.7063415 -0.2708908 0.6539877 -0.7063414 -0.3336884 0.6242867 -0.7063414 -0.3932723 0.5885734 -0.7063414 -0.4490691 0.5471917 -0.7063414 -0.5005409 0.5005404 -0.7063414 -0.5471922 0.4490686 -0.7063414 -0.5885736 0.3932721 -0.7063414 -0.6242867 0.3336881 -0.7063415 -0.6539879 0.2708904 -0.7063414 -0.6773908 0.2054838 -0.7063414 -0.6942698 0.1380987 -0.7063414 -0.7044628 0.06938324 -0.7063414 -0.7078713 -3.69852e-7 -0.7063414 -0.7044627 -0.06938407 -0.7063414 -0.6942697 -0.1380995 -0.7063414 -0.6773905 -0.2054845 -0.7063414 -0.6539876 -0.2708908 -0.7063414 -0.6242865 -0.3336887 -0.7063414 -0.5885731 -0.3932729 -0.7063414 -0.5471916 -0.4490693 -0.7063414 -0.5005402 -0.5005411 -0.7063414 -0.4490683 -0.5471923 -0.7063414 -0.393272 -0.5885736 -0.7063414 -0.3336881 -0.6242868 -0.7063414 -0.2708901 -0.653988 -0.7063414 -0.2054839 -0.6773907 -0.7063414 -0.138099 -0.6942697 -0.7063414 -0.06938384 -0.7044626 -0.7063415 -3.37742e-7 -0.7078713 -0.7063415 0.06938309 -0.7044628 -0.7063414 0.1380983 -0.69427 -0.7063414 0.2054833 -0.6773908 -0.7063415 0.2708898 -0.6539881 -0.7063415 0.3336875 -0.6242872 -0.7063414 0.3932712 -0.5885741 -0.7063414 0.4490676 -0.5471928 -0.7063414 0.5005397 -0.5005416 -0.7063414 0.5471911 -0.4490698 -0.7063414 0.5885724 -0.3932739 -0.7063414 0.6242858 -0.3336899 -0.7063415 0.6539872 -0.2708924 -0.7063414 0.6773897 -0.2054865 -0.7063415 0.6942692 -0.138101 -0.7063414 0.7044626 -0.06938581 -0.7063414 0.7078714 -2.38144e-6 -0.7063414 0.7044629 0.06938074 -0.7063414 0.6942703 0.1380959 -0.7063414 0.6773914 0.2054814 -0.7063414 0.6539891 0.2708876 -0.7063415 0.6242883 0.3336855 -0.7063414 0.5885755 0.3932694 -0.7063414 0.5471942 0.4490659 -0.7063415 0.5005432 0.5005379 -0.7063414 0.4490717 0.5471895 -0.7063414 0.3932753 0.5885713 -0.7063415 0.3336919 0.6242849 -0.7063414 0.2708946 0.6539862 -0.7063414 0.2054885 0.6773894 -0.7063414 0.1381033 0.694269 -0.7063413 0.069387 0.7044624 -0.7063414 1.11703e-6 0.6353071 -0.7722596 -0.06227114 0.632248 -0.7722596 -0.1239424 0.6230999 -0.7722596 -0.1844199 0.607951 -0.7722597 -0.2431215 0.5869472 -0.7722597 -0.2994817 0.5602908 -0.7722597 -0.3529578 0.5282385 -0.7722597 -0.4030347 0.4910989 -0.7722596 -0.4492302 0.4492298 -0.7722596 -0.4910992 0.4030344 -0.7722596 -0.5282387 0.3529575 -0.7722596 -0.5602909 0.2994816 -0.7722596 -0.5869473 0.2431213 -0.7722597 -0.6079512 0.1844196 -0.7722596 -0.6230999 0.123942 -0.7722595 -0.6322479 0.06227078 -0.7722597 -0.6353071 -3.97708e-7 -0.7722596 -0.6322479 -0.06227147 -0.7722596 -0.6230997 -0.1239428 -0.7722596 -0.6079509 -0.1844202 -0.7722596 -0.5869471 -0.2431218 -0.7722597 -0.5602906 -0.2994821 -0.7722597 -0.5282382 -0.3529581 -0.7722597 -0.4910988 -0.4030349 -0.7722597 -0.4492296 -0.4492304 -0.7722596 -0.4030341 -0.4910995 -0.7722596 -0.3529574 -0.5282388 -0.7722596 -0.2994815 -0.5602909 -0.7722597 -0.2431211 -0.5869473 -0.7722597 -0.1844196 -0.607951 -0.7722596 -0.1239425 -0.6230999 -0.7722596 -0.06227124 -0.6322479 -0.7722597 -1.93801e-7 -0.6353071 -0.7722596 0.06227064 -0.6322479 -0.7722597 0.1239417 -0.6230999 -0.7722596 0.1844191 -0.6079512 -0.7722597 0.2431207 -0.5869476 -0.7722596 0.2994809 -0.5602912 -0.7722596 0.3529569 -0.5282392 -0.7722596 0.4030336 -0.4910999 -0.7722596 0.4492291 -0.4492308 -0.7722596 0.4910982 -0.4030355 -0.7722596 0.5282376 -0.3529591 -0.7722596 0.56029 -0.2994832 -0.7722597 0.5869466 -0.2431231 -0.7722597 0.6079504 -0.1844218 -0.7722597 0.6230993 -0.1239443 -0.7722597 0.6322476 -0.0622732 -0.7722597 0.6353071 -2.32026e-6 -0.7722596 0.6322482 0.06226858 -0.7722595 0.6231003 0.1239398 -0.7722596 0.6079518 0.1844173 -0.7722596 0.5869484 0.2431188 -0.7722596 0.5602922 0.2994792 -0.7722597 0.5282403 0.3529552 -0.7722596 0.4911011 0.4030321 -0.7722596 0.4492323 0.4492275 -0.7722597 0.4030373 0.4910969 -0.7722596 0.3529606 0.5282366 -0.7722596 0.2994851 0.560289 -0.7722596 0.2431251 0.5869458 -0.7722596 0.1844237 0.6079499 -0.7722596 0.1239463 0.623099 -0.7722596 0.06227408 0.6322476 -0.7722595 1.03356e-6 0.556628 -0.8307619 -0.05455912 0.5539477 -0.8307619 -0.1085928 0.5459325 -0.8307619 -0.1615807 0.5326599 -0.8307619 -0.2130125 0.5142571 -0.8307619 -0.2623927 0.490902 -0.8307619 -0.3092459 0.4628193 -0.8307619 -0.3531212 0.430279 -0.8307619 -0.3935955 0.3935952 -0.8307618 -0.4302794 0.3531209 -0.8307619 -0.4628194 0.3092458 -0.8307619 -0.4909021 0.2623925 -0.8307619 -0.5142573 0.2130122 -0.8307619 -0.5326599 0.1615804 -0.8307619 -0.5459327 0.1085924 -0.8307618 -0.5539477 0.05455875 -0.8307619 -0.556628 -2.26444e-7 -0.8307619 -0.5539477 -0.05455948 -0.8307619 -0.5459325 -0.1085932 -0.8307618 -0.5326597 -0.1615808 -0.8307618 -0.5142571 -0.2130125 -0.8307618 -0.4909018 -0.262393 -0.8307618 -0.4628189 -0.3092464 -0.8307619 -0.430279 -0.3531214 -0.8307619 -0.3935951 -0.3935957 -0.8307618 -0.3531206 -0.4302796 -0.8307619 -0.3092457 -0.4628194 -0.8307619 -0.2623924 -0.4909022 -0.8307619 -0.2130119 -0.5142574 -0.8307619 -0.1615804 -0.5326598 -0.8307619 -0.108593 -0.5459325 -0.8307619 -0.05455924 -0.5539477 -0.8307618 -3.1203e-8 -0.556628 -0.8307618 0.05455884 -0.5539476 -0.8307618 0.1085921 -0.5459327 -0.8307618 0.1615799 -0.53266 -0.8307618 0.2130117 -0.5142574 -0.8307618 0.2623919 -0.4909024 -0.8307619 0.3092452 -0.4628198 -0.8307619 0.3531202 -0.4302799 -0.8307619 0.3935948 -0.3935961 -0.8307619 0.4302785 -0.3531218 -0.8307618 0.4628184 -0.3092472 -0.8307618 0.4909013 -0.262394 -0.8307619 0.5142567 -0.2130137 -0.8307618 0.5326593 -0.1615822 -0.8307618 0.5459322 -0.1085944 -0.8307619 0.5539474 -0.05456105 -0.8307619 0.556628 -2.12032e-6 -0.8307618 0.5539479 0.05455687 -0.8307618 0.545933 0.1085905 -0.8307618 0.5326605 0.1615783 -0.8307619 0.5142581 0.21301 -0.8307619 0.4909032 0.2623905 -0.8307619 0.4628208 0.3092436 -0.8307618 0.4302811 0.3531188 -0.8307619 0.3935975 0.3935933 -0.8307618 0.3531235 0.4302773 -0.8307618 0.3092483 0.4628178 -0.8307618 0.2623956 0.4909004 -0.8307619 0.2130153 0.5142559 -0.8307619 0.1615838 0.5326588 -0.8307618 0.1085963 0.5459318 -0.8307619 0.05456181 0.5539474 -0.8307618 7.83754e-7 0.472587 -0.881284 -0.04632173 0.4703113 -0.8812841 -0.09219722 0.4635062 -0.8812841 -0.1371848 0.4522374 -0.8812841 -0.1808512 0.4366133 -0.8812841 -0.2227759 0.4167844 -0.881284 -0.2625553 0.3929417 -0.881284 -0.2998061 0.3653144 -0.8812841 -0.3341695 0.3341692 -0.8812841 -0.3653146 0.2998059 -0.881284 -0.3929417 0.2625551 -0.881284 -0.4167845 0.2227758 -0.8812841 -0.4366134 0.1808512 -0.8812841 -0.4522375 0.1371846 -0.881284 -0.4635063 0.09219691 -0.8812841 -0.4703113 0.04632129 -0.8812841 -0.4725869 -3.77022e-7 -0.881284 -0.4703112 -0.04632191 -0.881284 -0.4635063 -0.09219749 -0.8812841 -0.4522374 -0.137185 -0.881284 -0.4366132 -0.1808514 -0.881284 -0.4167842 -0.2227763 -0.8812841 -0.3929414 -0.2625555 -0.8812841 -0.3653144 -0.2998062 -0.8812841 -0.3341691 -0.3341697 -0.881284 -0.2998056 -0.3653149 -0.8812841 -0.2625549 -0.3929418 -0.881284 -0.2227757 -0.4167846 -0.881284 -0.1808509 -0.4366134 -0.881284 -0.1371846 -0.4522376 -0.8812841 -0.09219732 -0.4635063 -0.8812841 -0.0463218 -0.4703112 -0.8812841 -1.69942e-7 -0.4725868 -0.881284 0.0463215 -0.4703113 -0.881284 0.0921967 -0.4635063 -0.881284 0.137184 -0.4522377 -0.8812841 0.1808507 -0.4366136 -0.8812841 0.2227754 -0.4167847 -0.881284 0.2625546 -0.3929421 -0.881284 0.2998051 -0.3653153 -0.8812841 0.3341689 -0.33417 -0.881284 0.365314 -0.2998067 -0.881284 0.392941 -0.2625563 -0.8812841 0.4167839 -0.2227771 -0.8812841 0.4366128 -0.1808524 -0.881284 0.4522371 -0.1371861 -0.8812841 0.463506 -0.09219851 -0.8812841 0.4703111 -0.04632321 -0.881284 0.472587 -1.75706e-6 -0.881284 0.4703114 0.0463197 -0.881284 0.4635067 0.09219523 -0.8812841 0.4522381 0.137183 -0.8812841 0.4366142 0.1808493 -0.8812841 0.4167854 0.222774 -0.8812841 0.392943 0.2625532 -0.8812841 0.3653162 0.299804 -0.8812841 0.3341712 0.3341677 -0.8812841 0.2998079 0.365313 -0.8812841 0.2625573 0.3929402 -0.881284 0.2227785 0.4167832 -0.881284 0.1808538 0.4366123 -0.8812841 0.1371875 0.4522367 -0.881284 0.09220023 0.4635057 -0.8812841 0.04632395 0.4703111 -0.881284 7.09615e-7 0.3839901 -0.9233371 -0.03763774 0.3821411 -0.9233372 -0.07491269 0.3766118 -0.9233372 -0.1114664 0.3674557 -0.9233371 -0.1469468 0.3547606 -0.9233372 -0.1810117 0.338649 -0.9233372 -0.2133335 0.3192761 -0.9233372 -0.2436009 0.2968283 -0.9233372 -0.2715222 0.2715219 -0.9233371 -0.2968284 0.2436007 -0.9233372 -0.3192762 0.2133334 -0.9233372 -0.3386491 0.1810116 -0.9233371 -0.3547606 0.1469465 -0.9233371 -0.3674556 0.1114663 -0.9233372 -0.3766118 0.07491267 -0.9233372 -0.3821411 0.03763735 -0.9233372 -0.3839901 -3.86145e-7 -0.9233372 -0.382141 -0.03763793 -0.9233372 -0.3766118 -0.07491291 -0.9233372 -0.3674556 -0.1114666 -0.9233372 -0.3547605 -0.1469469 -0.9233371 -0.3386489 -0.181012 -0.9233372 -0.3192759 -0.2133338 -0.9233371 -0.2968282 -0.2436009 -0.9233373 -0.2715218 -0.2715222 -0.9233371 -0.2436004 -0.2968286 -0.9233372 -0.2133332 -0.3192762 -0.9233372 -0.1810115 -0.3386491 -0.9233372 -0.1469465 -0.3547606 -0.9233371 -0.1114663 -0.3674557 -0.9233372 -0.07491288 -0.3766118 -0.9233373 -0.03763783 -0.3821411 -0.9233372 -1.86537e-7 -0.3839901 -0.9233372 0.03763745 -0.3821411 -0.9233372 0.07491253 -0.3766119 -0.9233373 0.1114658 -0.3674558 -0.9233372 0.1469462 -0.3547607 -0.9233372 0.1810112 -0.3386492 -0.9233373 0.2133329 -0.3192765 -0.9233372 0.2436002 -0.2968288 -0.9233372 0.2715214 -0.2715226 -0.9233372 0.2968279 -0.2436014 -0.9233371 0.3192756 -0.2133343 -0.9233372 0.3386485 -0.1810126 -0.9233372 0.3547602 -0.1469477 -0.9233372 0.3674554 -0.1114675 -0.9233372 0.3766116 -0.07491388 -0.9233372 0.382141 -0.03763897 -0.9233371 0.3839901 -1.55557e-6 -0.9233372 0.3821413 0.0376361 -0.9233372 0.3766122 0.0749113 -0.9233372 0.3674561 0.1114649 -0.9233372 0.3547613 0.1469451 -0.9233371 0.3386498 0.1810102 -0.9233371 0.3192771 0.2133319 -0.9233372 0.2968296 0.2435992 -0.9233371 0.2715235 0.2715205 -0.9233371 0.2436023 0.296827 -0.9233372 0.2133352 0.3192749 -0.9233371 0.1810137 0.3386479 -0.9233372 0.1469488 0.3547598 -0.9233372 0.1114686 0.367455 -0.9233371 0.07491507 0.3766114 -0.9233372 0.03763954 0.3821409 -0.9233372 5.27418e-7 0.2916872 -0.9565138 -0.02859036 0.2902825 -0.9565138 -0.05690533 0.2860823 -0.9565138 -0.08467229 0.2791271 -0.9565138 -0.1116239 0.2694836 -0.9565138 -0.1375003 0.257245 -0.9565138 -0.1620526 0.2425289 -0.9565138 -0.1850444 0.2254771 -0.9565138 -0.206254 0.2062537 -0.9565138 -0.2254772 0.1850442 -0.9565138 -0.242529 0.1620526 -0.9565138 -0.257245 0.1375002 -0.9565138 -0.2694837 0.1116238 -0.9565138 -0.2791271 0.08467217 -0.9565138 -0.2860824 0.05690513 -0.9565138 -0.2902825 0.02859017 -0.9565138 -0.291687 -1.90655e-7 -0.9565138 -0.2902825 -0.02859057 -0.9565138 -0.2860824 -0.05690552 -0.9565138 -0.279127 -0.08467238 -0.9565138 -0.2694836 -0.1116239 -0.9565138 -0.2572449 -0.1375006 -0.9565138 -0.2425287 -0.1620529 -0.9565138 -0.225477 -0.1850445 -0.9565138 -0.2062537 -0.206254 -0.9565138 -0.1850441 -0.2254772 -0.9565138 -0.1620525 -0.242529 -0.9565138 -0.1375002 -0.2572451 -0.9565138 -0.1116237 -0.2694837 -0.9565138 -0.08467221 -0.2791272 -0.9565138 -0.05690536 -0.2860824 -0.9565138 -0.02859045 -0.2902825 -0.9565138 -1.07503e-7 -0.291687 -0.9565138 0.02859013 -0.2902825 -0.9565138 0.05690509 -0.2860824 -0.9565138 0.08467191 -0.2791272 -0.9565138 0.1116234 -0.2694838 -0.9565138 0.1375 -0.2572452 -0.9565138 0.1620522 -0.2425292 -0.9565138 0.1850438 -0.2254775 -0.9565138 0.2062535 -0.2062543 -0.9565138 0.2254768 -0.1850448 -0.9565138 0.2425285 -0.1620533 -0.9565138 0.2572446 -0.137501 -0.9565138 0.2694833 -0.1116245 -0.9565138 0.2791268 -0.08467316 -0.9565138 0.2860822 -0.05690625 -0.9565138 0.2902824 -0.02859134 -0.9565138 0.291687 -1.09701e-6 -0.9565138 0.2902825 0.02858915 -0.9565138 0.2860826 0.05690419 -0.9565138 0.2791274 0.08467112 -0.9565138 0.2694842 0.1116226 -0.9565138 0.2572456 0.1374993 -0.9565138 0.2425297 0.1620515 -0.9565138 0.2254781 0.1850431 -0.9565138 0.206255 0.2062527 -0.9565138 0.1850455 0.2254761 -0.9565138 0.1620539 0.242528 -0.9565138 0.1375019 0.2572442 -0.9565138 0.1116254 0.269483 -0.9565138 0.08467395 0.2791266 -0.9565138 0.05690713 0.286082 -0.9565138 0.02859179 0.2902824 -0.9565138 3.63566e-7 0.1965637 -0.9804911 -0.01926658 0.1956171 -0.980491 -0.03834769 0.1927867 -0.9804911 -0.05705948 0.1880996 -0.980491 -0.07522167 0.181601 -0.9804911 -0.0926595 0.1733536 -0.980491 -0.1092049 0.1634367 -0.9804911 -0.1246987 0.1519457 -0.9804911 -0.1389915 0.1389914 -0.980491 -0.1519458 0.1246986 -0.980491 -0.1634367 0.1092048 -0.9804911 -0.1733537 0.09265937 -0.980491 -0.1816011 0.07522165 -0.9804911 -0.1880997 0.05705939 -0.9804911 -0.1927867 0.03834748 -0.9804911 -0.1956171 0.01926648 -0.9804911 -0.1965636 -1.01989e-7 -0.9804911 -0.1956171 -0.01926677 -0.980491 -0.1927867 -0.03834778 -0.9804911 -0.1880996 -0.0570595 -0.9804911 -0.181601 -0.07522175 -0.9804911 -0.1733536 -0.09265954 -0.9804911 -0.1634366 -0.109205 -0.980491 -0.1519456 -0.1246987 -0.9804911 -0.1389914 -0.1389916 -0.9804911 -0.1246985 -0.1519459 -0.9804911 -0.1092048 -0.1634367 -0.9804911 -0.09265934 -0.1733536 -0.9804911 -0.07522152 -0.1816011 -0.9804911 -0.05705941 -0.1880996 -0.980491 -0.03834776 -0.1927867 -0.9804911 -0.01926663 -0.1956171 -0.9804911 -4.89901e-9 -0.1965636 -0.9804911 0.01926652 -0.1956171 -0.9804911 0.03834748 -0.1927867 -0.9804911 0.05705912 -0.1880997 -0.9804911 0.07522132 -0.1816012 -0.9804911 0.09265917 -0.1733538 -0.980491 0.1092047 -0.1634368 -0.9804911 0.1246983 -0.1519459 -0.9804911 0.1389912 -0.1389918 -0.9804911 0.1519455 -0.1246989 -0.9804911 0.1634364 -0.1092053 -0.9804911 0.1733534 -0.09265995 -0.980491 0.1816009 -0.07522213 -0.9804911 0.1880995 -0.05705993 -0.9804911 0.1927866 -0.03834826 -0.9804911 0.195617 -0.01926731 -0.9804911 0.1965636 -6.80517e-7 -0.9804911 0.1956171 0.01926584 -0.9804911 0.1927868 0.03834681 -0.980491 0.1880999 0.05705865 -0.980491 0.1816014 0.07522081 -0.980491 0.173354 0.09265859 -0.9804911 0.1634372 0.1092041 -0.9804911 0.1519464 0.1246979 -0.9804911 0.1389922 0.1389907 -0.9804911 0.1246994 0.1519451 -0.9804911 0.1092057 0.1634361 -0.9804911 0.09266053 0.173353 -0.9804911 0.07522278 0.1816006 -0.9804911 0.05706053 0.1880993 -0.980491 0.03834885 0.1927865 -0.9804911 0.01926757 0.1956171 -0.9804911 1.84199e-7 0.09953468 -0.9950341 -0.00975613 0.09905536 -0.9950342 -0.01941824 0.09762206 -0.9950342 -0.02889339 0.0952487 -0.9950341 -0.03809025 0.09195799 -0.9950342 -0.04692031 0.08778172 -0.9950342 -0.05529851 0.08275999 -0.9950342 -0.06314413 0.07694128 -0.9950342 -0.07038164 0.07038157 -0.9950341 -0.07694133 0.06314405 -0.9950341 -0.08276003 0.05529844 -0.9950341 -0.0877817 0.04692028 -0.9950341 -0.091958 0.03809023 -0.9950341 -0.09524869 0.02889337 -0.9950341 -0.09762213 0.01941819 -0.9950342 -0.09905533 0.009756029 -0.9950341 -0.09953463 -4.86843e-8 -0.9950342 -0.09905532 -0.009756179 -0.9950341 -0.09762206 -0.0194183 -0.9950341 -0.09524869 -0.02889342 -0.9950342 -0.09195796 -0.03809032 -0.9950342 -0.08778165 -0.04692037 -0.9950341 -0.08275996 -0.05529855 -0.9950342 -0.07694126 -0.06314413 -0.9950342 -0.07038156 -0.07038168 -0.9950341 -0.06314401 -0.07694136 -0.9950342 -0.05529843 -0.08276004 -0.9950341 -0.04692024 -0.08778175 -0.9950342 -0.03809018 -0.09195802 -0.9950342 -0.02889335 -0.0952487 -0.9950342 -0.01941829 -0.09762206 -0.9950342 -0.00975615 -0.09905535 -0.9950342 -7.42138e-11 -0.09953462 -0.9950342 0.009756054 -0.09905533 -0.9950341 0.01941815 -0.09762212 -0.9950342 0.02889325 -0.09524873 -0.9950342 0.03809012 -0.09195806 -0.9950342 0.04692018 -0.08778176 -0.9950342 0.05529833 -0.08276009 -0.9950341 0.06314392 -0.07694142 -0.9950341 0.07038148 -0.07038175 -0.9950342 0.07694115 -0.06314425 -0.9950342 0.08275988 -0.05529868 -0.9950342 0.08778158 -0.04692053 -0.9950341 0.0919579 -0.03809052 -0.9950342 0.09524862 -0.02889365 -0.9950342 0.09762204 -0.01941854 -0.9950341 0.0990553 -0.009756449 -0.9950342 0.09953465 -3.47432e-7 -0.9950342 0.09905535 0.009755707 -0.9950341 0.09762219 0.01941785 -0.9950341 0.09524879 0.02889299 -0.9950342 0.09195817 0.03808983 -0.9950342 0.08778192 0.0469199 -0.9950342 0.08276029 0.05529804 -0.9950341 0.07694164 0.06314372 -0.9950341 0.07038196 0.07038121 -0.9950342 0.06314454 0.07694095 -0.9950342 0.05529889 0.08275973 -0.9950341 0.04692078 0.08778141 -0.9950341 0.03809083 0.09195778 -0.9950342 0.02889398 0.0952485 -0.9950342 0.01941888 0.09762198 -0.9950342 0.009756577 0.09905533 -0.9950342 -5.33504e-9 -3.43969e-8 -1</float_array>
          <technique_common>
            <accessor source="#geom-Sphere002-normals-array" count="1986" stride="3">
              <param name="X" type="float"/>
              <param name="Y" type="float"/>
              <param name="Z" type="float"/>
            </accessor>
          </technique_common>
        </source>
        <source id="geom-Sphere002-map1">
          <float_array id="geom-Sphere002-map1-array" count="6435">0 1 0 0.015625 1 0 0.03125 1 0 0.046875 1 0 0.0625 1 0 0.078125 1 0 0.09375 1 0 0.109375 1 0 0.125 1 0 0.140625 1 0 0.15625 1 0 0.171875 1 0 0.1875 1 0 0.203125 1 0 0.21875 1 0 0.234375 1 0 0.25 1 0 0.265625 1 0 0.28125 1 0 0.296875 1 0 0.3125 1 0 0.328125 1 0 0.3437501 1 0 0.3593751 1 0 0.3750001 1 0 0.3906251 1 0 0.4062501 1 0 0.4218751 1 0 0.4375001 1 0 0.4531251 1 0 0.4687501 1 0 0.4843751 1 0 0.5000001 1 0 0.5156251 1 0 0.5312501 1 0 0.5468751 1 0 0.5625001 1 0 0.5781251 1 0 0.5937501 1 0 0.6093751 1 0 0.6250002 1 0 0.6406251 1 0 0.6562501 1 0 0.6718751 1 0 0.6875 1 0 0.703125 1 0 0.7187499 1 0 0.7343749 1 0 0.7499999 1 0 0.7656249 1 0 0.7812498 1 0 0.7968748 1 0 0.8124998 1 0 0.8281248 1 0 0.8437497 1 0 0.8593746 1 0 0.8749996 1 0 0.8906246 1 0 0.9062496 1 0 0.9218745 1 0 0.9374995 1 0 0.9531245 1 0 0.9687495 1 0 0.9843744 1 0 0.9999994 1 0 0 0.96875 0 0.015625 0.96875 0 0.03125 0.96875 0 0.046875 0.96875 0 0.0625 0.96875 0 0.078125 0.96875 0 0.09375 0.96875 0 0.109375 0.96875 0 0.125 0.96875 0 0.140625 0.96875 0 0.15625 0.96875 0 0.171875 0.96875 0 0.1875 0.96875 0 0.203125 0.96875 0 0.21875 0.96875 0 0.234375 0.96875 0 0.25 0.96875 0 0.265625 0.96875 0 0.28125 0.96875 0 0.296875 0.96875 0 0.3125 0.96875 0 0.328125 0.96875 0 0.3437501 0.96875 0 0.3593751 0.96875 0 0.3750001 0.96875 0 0.3906251 0.96875 0 0.4062501 0.96875 0 0.4218751 0.96875 0 0.4375001 0.96875 0 0.4531251 0.96875 0 0.4687501 0.96875 0 0.4843751 0.96875 0 0.5000001 0.96875 0 0.5156251 0.96875 0 0.5312501 0.96875 0 0.5468751 0.96875 0 0.5625001 0.96875 0 0.5781251 0.96875 0 0.5937501 0.96875 0 0.6093751 0.96875 0 0.6250002 0.96875 0 0.6406251 0.96875 0 0.6562501 0.96875 0 0.6718751 0.96875 0 0.6875 0.96875 0 0.703125 0.96875 0 0.7187499 0.96875 0 0.7343749 0.96875 0 0.7499999 0.96875 0 0.7656249 0.96875 0 0.7812498 0.96875 0 0.7968748 0.96875 0 0.8124998 0.96875 0 0.8281248 0.96875 0 0.8437497 0.96875 0 0.8593746 0.96875 0 0.8749996 0.96875 0 0.8906246 0.96875 0 0.9062496 0.96875 0 0.9218745 0.96875 0 0.9374995 0.96875 0 0.9531245 0.96875 0 0.9687495 0.96875 0 0.9843744 0.96875 0 0.9999994 0.96875 0 0 0.9375 0 0.015625 0.9375 0 0.03125 0.9375 0 0.046875 0.9375 0 0.0625 0.9375 0 0.078125 0.9375 0 0.09375 0.9375 0 0.109375 0.9375 0 0.125 0.9375 0 0.140625 0.9375 0 0.15625 0.9375 0 0.171875 0.9375 0 0.1875 0.9375 0 0.203125 0.9375 0 0.21875 0.9375 0 0.234375 0.9375 0 0.25 0.9375 0 0.265625 0.9375 0 0.28125 0.9375 0 0.296875 0.9375 0 0.3125 0.9375 0 0.328125 0.9375 0 0.3437501 0.9375 0 0.3593751 0.9375 0 0.3750001 0.9375 0 0.3906251 0.9375 0 0.4062501 0.9375 0 0.4218751 0.9375 0 0.4375001 0.9375 0 0.4531251 0.9375 0 0.4687501 0.9375 0 0.4843751 0.9375 0 0.5000001 0.9375 0 0.5156251 0.9375 0 0.5312501 0.9375 0 0.5468751 0.9375 0 0.5625001 0.9375 0 0.5781251 0.9375 0 0.5937501 0.9375 0 0.6093751 0.9375 0 0.6250002 0.9375 0 0.6406251 0.9375 0 0.6562501 0.9375 0 0.6718751 0.9375 0 0.6875 0.9375 0 0.703125 0.9375 0 0.7187499 0.9375 0 0.7343749 0.9375 0 0.7499999 0.9375 0 0.7656249 0.9375 0 0.7812498 0.9375 0 0.7968748 0.9375 0 0.8124998 0.9375 0 0.8281248 0.9375 0 0.8437497 0.9375 0 0.8593746 0.9375 0 0.8749996 0.9375 0 0.8906246 0.9375 0 0.9062496 0.9375 0 0.9218745 0.9375 0 0.9374995 0.9375 0 0.9531245 0.9375 0 0.9687495 0.9375 0 0.9843744 0.9375 0 0.9999994 0.9375 0 0 0.90625 0 0.015625 0.90625 0 0.03125 0.90625 0 0.046875 0.90625 0 0.0625 0.90625 0 0.078125 0.90625 0 0.09375 0.90625 0 0.109375 0.90625 0 0.125 0.90625 0 0.140625 0.90625 0 0.15625 0.90625 0 0.171875 0.90625 0 0.1875 0.90625 0 0.203125 0.90625 0 0.21875 0.90625 0 0.234375 0.90625 0 0.25 0.90625 0 0.265625 0.90625 0 0.28125 0.90625 0 0.296875 0.90625 0 0.3125 0.90625 0 0.328125 0.90625 0 0.3437501 0.90625 0 0.3593751 0.90625 0 0.3750001 0.90625 0 0.3906251 0.90625 0 0.4062501 0.90625 0 0.4218751 0.90625 0 0.4375001 0.90625 0 0.4531251 0.90625 0 0.4687501 0.90625 0 0.4843751 0.90625 0 0.5000001 0.90625 0 0.5156251 0.90625 0 0.5312501 0.90625 0 0.5468751 0.90625 0 0.5625001 0.90625 0 0.5781251 0.90625 0 0.5937501 0.90625 0 0.6093751 0.90625 0 0.6250002 0.90625 0 0.6406251 0.90625 0 0.6562501 0.90625 0 0.6718751 0.90625 0 0.6875 0.90625 0 0.703125 0.90625 0 0.7187499 0.90625 0 0.7343749 0.90625 0 0.7499999 0.90625 0 0.7656249 0.90625 0 0.7812498 0.90625 0 0.7968748 0.90625 0 0.8124998 0.90625 0 0.8281248 0.90625 0 0.8437497 0.90625 0 0.8593746 0.90625 0 0.8749996 0.90625 0 0.8906246 0.90625 0 0.9062496 0.90625 0 0.9218745 0.90625 0 0.9374995 0.90625 0 0.9531245 0.90625 0 0.9687495 0.90625 0 0.9843744 0.90625 0 0.9999994 0.90625 0 0 0.875 0 0.015625 0.875 0 0.03125 0.875 0 0.046875 0.875 0 0.0625 0.875 0 0.078125 0.875 0 0.09375 0.875 0 0.109375 0.875 0 0.125 0.875 0 0.140625 0.875 0 0.15625 0.875 0 0.171875 0.875 0 0.1875 0.875 0 0.203125 0.875 0 0.21875 0.875 0 0.234375 0.875 0 0.25 0.875 0 0.265625 0.875 0 0.28125 0.875 0 0.296875 0.875 0 0.3125 0.875 0 0.328125 0.875 0 0.3437501 0.875 0 0.3593751 0.875 0 0.3750001 0.875 0 0.3906251 0.875 0 0.4062501 0.875 0 0.4218751 0.875 0 0.4375001 0.875 0 0.4531251 0.875 0 0.4687501 0.875 0 0.4843751 0.875 0 0.5000001 0.875 0 0.5156251 0.875 0 0.5312501 0.875 0 0.5468751 0.875 0 0.5625001 0.875 0 0.5781251 0.875 0 0.5937501 0.875 0 0.6093751 0.875 0 0.6250002 0.875 0 0.6406251 0.875 0 0.6562501 0.875 0 0.6718751 0.875 0 0.6875 0.875 0 0.703125 0.875 0 0.7187499 0.875 0 0.7343749 0.875 0 0.7499999 0.875 0 0.7656249 0.875 0 0.7812498 0.875 0 0.7968748 0.875 0 0.8124998 0.875 0 0.8281248 0.875 0 0.8437497 0.875 0 0.8593746 0.875 0 0.8749996 0.875 0 0.8906246 0.875 0 0.9062496 0.875 0 0.9218745 0.875 0 0.9374995 0.875 0 0.9531245 0.875 0 0.9687495 0.875 0 0.9843744 0.875 0 0.9999994 0.875 0 0 0.84375 0 0.015625 0.84375 0 0.03125 0.84375 0 0.046875 0.84375 0 0.0625 0.84375 0 0.078125 0.84375 0 0.09375 0.84375 0 0.109375 0.84375 0 0.125 0.84375 0 0.140625 0.84375 0 0.15625 0.84375 0 0.171875 0.84375 0 0.1875 0.84375 0 0.203125 0.84375 0 0.21875 0.84375 0 0.234375 0.84375 0 0.25 0.84375 0 0.265625 0.84375 0 0.28125 0.84375 0 0.296875 0.84375 0 0.3125 0.84375 0 0.328125 0.84375 0 0.3437501 0.84375 0 0.3593751 0.84375 0 0.3750001 0.84375 0 0.3906251 0.84375 0 0.4062501 0.84375 0 0.4218751 0.84375 0 0.4375001 0.84375 0 0.4531251 0.84375 0 0.4687501 0.84375 0 0.4843751 0.84375 0 0.5000001 0.84375 0 0.5156251 0.84375 0 0.5312501 0.84375 0 0.5468751 0.84375 0 0.5625001 0.84375 0 0.5781251 0.84375 0 0.5937501 0.84375 0 0.6093751 0.84375 0 0.6250002 0.84375 0 0.6406251 0.84375 0 0.6562501 0.84375 0 0.6718751 0.84375 0 0.6875 0.84375 0 0.703125 0.84375 0 0.7187499 0.84375 0 0.7343749 0.84375 0 0.7499999 0.84375 0 0.7656249 0.84375 0 0.7812498 0.84375 0 0.7968748 0.84375 0 0.8124998 0.84375 0 0.8281248 0.84375 0 0.8437497 0.84375 0 0.8593746 0.84375 0 0.8749996 0.84375 0 0.8906246 0.84375 0 0.9062496 0.84375 0 0.9218745 0.84375 0 0.9374995 0.84375 0 0.9531245 0.84375 0 0.9687495 0.84375 0 0.9843744 0.84375 0 0.9999994 0.84375 0 0 0.8125 0 0.015625 0.8125 0 0.03125 0.8125 0 0.046875 0.8125 0 0.0625 0.8125 0 0.078125 0.8125 0 0.09375 0.8125 0 0.109375 0.8125 0 0.125 0.8125 0 0.140625 0.8125 0 0.15625 0.8125 0 0.171875 0.8125 0 0.1875 0.8125 0 0.203125 0.8125 0 0.21875 0.8125 0 0.234375 0.8125 0 0.25 0.8125 0 0.265625 0.8125 0 0.28125 0.8125 0 0.296875 0.8125 0 0.3125 0.8125 0 0.328125 0.8125 0 0.3437501 0.8125 0 0.3593751 0.8125 0 0.3750001 0.8125 0 0.3906251 0.8125 0 0.4062501 0.8125 0 0.4218751 0.8125 0 0.4375001 0.8125 0 0.4531251 0.8125 0 0.4687501 0.8125 0 0.4843751 0.8125 0 0.5000001 0.8125 0 0.5156251 0.8125 0 0.5312501 0.8125 0 0.5468751 0.8125 0 0.5625001 0.8125 0 0.5781251 0.8125 0 0.5937501 0.8125 0 0.6093751 0.8125 0 0.6250002 0.8125 0 0.6406251 0.8125 0 0.6562501 0.8125 0 0.6718751 0.8125 0 0.6875 0.8125 0 0.703125 0.8125 0 0.7187499 0.8125 0 0.7343749 0.8125 0 0.7499999 0.8125 0 0.7656249 0.8125 0 0.7812498 0.8125 0 0.7968748 0.8125 0 0.8124998 0.8125 0 0.8281248 0.8125 0 0.8437497 0.8125 0 0.8593746 0.8125 0 0.8749996 0.8125 0 0.8906246 0.8125 0 0.9062496 0.8125 0 0.9218745 0.8125 0 0.9374995 0.8125 0 0.9531245 0.8125 0 0.9687495 0.8125 0 0.9843744 0.8125 0 0.9999994 0.8125 0 0 0.78125 0 0.015625 0.78125 0 0.03125 0.78125 0 0.046875 0.78125 0 0.0625 0.78125 0 0.078125 0.78125 0 0.09375 0.78125 0 0.109375 0.78125 0 0.125 0.78125 0 0.140625 0.78125 0 0.15625 0.78125 0 0.171875 0.78125 0 0.1875 0.78125 0 0.203125 0.78125 0 0.21875 0.78125 0 0.234375 0.78125 0 0.25 0.78125 0 0.265625 0.78125 0 0.28125 0.78125 0 0.296875 0.78125 0 0.3125 0.78125 0 0.328125 0.78125 0 0.3437501 0.78125 0 0.3593751 0.78125 0 0.3750001 0.78125 0 0.3906251 0.78125 0 0.4062501 0.78125 0 0.4218751 0.78125 0 0.4375001 0.78125 0 0.4531251 0.78125 0 0.4687501 0.78125 0 0.4843751 0.78125 0 0.5000001 0.78125 0 0.5156251 0.78125 0 0.5312501 0.78125 0 0.5468751 0.78125 0 0.5625001 0.78125 0 0.5781251 0.78125 0 0.5937501 0.78125 0 0.6093751 0.78125 0 0.6250002 0.78125 0 0.6406251 0.78125 0 0.6562501 0.78125 0 0.6718751 0.78125 0 0.6875 0.78125 0 0.703125 0.78125 0 0.7187499 0.78125 0 0.7343749 0.78125 0 0.7499999 0.78125 0 0.7656249 0.78125 0 0.7812498 0.78125 0 0.7968748 0.78125 0 0.8124998 0.78125 0 0.8281248 0.78125 0 0.8437497 0.78125 0 0.8593746 0.78125 0 0.8749996 0.78125 0 0.8906246 0.78125 0 0.9062496 0.78125 0 0.9218745 0.78125 0 0.9374995 0.78125 0 0.9531245 0.78125 0 0.9687495 0.78125 0 0.9843744 0.78125 0 0.9999994 0.78125 0 0 0.75 0 0.015625 0.75 0 0.03125 0.75 0 0.046875 0.75 0 0.0625 0.75 0 0.078125 0.75 0 0.09375 0.75 0 0.109375 0.75 0 0.125 0.75 0 0.140625 0.75 0 0.15625 0.75 0 0.171875 0.75 0 0.1875 0.75 0 0.203125 0.75 0 0.21875 0.75 0 0.234375 0.75 0 0.25 0.75 0 0.265625 0.75 0 0.28125 0.75 0 0.296875 0.75 0 0.3125 0.75 0 0.328125 0.75 0 0.3437501 0.75 0 0.3593751 0.75 0 0.3750001 0.75 0 0.3906251 0.75 0 0.4062501 0.75 0 0.4218751 0.75 0 0.4375001 0.75 0 0.4531251 0.75 0 0.4687501 0.75 0 0.4843751 0.75 0 0.5000001 0.75 0 0.5156251 0.75 0 0.5312501 0.75 0 0.5468751 0.75 0 0.5625001 0.75 0 0.5781251 0.75 0 0.5937501 0.75 0 0.6093751 0.75 0 0.6250002 0.75 0 0.6406251 0.75 0 0.6562501 0.75 0 0.6718751 0.75 0 0.6875 0.75 0 0.703125 0.75 0 0.7187499 0.75 0 0.7343749 0.75 0 0.7499999 0.75 0 0.7656249 0.75 0 0.7812498 0.75 0 0.7968748 0.75 0 0.8124998 0.75 0 0.8281248 0.75 0 0.8437497 0.75 0 0.8593746 0.75 0 0.8749996 0.75 0 0.8906246 0.75 0 0.9062496 0.75 0 0.9218745 0.75 0 0.9374995 0.75 0 0.9531245 0.75 0 0.9687495 0.75 0 0.9843744 0.75 0 0.9999994 0.75 0 0 0.71875 0 0.015625 0.71875 0 0.03125 0.71875 0 0.046875 0.71875 0 0.0625 0.71875 0 0.078125 0.71875 0 0.09375 0.71875 0 0.109375 0.71875 0 0.125 0.71875 0 0.140625 0.71875 0 0.15625 0.71875 0 0.171875 0.71875 0 0.1875 0.71875 0 0.203125 0.71875 0 0.21875 0.71875 0 0.234375 0.71875 0 0.25 0.71875 0 0.265625 0.71875 0 0.28125 0.71875 0 0.296875 0.71875 0 0.3125 0.71875 0 0.328125 0.71875 0 0.3437501 0.71875 0 0.3593751 0.71875 0 0.3750001 0.71875 0 0.3906251 0.71875 0 0.4062501 0.71875 0 0.4218751 0.71875 0 0.4375001 0.71875 0 0.4531251 0.71875 0 0.4687501 0.71875 0 0.4843751 0.71875 0 0.5000001 0.71875 0 0.5156251 0.71875 0 0.5312501 0.71875 0 0.5468751 0.71875 0 0.5625001 0.71875 0 0.5781251 0.71875 0 0.5937501 0.71875 0 0.6093751 0.71875 0 0.6250002 0.71875 0 0.6406251 0.71875 0 0.6562501 0.71875 0 0.6718751 0.71875 0 0.6875 0.71875 0 0.703125 0.71875 0 0.7187499 0.71875 0 0.7343749 0.71875 0 0.7499999 0.71875 0 0.7656249 0.71875 0 0.7812498 0.71875 0 0.7968748 0.71875 0 0.8124998 0.71875 0 0.8281248 0.71875 0 0.8437497 0.71875 0 0.8593746 0.71875 0 0.8749996 0.71875 0 0.8906246 0.71875 0 0.9062496 0.71875 0 0.9218745 0.71875 0 0.9374995 0.71875 0 0.9531245 0.71875 0 0.9687495 0.71875 0 0.9843744 0.71875 0 0.9999994 0.71875 0 0 0.6875 0 0.015625 0.6875 0 0.03125 0.6875 0 0.046875 0.6875 0 0.0625 0.6875 0 0.078125 0.6875 0 0.09375 0.6875 0 0.109375 0.6875 0 0.125 0.6875 0 0.140625 0.6875 0 0.15625 0.6875 0 0.171875 0.6875 0 0.1875 0.6875 0 0.203125 0.6875 0 0.21875 0.6875 0 0.234375 0.6875 0 0.25 0.6875 0 0.265625 0.6875 0 0.28125 0.6875 0 0.296875 0.6875 0 0.3125 0.6875 0 0.328125 0.6875 0 0.3437501 0.6875 0 0.3593751 0.6875 0 0.3750001 0.6875 0 0.3906251 0.6875 0 0.4062501 0.6875 0 0.4218751 0.6875 0 0.4375001 0.6875 0 0.4531251 0.6875 0 0.4687501 0.6875 0 0.4843751 0.6875 0 0.5000001 0.6875 0 0.5156251 0.6875 0 0.5312501 0.6875 0 0.5468751 0.6875 0 0.5625001 0.6875 0 0.5781251 0.6875 0 0.5937501 0.6875 0 0.6093751 0.6875 0 0.6250002 0.6875 0 0.6406251 0.6875 0 0.6562501 0.6875 0 0.6718751 0.6875 0 0.6875 0.6875 0 0.703125 0.6875 0 0.7187499 0.6875 0 0.7343749 0.6875 0 0.7499999 0.6875 0 0.7656249 0.6875 0 0.7812498 0.6875 0 0.7968748 0.6875 0 0.8124998 0.6875 0 0.8281248 0.6875 0 0.8437497 0.6875 0 0.8593746 0.6875 0 0.8749996 0.6875 0 0.8906246 0.6875 0 0.9062496 0.6875 0 0.9218745 0.6875 0 0.9374995 0.6875 0 0.9531245 0.6875 0 0.9687495 0.6875 0 0.9843744 0.6875 0 0.9999994 0.6875 0 0 0.65625 0 0.015625 0.65625 0 0.03125 0.65625 0 0.046875 0.65625 0 0.0625 0.65625 0 0.078125 0.65625 0 0.09375 0.65625 0 0.109375 0.65625 0 0.125 0.65625 0 0.140625 0.65625 0 0.15625 0.65625 0 0.171875 0.65625 0 0.1875 0.65625 0 0.203125 0.65625 0 0.21875 0.65625 0 0.234375 0.65625 0 0.25 0.65625 0 0.265625 0.65625 0 0.28125 0.65625 0 0.296875 0.65625 0 0.3125 0.65625 0 0.328125 0.65625 0 0.3437501 0.65625 0 0.3593751 0.65625 0 0.3750001 0.65625 0 0.3906251 0.65625 0 0.4062501 0.65625 0 0.4218751 0.65625 0 0.4375001 0.65625 0 0.4531251 0.65625 0 0.4687501 0.65625 0 0.4843751 0.65625 0 0.5000001 0.65625 0 0.5156251 0.65625 0 0.5312501 0.65625 0 0.5468751 0.65625 0 0.5625001 0.65625 0 0.5781251 0.65625 0 0.5937501 0.65625 0 0.6093751 0.65625 0 0.6250002 0.65625 0 0.6406251 0.65625 0 0.6562501 0.65625 0 0.6718751 0.65625 0 0.6875 0.65625 0 0.703125 0.65625 0 0.7187499 0.65625 0 0.7343749 0.65625 0 0.7499999 0.65625 0 0.7656249 0.65625 0 0.7812498 0.65625 0 0.7968748 0.65625 0 0.8124998 0.65625 0 0.8281248 0.65625 0 0.8437497 0.65625 0 0.8593746 0.65625 0 0.8749996 0.65625 0 0.8906246 0.65625 0 0.9062496 0.65625 0 0.9218745 0.65625 0 0.9374995 0.65625 0 0.9531245 0.65625 0 0.9687495 0.65625 0 0.9843744 0.65625 0 0.9999994 0.65625 0 0 0.625 0 0.015625 0.625 0 0.03125 0.625 0 0.046875 0.625 0 0.0625 0.625 0 0.078125 0.625 0 0.09375 0.625 0 0.109375 0.625 0 0.125 0.625 0 0.140625 0.625 0 0.15625 0.625 0 0.171875 0.625 0 0.1875 0.625 0 0.203125 0.625 0 0.21875 0.625 0 0.234375 0.625 0 0.25 0.625 0 0.265625 0.625 0 0.28125 0.625 0 0.296875 0.625 0 0.3125 0.625 0 0.328125 0.625 0 0.3437501 0.625 0 0.3593751 0.625 0 0.3750001 0.625 0 0.3906251 0.625 0 0.4062501 0.625 0 0.4218751 0.625 0 0.4375001 0.625 0 0.4531251 0.625 0 0.4687501 0.625 0 0.4843751 0.625 0 0.5000001 0.625 0 0.5156251 0.625 0 0.5312501 0.625 0 0.5468751 0.625 0 0.5625001 0.625 0 0.5781251 0.625 0 0.5937501 0.625 0 0.6093751 0.625 0 0.6250002 0.625 0 0.6406251 0.625 0 0.6562501 0.625 0 0.6718751 0.625 0 0.6875 0.625 0 0.703125 0.625 0 0.7187499 0.625 0 0.7343749 0.625 0 0.7499999 0.625 0 0.7656249 0.625 0 0.7812498 0.625 0 0.7968748 0.625 0 0.8124998 0.625 0 0.8281248 0.625 0 0.8437497 0.625 0 0.8593746 0.625 0 0.8749996 0.625 0 0.8906246 0.625 0 0.9062496 0.625 0 0.9218745 0.625 0 0.9374995 0.625 0 0.9531245 0.625 0 0.9687495 0.625 0 0.9843744 0.625 0 0.9999994 0.625 0 0 0.59375 0 0.015625 0.59375 0 0.03125 0.59375 0 0.046875 0.59375 0 0.0625 0.59375 0 0.078125 0.59375 0 0.09375 0.59375 0 0.109375 0.59375 0 0.125 0.59375 0 0.140625 0.59375 0 0.15625 0.59375 0 0.171875 0.59375 0 0.1875 0.59375 0 0.203125 0.59375 0 0.21875 0.59375 0 0.234375 0.59375 0 0.25 0.59375 0 0.265625 0.59375 0 0.28125 0.59375 0 0.296875 0.59375 0 0.3125 0.59375 0 0.328125 0.59375 0 0.3437501 0.59375 0 0.3593751 0.59375 0 0.3750001 0.59375 0 0.3906251 0.59375 0 0.4062501 0.59375 0 0.4218751 0.59375 0 0.4375001 0.59375 0 0.4531251 0.59375 0 0.4687501 0.59375 0 0.4843751 0.59375 0 0.5000001 0.59375 0 0.5156251 0.59375 0 0.5312501 0.59375 0 0.5468751 0.59375 0 0.5625001 0.59375 0 0.5781251 0.59375 0 0.5937501 0.59375 0 0.6093751 0.59375 0 0.6250002 0.59375 0 0.6406251 0.59375 0 0.6562501 0.59375 0 0.6718751 0.59375 0 0.6875 0.59375 0 0.703125 0.59375 0 0.7187499 0.59375 0 0.7343749 0.59375 0 0.7499999 0.59375 0 0.7656249 0.59375 0 0.7812498 0.59375 0 0.7968748 0.59375 0 0.8124998 0.59375 0 0.8281248 0.59375 0 0.8437497 0.59375 0 0.8593746 0.59375 0 0.8749996 0.59375 0 0.8906246 0.59375 0 0.9062496 0.59375 0 0.9218745 0.59375 0 0.9374995 0.59375 0 0.9531245 0.59375 0 0.9687495 0.59375 0 0.9843744 0.59375 0 0.9999994 0.59375 0 0 0.5625 0 0.015625 0.5625 0 0.03125 0.5625 0 0.046875 0.5625 0 0.0625 0.5625 0 0.078125 0.5625 0 0.09375 0.5625 0 0.109375 0.5625 0 0.125 0.5625 0 0.140625 0.5625 0 0.15625 0.5625 0 0.171875 0.5625 0 0.1875 0.5625 0 0.203125 0.5625 0 0.21875 0.5625 0 0.234375 0.5625 0 0.25 0.5625 0 0.265625 0.5625 0 0.28125 0.5625 0 0.296875 0.5625 0 0.3125 0.5625 0 0.328125 0.5625 0 0.3437501 0.5625 0 0.3593751 0.5625 0 0.3750001 0.5625 0 0.3906251 0.5625 0 0.4062501 0.5625 0 0.4218751 0.5625 0 0.4375001 0.5625 0 0.4531251 0.5625 0 0.4687501 0.5625 0 0.4843751 0.5625 0 0.5000001 0.5625 0 0.5156251 0.5625 0 0.5312501 0.5625 0 0.5468751 0.5625 0 0.5625001 0.5625 0 0.5781251 0.5625 0 0.5937501 0.5625 0 0.6093751 0.5625 0 0.6250002 0.5625 0 0.6406251 0.5625 0 0.6562501 0.5625 0 0.6718751 0.5625 0 0.6875 0.5625 0 0.703125 0.5625 0 0.7187499 0.5625 0 0.7343749 0.5625 0 0.7499999 0.5625 0 0.7656249 0.5625 0 0.7812498 0.5625 0 0.7968748 0.5625 0 0.8124998 0.5625 0 0.8281248 0.5625 0 0.8437497 0.5625 0 0.8593746 0.5625 0 0.8749996 0.5625 0 0.8906246 0.5625 0 0.9062496 0.5625 0 0.9218745 0.5625 0 0.9374995 0.5625 0 0.9531245 0.5625 0 0.9687495 0.5625 0 0.9843744 0.5625 0 0.9999994 0.5625 0 0 0.53125 0 0.015625 0.53125 0 0.03125 0.53125 0 0.046875 0.53125 0 0.0625 0.53125 0 0.078125 0.53125 0 0.09375 0.53125 0 0.109375 0.53125 0 0.125 0.53125 0 0.140625 0.53125 0 0.15625 0.53125 0 0.171875 0.53125 0 0.1875 0.53125 0 0.203125 0.53125 0 0.21875 0.53125 0 0.234375 0.53125 0 0.25 0.53125 0 0.265625 0.53125 0 0.28125 0.53125 0 0.296875 0.53125 0 0.3125 0.53125 0 0.328125 0.53125 0 0.3437501 0.53125 0 0.3593751 0.53125 0 0.3750001 0.53125 0 0.3906251 0.53125 0 0.4062501 0.53125 0 0.4218751 0.53125 0 0.4375001 0.53125 0 0.4531251 0.53125 0 0.4687501 0.53125 0 0.4843751 0.53125 0 0.5000001 0.53125 0 0.5156251 0.53125 0 0.5312501 0.53125 0 0.5468751 0.53125 0 0.5625001 0.53125 0 0.5781251 0.53125 0 0.5937501 0.53125 0 0.6093751 0.53125 0 0.6250002 0.53125 0 0.6406251 0.53125 0 0.6562501 0.53125 0 0.6718751 0.53125 0 0.6875 0.53125 0 0.703125 0.53125 0 0.7187499 0.53125 0 0.7343749 0.53125 0 0.7499999 0.53125 0 0.7656249 0.53125 0 0.7812498 0.53125 0 0.7968748 0.53125 0 0.8124998 0.53125 0 0.8281248 0.53125 0 0.8437497 0.53125 0 0.8593746 0.53125 0 0.8749996 0.53125 0 0.8906246 0.53125 0 0.9062496 0.53125 0 0.9218745 0.53125 0 0.9374995 0.53125 0 0.9531245 0.53125 0 0.9687495 0.53125 0 0.9843744 0.53125 0 0.9999994 0.53125 0 0 0.4999999 0 0.015625 0.4999999 0 0.03125 0.4999999 0 0.046875 0.4999999 0 0.0625 0.4999999 0 0.078125 0.4999999 0 0.09375 0.4999999 0 0.109375 0.4999999 0 0.125 0.4999999 0 0.140625 0.4999999 0 0.15625 0.4999999 0 0.171875 0.4999999 0 0.1875 0.4999999 0 0.203125 0.4999999 0 0.21875 0.4999999 0 0.234375 0.4999999 0 0.25 0.4999999 0 0.265625 0.4999999 0 0.28125 0.4999999 0 0.296875 0.4999999 0 0.3125 0.4999999 0 0.328125 0.4999999 0 0.3437501 0.4999999 0 0.3593751 0.4999999 0 0.3750001 0.4999999 0 0.3906251 0.4999999 0 0.4062501 0.4999999 0 0.4218751 0.4999999 0 0.4375001 0.4999999 0 0.4531251 0.4999999 0 0.4687501 0.4999999 0 0.4843751 0.4999999 0 0.5000001 0.4999999 0 0.5156251 0.4999999 0 0.5312501 0.4999999 0 0.5468751 0.4999999 0 0.5625001 0.4999999 0 0.5781251 0.4999999 0 0.5937501 0.4999999 0 0.6093751 0.4999999 0 0.6250002 0.4999999 0 0.6406251 0.4999999 0 0.6562501 0.4999999 0 0.6718751 0.4999999 0 0.6875 0.4999999 0 0.703125 0.4999999 0 0.7187499 0.4999999 0 0.7343749 0.4999999 0 0.7499999 0.4999999 0 0.7656249 0.4999999 0 0.7812498 0.4999999 0 0.7968748 0.4999999 0 0.8124998 0.4999999 0 0.8281248 0.4999999 0 0.8437497 0.4999999 0 0.8593746 0.4999999 0 0.8749996 0.4999999 0 0.8906246 0.4999999 0 0.9062496 0.4999999 0 0.9218745 0.4999999 0 0.9374995 0.4999999 0 0.9531245 0.4999999 0 0.9687495 0.4999999 0 0.9843744 0.4999999 0 0.9999994 0.4999999 0 0 0.4687499 0 0.015625 0.4687499 0 0.03125 0.4687499 0 0.046875 0.4687499 0 0.0625 0.4687499 0 0.078125 0.4687499 0 0.09375 0.4687499 0 0.109375 0.4687499 0 0.125 0.4687499 0 0.140625 0.4687499 0 0.15625 0.4687499 0 0.171875 0.4687499 0 0.1875 0.4687499 0 0.203125 0.4687499 0 0.21875 0.4687499 0 0.234375 0.4687499 0 0.25 0.4687499 0 0.265625 0.4687499 0 0.28125 0.4687499 0 0.296875 0.4687499 0 0.3125 0.4687499 0 0.328125 0.4687499 0 0.3437501 0.4687499 0 0.3593751 0.4687499 0 0.3750001 0.4687499 0 0.3906251 0.4687499 0 0.4062501 0.4687499 0 0.4218751 0.4687499 0 0.4375001 0.4687499 0 0.4531251 0.4687499 0 0.4687501 0.4687499 0 0.4843751 0.4687499 0 0.5000001 0.4687499 0 0.5156251 0.4687499 0 0.5312501 0.4687499 0 0.5468751 0.4687499 0 0.5625001 0.4687499 0 0.5781251 0.4687499 0 0.5937501 0.4687499 0 0.6093751 0.4687499 0 0.6250002 0.4687499 0 0.6406251 0.4687499 0 0.6562501 0.4687499 0 0.6718751 0.4687499 0 0.6875 0.4687499 0 0.703125 0.4687499 0 0.7187499 0.4687499 0 0.7343749 0.4687499 0 0.7499999 0.4687499 0 0.7656249 0.4687499 0 0.7812498 0.4687499 0 0.7968748 0.4687499 0 0.8124998 0.4687499 0 0.8281248 0.4687499 0 0.8437497 0.4687499 0 0.8593746 0.4687499 0 0.8749996 0.4687499 0 0.8906246 0.4687499 0 0.9062496 0.4687499 0 0.9218745 0.4687499 0 0.9374995 0.4687499 0 0.9531245 0.4687499 0 0.9687495 0.4687499 0 0.9843744 0.4687499 0 0.9999994 0.4687499 0 0 0.4374999 0 0.015625 0.4374999 0 0.03125 0.4374999 0 0.046875 0.4374999 0 0.0625 0.4374999 0 0.078125 0.4374999 0 0.09375 0.4374999 0 0.109375 0.4374999 0 0.125 0.4374999 0 0.140625 0.4374999 0 0.15625 0.4374999 0 0.171875 0.4374999 0 0.1875 0.4374999 0 0.203125 0.4374999 0 0.21875 0.4374999 0 0.234375 0.4374999 0 0.25 0.4374999 0 0.265625 0.4374999 0 0.28125 0.4374999 0 0.296875 0.4374999 0 0.3125 0.4374999 0 0.328125 0.4374999 0 0.3437501 0.4374999 0 0.3593751 0.4374999 0 0.3750001 0.4374999 0 0.3906251 0.4374999 0 0.4062501 0.4374999 0 0.4218751 0.4374999 0 0.4375001 0.4374999 0 0.4531251 0.4374999 0 0.4687501 0.4374999 0 0.4843751 0.4374999 0 0.5000001 0.4374999 0 0.5156251 0.4374999 0 0.5312501 0.4374999 0 0.5468751 0.4374999 0 0.5625001 0.4374999 0 0.5781251 0.4374999 0 0.5937501 0.4374999 0 0.6093751 0.4374999 0 0.6250002 0.4374999 0 0.6406251 0.4374999 0 0.6562501 0.4374999 0 0.6718751 0.4374999 0 0.6875 0.4374999 0 0.703125 0.4374999 0 0.7187499 0.4374999 0 0.7343749 0.4374999 0 0.7499999 0.4374999 0 0.7656249 0.4374999 0 0.7812498 0.4374999 0 0.7968748 0.4374999 0 0.8124998 0.4374999 0 0.8281248 0.4374999 0 0.8437497 0.4374999 0 0.8593746 0.4374999 0 0.8749996 0.4374999 0 0.8906246 0.4374999 0 0.9062496 0.4374999 0 0.9218745 0.4374999 0 0.9374995 0.4374999 0 0.9531245 0.4374999 0 0.9687495 0.4374999 0 0.9843744 0.4374999 0 0.9999994 0.4374999 0 0 0.4062499 0 0.015625 0.4062499 0 0.03125 0.4062499 0 0.046875 0.4062499 0 0.0625 0.4062499 0 0.078125 0.4062499 0 0.09375 0.4062499 0 0.109375 0.4062499 0 0.125 0.4062499 0 0.140625 0.4062499 0 0.15625 0.4062499 0 0.171875 0.4062499 0 0.1875 0.4062499 0 0.203125 0.4062499 0 0.21875 0.4062499 0 0.234375 0.4062499 0 0.25 0.4062499 0 0.265625 0.4062499 0 0.28125 0.4062499 0 0.296875 0.4062499 0 0.3125 0.4062499 0 0.328125 0.4062499 0 0.3437501 0.4062499 0 0.3593751 0.4062499 0 0.3750001 0.4062499 0 0.3906251 0.4062499 0 0.4062501 0.4062499 0 0.4218751 0.4062499 0 0.4375001 0.4062499 0 0.4531251 0.4062499 0 0.4687501 0.4062499 0 0.4843751 0.4062499 0 0.5000001 0.4062499 0 0.5156251 0.4062499 0 0.5312501 0.4062499 0 0.5468751 0.4062499 0 0.5625001 0.4062499 0 0.5781251 0.4062499 0 0.5937501 0.4062499 0 0.6093751 0.4062499 0 0.6250002 0.4062499 0 0.6406251 0.4062499 0 0.6562501 0.4062499 0 0.6718751 0.4062499 0 0.6875 0.4062499 0 0.703125 0.4062499 0 0.7187499 0.4062499 0 0.7343749 0.4062499 0 0.7499999 0.4062499 0 0.7656249 0.4062499 0 0.7812498 0.4062499 0 0.7968748 0.4062499 0 0.8124998 0.4062499 0 0.8281248 0.4062499 0 0.8437497 0.4062499 0 0.8593746 0.4062499 0 0.8749996 0.4062499 0 0.8906246 0.4062499 0 0.9062496 0.4062499 0 0.9218745 0.4062499 0 0.9374995 0.4062499 0 0.9531245 0.4062499 0 0.9687495 0.4062499 0 0.9843744 0.4062499 0 0.9999994 0.4062499 0 0 0.3749999 0 0.015625 0.3749999 0 0.03125 0.3749999 0 0.046875 0.3749999 0 0.0625 0.3749999 0 0.078125 0.3749999 0 0.09375 0.3749999 0 0.109375 0.3749999 0 0.125 0.3749999 0 0.140625 0.3749999 0 0.15625 0.3749999 0 0.171875 0.3749999 0 0.1875 0.3749999 0 0.203125 0.3749999 0 0.21875 0.3749999 0 0.234375 0.3749999 0 0.25 0.3749999 0 0.265625 0.3749999 0 0.28125 0.3749999 0 0.296875 0.3749999 0 0.3125 0.3749999 0 0.328125 0.3749999 0 0.3437501 0.3749999 0 0.3593751 0.3749999 0 0.3750001 0.3749999 0 0.3906251 0.3749999 0 0.4062501 0.3749999 0 0.4218751 0.3749999 0 0.4375001 0.3749999 0 0.4531251 0.3749999 0 0.4687501 0.3749999 0 0.4843751 0.3749999 0 0.5000001 0.3749999 0 0.5156251 0.3749999 0 0.5312501 0.3749999 0 0.5468751 0.3749999 0 0.5625001 0.3749999 0 0.5781251 0.3749999 0 0.5937501 0.3749999 0 0.6093751 0.3749999 0 0.6250002 0.3749999 0 0.6406251 0.3749999 0 0.6562501 0.3749999 0 0.6718751 0.3749999 0 0.6875 0.3749999 0 0.703125 0.3749999 0 0.7187499 0.3749999 0 0.7343749 0.3749999 0 0.7499999 0.3749999 0 0.7656249 0.3749999 0 0.7812498 0.3749999 0 0.7968748 0.3749999 0 0.8124998 0.3749999 0 0.8281248 0.3749999 0 0.8437497 0.3749999 0 0.8593746 0.3749999 0 0.8749996 0.3749999 0 0.8906246 0.3749999 0 0.9062496 0.3749999 0 0.9218745 0.3749999 0 0.9374995 0.3749999 0 0.9531245 0.3749999 0 0.9687495 0.3749999 0 0.9843744 0.3749999 0 0.9999994 0.3749999 0 0 0.3437499 0 0.015625 0.3437499 0 0.03125 0.3437499 0 0.046875 0.3437499 0 0.0625 0.3437499 0 0.078125 0.3437499 0 0.09375 0.3437499 0 0.109375 0.3437499 0 0.125 0.3437499 0 0.140625 0.3437499 0 0.15625 0.3437499 0 0.171875 0.3437499 0 0.1875 0.3437499 0 0.203125 0.3437499 0 0.21875 0.3437499 0 0.234375 0.3437499 0 0.25 0.3437499 0 0.265625 0.3437499 0 0.28125 0.3437499 0 0.296875 0.3437499 0 0.3125 0.3437499 0 0.328125 0.3437499 0 0.3437501 0.3437499 0 0.3593751 0.3437499 0 0.3750001 0.3437499 0 0.3906251 0.3437499 0 0.4062501 0.3437499 0 0.4218751 0.3437499 0 0.4375001 0.3437499 0 0.4531251 0.3437499 0 0.4687501 0.3437499 0 0.4843751 0.3437499 0 0.5000001 0.3437499 0 0.5156251 0.3437499 0 0.5312501 0.3437499 0 0.5468751 0.3437499 0 0.5625001 0.3437499 0 0.5781251 0.3437499 0 0.5937501 0.3437499 0 0.6093751 0.3437499 0 0.6250002 0.3437499 0 0.6406251 0.3437499 0 0.6562501 0.3437499 0 0.6718751 0.3437499 0 0.6875 0.3437499 0 0.703125 0.3437499 0 0.7187499 0.3437499 0 0.7343749 0.3437499 0 0.7499999 0.3437499 0 0.7656249 0.3437499 0 0.7812498 0.3437499 0 0.7968748 0.3437499 0 0.8124998 0.3437499 0 0.8281248 0.3437499 0 0.8437497 0.3437499 0 0.8593746 0.3437499 0 0.8749996 0.3437499 0 0.8906246 0.3437499 0 0.9062496 0.3437499 0 0.9218745 0.3437499 0 0.9374995 0.3437499 0 0.9531245 0.3437499 0 0.9687495 0.3437499 0 0.9843744 0.3437499 0 0.9999994 0.3437499 0 0 0.3124999 0 0.015625 0.3124999 0 0.03125 0.3124999 0 0.046875 0.3124999 0 0.0625 0.3124999 0 0.078125 0.3124999 0 0.09375 0.3124999 0 0.109375 0.3124999 0 0.125 0.3124999 0 0.140625 0.3124999 0 0.15625 0.3124999 0 0.171875 0.3124999 0 0.1875 0.3124999 0 0.203125 0.3124999 0 0.21875 0.3124999 0 0.234375 0.3124999 0 0.25 0.3124999 0 0.265625 0.3124999 0 0.28125 0.3124999 0 0.296875 0.3124999 0 0.3125 0.3124999 0 0.328125 0.3124999 0 0.3437501 0.3124999 0 0.3593751 0.3124999 0 0.3750001 0.3124999 0 0.3906251 0.3124999 0 0.4062501 0.3124999 0 0.4218751 0.3124999 0 0.4375001 0.3124999 0 0.4531251 0.3124999 0 0.4687501 0.3124999 0 0.4843751 0.3124999 0 0.5000001 0.3124999 0 0.5156251 0.3124999 0 0.5312501 0.3124999 0 0.5468751 0.3124999 0 0.5625001 0.3124999 0 0.5781251 0.3124999 0 0.5937501 0.3124999 0 0.6093751 0.3124999 0 0.6250002 0.3124999 0 0.6406251 0.3124999 0 0.6562501 0.3124999 0 0.6718751 0.3124999 0 0.6875 0.3124999 0 0.703125 0.3124999 0 0.7187499 0.3124999 0 0.7343749 0.3124999 0 0.7499999 0.3124999 0 0.7656249 0.3124999 0 0.7812498 0.3124999 0 0.7968748 0.3124999 0 0.8124998 0.3124999 0 0.8281248 0.3124999 0 0.8437497 0.3124999 0 0.8593746 0.3124999 0 0.8749996 0.3124999 0 0.8906246 0.3124999 0 0.9062496 0.3124999 0 0.9218745 0.3124999 0 0.9374995 0.3124999 0 0.9531245 0.3124999 0 0.9687495 0.3124999 0 0.9843744 0.3124999 0 0.9999994 0.3124999 0 0 0.2812499 0 0.015625 0.2812499 0 0.03125 0.2812499 0 0.046875 0.2812499 0 0.0625 0.2812499 0 0.078125 0.2812499 0 0.09375 0.2812499 0 0.109375 0.2812499 0 0.125 0.2812499 0 0.140625 0.2812499 0 0.15625 0.2812499 0 0.171875 0.2812499 0 0.1875 0.2812499 0 0.203125 0.2812499 0 0.21875 0.2812499 0 0.234375 0.2812499 0 0.25 0.2812499 0 0.265625 0.2812499 0 0.28125 0.2812499 0 0.296875 0.2812499 0 0.3125 0.2812499 0 0.328125 0.2812499 0 0.3437501 0.2812499 0 0.3593751 0.2812499 0 0.3750001 0.2812499 0 0.3906251 0.2812499 0 0.4062501 0.2812499 0 0.4218751 0.2812499 0 0.4375001 0.2812499 0 0.4531251 0.2812499 0 0.4687501 0.2812499 0 0.4843751 0.2812499 0 0.5000001 0.2812499 0 0.5156251 0.2812499 0 0.5312501 0.2812499 0 0.5468751 0.2812499 0 0.5625001 0.2812499 0 0.5781251 0.2812499 0 0.5937501 0.2812499 0 0.6093751 0.2812499 0 0.6250002 0.2812499 0 0.6406251 0.2812499 0 0.6562501 0.2812499 0 0.6718751 0.2812499 0 0.6875 0.2812499 0 0.703125 0.2812499 0 0.7187499 0.2812499 0 0.7343749 0.2812499 0 0.7499999 0.2812499 0 0.7656249 0.2812499 0 0.7812498 0.2812499 0 0.7968748 0.2812499 0 0.8124998 0.2812499 0 0.8281248 0.2812499 0 0.8437497 0.2812499 0 0.8593746 0.2812499 0 0.8749996 0.2812499 0 0.8906246 0.2812499 0 0.9062496 0.2812499 0 0.9218745 0.2812499 0 0.9374995 0.2812499 0 0.9531245 0.2812499 0 0.9687495 0.2812499 0 0.9843744 0.2812499 0 0.9999994 0.2812499 0 0 0.2499999 0 0.015625 0.2499999 0 0.03125 0.2499999 0 0.046875 0.2499999 0 0.0625 0.2499999 0 0.078125 0.2499999 0 0.09375 0.2499999 0 0.109375 0.2499999 0 0.125 0.2499999 0 0.140625 0.2499999 0 0.15625 0.2499999 0 0.171875 0.2499999 0 0.1875 0.2499999 0 0.203125 0.2499999 0 0.21875 0.2499999 0 0.234375 0.2499999 0 0.25 0.2499999 0 0.265625 0.2499999 0 0.28125 0.2499999 0 0.296875 0.2499999 0 0.3125 0.2499999 0 0.328125 0.2499999 0 0.3437501 0.2499999 0 0.3593751 0.2499999 0 0.3750001 0.2499999 0 0.3906251 0.2499999 0 0.4062501 0.2499999 0 0.4218751 0.2499999 0 0.4375001 0.2499999 0 0.4531251 0.2499999 0 0.4687501 0.2499999 0 0.4843751 0.2499999 0 0.5000001 0.2499999 0 0.5156251 0.2499999 0 0.5312501 0.2499999 0 0.5468751 0.2499999 0 0.5625001 0.2499999 0 0.5781251 0.2499999 0 0.5937501 0.2499999 0 0.6093751 0.2499999 0 0.6250002 0.2499999 0 0.6406251 0.2499999 0 0.6562501 0.2499999 0 0.6718751 0.2499999 0 0.6875 0.2499999 0 0.703125 0.2499999 0 0.7187499 0.2499999 0 0.7343749 0.2499999 0 0.7499999 0.2499999 0 0.7656249 0.2499999 0 0.7812498 0.2499999 0 0.7968748 0.2499999 0 0.8124998 0.2499999 0 0.8281248 0.2499999 0 0.8437497 0.2499999 0 0.8593746 0.2499999 0 0.8749996 0.2499999 0 0.8906246 0.2499999 0 0.9062496 0.2499999 0 0.9218745 0.2499999 0 0.9374995 0.2499999 0 0.9531245 0.2499999 0 0.9687495 0.2499999 0 0.9843744 0.2499999 0 0.9999994 0.2499999 0 0 0.2187499 0 0.015625 0.2187499 0 0.03125 0.2187499 0 0.046875 0.2187499 0 0.0625 0.2187499 0 0.078125 0.2187499 0 0.09375 0.2187499 0 0.109375 0.2187499 0 0.125 0.2187499 0 0.140625 0.2187499 0 0.15625 0.2187499 0 0.171875 0.2187499 0 0.1875 0.2187499 0 0.203125 0.2187499 0 0.21875 0.2187499 0 0.234375 0.2187499 0 0.25 0.2187499 0 0.265625 0.2187499 0 0.28125 0.2187499 0 0.296875 0.2187499 0 0.3125 0.2187499 0 0.328125 0.2187499 0 0.3437501 0.2187499 0 0.3593751 0.2187499 0 0.3750001 0.2187499 0 0.3906251 0.2187499 0 0.4062501 0.2187499 0 0.4218751 0.2187499 0 0.4375001 0.2187499 0 0.4531251 0.2187499 0 0.4687501 0.2187499 0 0.4843751 0.2187499 0 0.5000001 0.2187499 0 0.5156251 0.2187499 0 0.5312501 0.2187499 0 0.5468751 0.2187499 0 0.5625001 0.2187499 0 0.5781251 0.2187499 0 0.5937501 0.2187499 0 0.6093751 0.2187499 0 0.6250002 0.2187499 0 0.6406251 0.2187499 0 0.6562501 0.2187499 0 0.6718751 0.2187499 0 0.6875 0.2187499 0 0.703125 0.2187499 0 0.7187499 0.2187499 0 0.7343749 0.2187499 0 0.7499999 0.2187499 0 0.7656249 0.2187499 0 0.7812498 0.2187499 0 0.7968748 0.2187499 0 0.8124998 0.2187499 0 0.8281248 0.2187499 0 0.8437497 0.2187499 0 0.8593746 0.2187499 0 0.8749996 0.2187499 0 0.8906246 0.2187499 0 0.9062496 0.2187499 0 0.9218745 0.2187499 0 0.9374995 0.2187499 0 0.9531245 0.2187499 0 0.9687495 0.2187499 0 0.9843744 0.2187499 0 0.9999994 0.2187499 0 0 0.1874999 0 0.015625 0.1874999 0 0.03125 0.1874999 0 0.046875 0.1874999 0 0.0625 0.1874999 0 0.078125 0.1874999 0 0.09375 0.1874999 0 0.109375 0.1874999 0 0.125 0.1874999 0 0.140625 0.1874999 0 0.15625 0.1874999 0 0.171875 0.1874999 0 0.1875 0.1874999 0 0.203125 0.1874999 0 0.21875 0.1874999 0 0.234375 0.1874999 0 0.25 0.1874999 0 0.265625 0.1874999 0 0.28125 0.1874999 0 0.296875 0.1874999 0 0.3125 0.1874999 0 0.328125 0.1874999 0 0.3437501 0.1874999 0 0.3593751 0.1874999 0 0.3750001 0.1874999 0 0.3906251 0.1874999 0 0.4062501 0.1874999 0 0.4218751 0.1874999 0 0.4375001 0.1874999 0 0.4531251 0.1874999 0 0.4687501 0.1874999 0 0.4843751 0.1874999 0 0.5000001 0.1874999 0 0.5156251 0.1874999 0 0.5312501 0.1874999 0 0.5468751 0.1874999 0 0.5625001 0.1874999 0 0.5781251 0.1874999 0 0.5937501 0.1874999 0 0.6093751 0.1874999 0 0.6250002 0.1874999 0 0.6406251 0.1874999 0 0.6562501 0.1874999 0 0.6718751 0.1874999 0 0.6875 0.1874999 0 0.703125 0.1874999 0 0.7187499 0.1874999 0 0.7343749 0.1874999 0 0.7499999 0.1874999 0 0.7656249 0.1874999 0 0.7812498 0.1874999 0 0.7968748 0.1874999 0 0.8124998 0.1874999 0 0.8281248 0.1874999 0 0.8437497 0.1874999 0 0.8593746 0.1874999 0 0.8749996 0.1874999 0 0.8906246 0.1874999 0 0.9062496 0.1874999 0 0.9218745 0.1874999 0 0.9374995 0.1874999 0 0.9531245 0.1874999 0 0.9687495 0.1874999 0 0.9843744 0.1874999 0 0.9999994 0.1874999 0 0 0.1562498 0 0.015625 0.1562498 0 0.03125 0.1562498 0 0.046875 0.1562498 0 0.0625 0.1562498 0 0.078125 0.1562498 0 0.09375 0.1562498 0 0.109375 0.1562498 0 0.125 0.1562498 0 0.140625 0.1562498 0 0.15625 0.1562498 0 0.171875 0.1562498 0 0.1875 0.1562498 0 0.203125 0.1562498 0 0.21875 0.1562498 0 0.234375 0.1562498 0 0.25 0.1562498 0 0.265625 0.1562498 0 0.28125 0.1562498 0 0.296875 0.1562498 0 0.3125 0.1562498 0 0.328125 0.1562498 0 0.3437501 0.1562498 0 0.3593751 0.1562498 0 0.3750001 0.1562498 0 0.3906251 0.1562498 0 0.4062501 0.1562498 0 0.4218751 0.1562498 0 0.4375001 0.1562498 0 0.4531251 0.1562498 0 0.4687501 0.1562498 0 0.4843751 0.1562498 0 0.5000001 0.1562498 0 0.5156251 0.1562498 0 0.5312501 0.1562498 0 0.5468751 0.1562498 0 0.5625001 0.1562498 0 0.5781251 0.1562498 0 0.5937501 0.1562498 0 0.6093751 0.1562498 0 0.6250002 0.1562498 0 0.6406251 0.1562498 0 0.6562501 0.1562498 0 0.6718751 0.1562498 0 0.6875 0.1562498 0 0.703125 0.1562498 0 0.7187499 0.1562498 0 0.7343749 0.1562498 0 0.7499999 0.1562498 0 0.7656249 0.1562498 0 0.7812498 0.1562498 0 0.7968748 0.1562498 0 0.8124998 0.1562498 0 0.8281248 0.1562498 0 0.8437497 0.1562498 0 0.8593746 0.1562498 0 0.8749996 0.1562498 0 0.8906246 0.1562498 0 0.9062496 0.1562498 0 0.9218745 0.1562498 0 0.9374995 0.1562498 0 0.9531245 0.1562498 0 0.9687495 0.1562498 0 0.9843744 0.1562498 0 0.9999994 0.1562498 0 0 0.1249998 0 0.015625 0.1249998 0 0.03125 0.1249998 0 0.046875 0.1249998 0 0.0625 0.1249998 0 0.078125 0.1249998 0 0.09375 0.1249998 0 0.109375 0.1249998 0 0.125 0.1249998 0 0.140625 0.1249998 0 0.15625 0.1249998 0 0.171875 0.1249998 0 0.1875 0.1249998 0 0.203125 0.1249998 0 0.21875 0.1249998 0 0.234375 0.1249998 0 0.25 0.1249998 0 0.265625 0.1249998 0 0.28125 0.1249998 0 0.296875 0.1249998 0 0.3125 0.1249998 0 0.328125 0.1249998 0 0.3437501 0.1249998 0 0.3593751 0.1249998 0 0.3750001 0.1249998 0 0.3906251 0.1249998 0 0.4062501 0.1249998 0 0.4218751 0.1249998 0 0.4375001 0.1249998 0 0.4531251 0.1249998 0 0.4687501 0.1249998 0 0.4843751 0.1249998 0 0.5000001 0.1249998 0 0.5156251 0.1249998 0 0.5312501 0.1249998 0 0.5468751 0.1249998 0 0.5625001 0.1249998 0 0.5781251 0.1249998 0 0.5937501 0.1249998 0 0.6093751 0.1249998 0 0.6250002 0.1249998 0 0.6406251 0.1249998 0 0.6562501 0.1249998 0 0.6718751 0.1249998 0 0.6875 0.1249998 0 0.703125 0.1249998 0 0.7187499 0.1249998 0 0.7343749 0.1249998 0 0.7499999 0.1249998 0 0.7656249 0.1249998 0 0.7812498 0.1249998 0 0.7968748 0.1249998 0 0.8124998 0.1249998 0 0.8281248 0.1249998 0 0.8437497 0.1249998 0 0.8593746 0.1249998 0 0.8749996 0.1249998 0 0.8906246 0.1249998 0 0.9062496 0.1249998 0 0.9218745 0.1249998 0 0.9374995 0.1249998 0 0.9531245 0.1249998 0 0.9687495 0.1249998 0 0.9843744 0.1249998 0 0.9999994 0.1249998 0 0 0.09374982 0 0.015625 0.09374982 0 0.03125 0.09374982 0 0.046875 0.09374982 0 0.0625 0.09374982 0 0.078125 0.09374982 0 0.09375 0.09374982 0 0.109375 0.09374982 0 0.125 0.09374982 0 0.140625 0.09374982 0 0.15625 0.09374982 0 0.171875 0.09374982 0 0.1875 0.09374982 0 0.203125 0.09374982 0 0.21875 0.09374982 0 0.234375 0.09374982 0 0.25 0.09374982 0 0.265625 0.09374982 0 0.28125 0.09374982 0 0.296875 0.09374982 0 0.3125 0.09374982 0 0.328125 0.09374982 0 0.3437501 0.09374982 0 0.3593751 0.09374982 0 0.3750001 0.09374982 0 0.3906251 0.09374982 0 0.4062501 0.09374982 0 0.4218751 0.09374982 0 0.4375001 0.09374982 0 0.4531251 0.09374982 0 0.4687501 0.09374982 0 0.4843751 0.09374982 0 0.5000001 0.09374982 0 0.5156251 0.09374982 0 0.5312501 0.09374982 0 0.5468751 0.09374982 0 0.5625001 0.09374982 0 0.5781251 0.09374982 0 0.5937501 0.09374982 0 0.6093751 0.09374982 0 0.6250002 0.09374982 0 0.6406251 0.09374982 0 0.6562501 0.09374982 0 0.6718751 0.09374982 0 0.6875 0.09374982 0 0.703125 0.09374982 0 0.7187499 0.09374982 0 0.7343749 0.09374982 0 0.7499999 0.09374982 0 0.7656249 0.09374982 0 0.7812498 0.09374982 0 0.7968748 0.09374982 0 0.8124998 0.09374982 0 0.8281248 0.09374982 0 0.8437497 0.09374982 0 0.8593746 0.09374982 0 0.8749996 0.09374982 0 0.8906246 0.09374982 0 0.9062496 0.09374982 0 0.9218745 0.09374982 0 0.9374995 0.09374982 0 0.9531245 0.09374982 0 0.9687495 0.09374982 0 0.9843744 0.09374982 0 0.9999994 0.09374982 0 0 0.06249982 0 0.015625 0.06249982 0 0.03125 0.06249982 0 0.046875 0.06249982 0 0.0625 0.06249982 0 0.078125 0.06249982 0 0.09375 0.06249982 0 0.109375 0.06249982 0 0.125 0.06249982 0 0.140625 0.06249982 0 0.15625 0.06249982 0 0.171875 0.06249982 0 0.1875 0.06249982 0 0.203125 0.06249982 0 0.21875 0.06249982 0 0.234375 0.06249982 0 0.25 0.06249982 0 0.265625 0.06249982 0 0.28125 0.06249982 0 0.296875 0.06249982 0 0.3125 0.06249982 0 0.328125 0.06249982 0 0.3437501 0.06249982 0 0.3593751 0.06249982 0 0.3750001 0.06249982 0 0.3906251 0.06249982 0 0.4062501 0.06249982 0 0.4218751 0.06249982 0 0.4375001 0.06249982 0 0.4531251 0.06249982 0 0.4687501 0.06249982 0 0.4843751 0.06249982 0 0.5000001 0.06249982 0 0.5156251 0.06249982 0 0.5312501 0.06249982 0 0.5468751 0.06249982 0 0.5625001 0.06249982 0 0.5781251 0.06249982 0 0.5937501 0.06249982 0 0.6093751 0.06249982 0 0.6250002 0.06249982 0 0.6406251 0.06249982 0 0.6562501 0.06249982 0 0.6718751 0.06249982 0 0.6875 0.06249982 0 0.703125 0.06249982 0 0.7187499 0.06249982 0 0.7343749 0.06249982 0 0.7499999 0.06249982 0 0.7656249 0.06249982 0 0.7812498 0.06249982 0 0.7968748 0.06249982 0 0.8124998 0.06249982 0 0.8281248 0.06249982 0 0.8437497 0.06249982 0 0.8593746 0.06249982 0 0.8749996 0.06249982 0 0.8906246 0.06249982 0 0.9062496 0.06249982 0 0.9218745 0.06249982 0 0.9374995 0.06249982 0 0.9531245 0.06249982 0 0.9687495 0.06249982 0 0.9843744 0.06249982 0 0.9999994 0.06249982 0 0 0.03124982 0 0.015625 0.03124982 0 0.03125 0.03124982 0 0.046875 0.03124982 0 0.0625 0.03124982 0 0.078125 0.03124982 0 0.09375 0.03124982 0 0.109375 0.03124982 0 0.125 0.03124982 0 0.140625 0.03124982 0 0.15625 0.03124982 0 0.171875 0.03124982 0 0.1875 0.03124982 0 0.203125 0.03124982 0 0.21875 0.03124982 0 0.234375 0.03124982 0 0.25 0.03124982 0 0.265625 0.03124982 0 0.28125 0.03124982 0 0.296875 0.03124982 0 0.3125 0.03124982 0 0.328125 0.03124982 0 0.3437501 0.03124982 0 0.3593751 0.03124982 0 0.3750001 0.03124982 0 0.3906251 0.03124982 0 0.4062501 0.03124982 0 0.4218751 0.03124982 0 0.4375001 0.03124982 0 0.4531251 0.03124982 0 0.4687501 0.03124982 0 0.4843751 0.03124982 0 0.5000001 0.03124982 0 0.5156251 0.03124982 0 0.5312501 0.03124982 0 0.5468751 0.03124982 0 0.5625001 0.03124982 0 0.5781251 0.03124982 0 0.5937501 0.03124982 0 0.6093751 0.03124982 0 0.6250002 0.03124982 0 0.6406251 0.03124982 0 0.6562501 0.03124982 0 0.6718751 0.03124982 0 0.6875 0.03124982 0 0.703125 0.03124982 0 0.7187499 0.03124982 0 0.7343749 0.03124982 0 0.7499999 0.03124982 0 0.7656249 0.03124982 0 0.7812498 0.03124982 0 0.7968748 0.03124982 0 0.8124998 0.03124982 0 0.8281248 0.03124982 0 0.8437497 0.03124982 0 0.8593746 0.03124982 0 0.8749996 0.03124982 0 0.8906246 0.03124982 0 0.9062496 0.03124982 0 0.9218745 0.03124982 0 0.9374995 0.03124982 0 0.9531245 0.03124982 0 0.9687495 0.03124982 0 0.9843744 0.03124982 0 0.9999994 0.03124982 0 0 -2.38419e-7 0 0.015625 -2.38419e-7 0 0.03125 -2.38419e-7 0 0.046875 -2.38419e-7 0 0.0625 -2.38419e-7 0 0.078125 -2.38419e-7 0 0.09375 -2.38419e-7 0 0.109375 -2.38419e-7 0 0.125 -2.38419e-7 0 0.140625 -2.38419e-7 0 0.15625 -2.38419e-7 0 0.171875 -2.38419e-7 0 0.1875 -2.38419e-7 0 0.203125 -2.38419e-7 0 0.21875 -2.38419e-7 0 0.234375 -2.38419e-7 0 0.25 -2.38419e-7 0 0.265625 -2.38419e-7 0 0.28125 -2.38419e-7 0 0.296875 -2.38419e-7 0 0.3125 -2.38419e-7 0 0.328125 -2.38419e-7 0 0.3437501 -2.38419e-7 0 0.3593751 -2.38419e-7 0 0.3750001 -2.38419e-7 0 0.3906251 -2.38419e-7 0 0.4062501 -2.38419e-7 0 0.4218751 -2.38419e-7 0 0.4375001 -2.38419e-7 0 0.4531251 -2.38419e-7 0 0.4687501 -2.38419e-7 0 0.4843751 -2.38419e-7 0 0.5000001 -2.38419e-7 0 0.5156251 -2.38419e-7 0 0.5312501 -2.38419e-7 0 0.5468751 -2.38419e-7 0 0.5625001 -2.38419e-7 0 0.5781251 -2.38419e-7 0 0.5937501 -2.38419e-7 0 0.6093751 -2.38419e-7 0 0.6250002 -2.38419e-7 0 0.6406251 -2.38419e-7 0 0.6562501 -2.38419e-7 0 0.6718751 -2.38419e-7 0 0.6875 -2.38419e-7 0 0.703125 -2.38419e-7 0 0.7187499 -2.38419e-7 0 0.7343749 -2.38419e-7 0 0.7499999 -2.38419e-7 0 0.7656249 -2.38419e-7 0 0.7812498 -2.38419e-7 0 0.7968748 -2.38419e-7 0 0.8124998 -2.38419e-7 0 0.8281248 -2.38419e-7 0 0.8437497 -2.38419e-7 0 0.8593746 -2.38419e-7 0 0.8749996 -2.38419e-7 0 0.8906246 -2.38419e-7 0 0.9062496 -2.38419e-7 0 0.9218745 -2.38419e-7 0 0.9374995 -2.38419e-7 0 0.9531245 -2.38419e-7 0 0.9687495 -2.38419e-7 0 0.9843744 -2.38419e-7 0 0.9999994 -2.38419e-7 0</float_array>
          <technique_common>
            <accessor source="#geom-Sphere002-map1-array" count="2145" stride="3">
              <param name="S" type="float"/>
              <param name="T" type="float"/>
              <param name="P" type="float"/>
            </accessor>
          </technique_common>
        </source>
        <vertices id="geom-Sphere002-vertices">
          <input semantic="POSITION" source="#geom-Sphere002-positions"/>
        </vertices>
        <triangles material="floor_back_ceiling__72" count="3968">
          <input semantic="VERTEX" source="#geom-Sphere002-vertices" offset="0"/>
          <input semantic="NORMAL" source="#geom-Sphere002-normals" offset="1"/>
          <input semantic="TEXCOORD" source="#geom-Sphere002-map1" offset="2" set="0"/>
          <p>0 0 0 1 1 65 2 2 66 0 0 1 2 2 66 3 3 67 0 0 2 3 3 67 4 4 68 0 0 3 4 4 68 5 5 69 0 0 4 5 5 69 6 6 70 0 0 5 6 6 70 7 7 71 0 0 6 7 7 71 8 8 72 0 0 7 8 8 72 9 9 73 0 0 8 9 9 73 10 10 74 0 0 9 10 10 74 11 11 75 0 0 10 11 11 75 12 12 76 0 0 11 12 12 76 13 13 77 0 0 12 13 13 77 14 14 78 0 0 13 14 14 78 15 15 79 0 0 14 15 15 79 16 16 80 0 0 15 16 16 80 17 17 81 0 0 16 17 17 81 18 18 82 0 0 17 18 18 82 19 19 83 0 0 18 19 19 83 20 20 84 0 0 19 20 20 84 21 21 85 0 0 20 21 21 85 22 22 86 0 0 21 22 22 86 23 23 87 0 0 22 23 23 87 24 24 88 0 0 23 24 24 88 25 25 89 0 0 24 25 25 89 26 26 90 0 0 25 26 26 90 27 27 91 0 0 26 27 27 91 28 28 92 0 0 27 28 28 92 29 29 93 0 0 28 29 29 93 30 30 94 0 0 29 30 30 94 31 31 95 0 0 30 31 31 95 32 32 96 0 0 31 32 32 96 33 33 97 0 0 32 33 33 97 34 34 98 0 0 33 34 34 98 35 35 99 0 0 34 35 35 99 36 36 100 0 0 35 36 36 100 37 37 101 0 0 36 37 37 101 38 38 102 0 0 37 38 38 102 39 39 103 0 0 38 39 39 103 40 40 104 0 0 39 40 40 104 41 41 105 0 0 40 41 41 105 42 42 106 0 0 41 42 42 106 43 43 107 0 0 42 43 43 107 44 44 108 0 0 43 44 44 108 45 45 109 0 0 44 45 45 109 46 46 110 0 0 45 46 46 110 47 47 111 0 0 46 47 47 111 48 48 112 0 0 47 48 48 112 49 49 113 0 0 48 49 49 113 50 50 114 0 0 49 50 50 114 51 51 115 0 0 50 51 51 115 52 52 116 0 0 51 52 52 116 53 53 117 0 0 52 53 53 117 54 54 118 0 0 53 54 54 118 55 55 119 0 0 54 55 55 119 56 56 120 0 0 55 56 56 120 57 57 121 0 0 56 57 57 121 58 58 122 0 0 57 58 58 122 59 59 123 0 0 58 59 59 123 60 60 124 0 0 59 60 60 124 61 61 125 0 0 60 61 61 125 62 62 126 0 0 61 62 62 126 63 63 127 0 0 62 63 63 127 64 64 128 0 0 63 64 64 128 1 1 129 1 1 65 65 65 130 66 66 131 1 1 65 66 66 131 2 2 66 2 2 66 66 66 131 67 67 132 2 2 66 67 67 132 3 3 67 3 3 67 67 67 132 68 68 133 3 3 67 68 68 133 4 4 68 4 4 68 68 68 133 69 69 134 4 4 68 69 69 134 5 5 69 5 5 69 69 69 134 70 70 135 5 5 69 70 70 135 6 6 70 6 6 70 70 70 135 71 71 136 6 6 70 71 71 136 7 7 71 7 7 71 71 71 136 72 72 137 7 7 71 72 72 137 8 8 72 8 8 72 72 72 137 73 73 138 8 8 72 73 73 138 9 9 73 9 9 73 73 73 138 74 74 139 9 9 73 74 74 139 10 10 74 10 10 74 74 74 139 75 75 140 10 10 74 75 75 140 11 11 75 11 11 75 75 75 140 76 76 141 11 11 75 76 76 141 12 12 76 12 12 76 76 76 141 77 77 142 12 12 76 77 77 142 13 13 77 13 13 77 77 77 142 78 78 143 13 13 77 78 78 143 14 14 78 14 14 78 78 78 143 79 79 144 14 14 78 79 79 144 15 15 79 15 15 79 79 79 144 80 80 145 15 15 79 80 80 145 16 16 80 16 16 80 80 80 145 81 81 146 16 16 80 81 81 146 17 17 81 17 17 81 81 81 146 82 82 147 17 17 81 82 82 147 18 18 82 18 18 82 82 82 147 83 83 148 18 18 82 83 83 148 19 19 83 19 19 83 83 83 148 84 84 149 19 19 83 84 84 149 20 20 84 20 20 84 84 84 149 85 85 150 20 20 84 85 85 150 21 21 85 21 21 85 85 85 150 86 86 151 21 21 85 86 86 151 22 22 86 22 22 86 86 86 151 87 87 152 22 22 86 87 87 152 23 23 87 23 23 87 87 87 152 88 88 153 23 23 87 88 88 153 24 24 88 24 24 88 88 88 153 89 89 154 24 24 88 89 89 154 25 25 89 25 25 89 89 89 154 90 90 155 25 25 89 90 90 155 26 26 90 26 26 90 90 90 155 91 91 156 26 26 90 91 91 156 27 27 91 27 27 91 91 91 156 92 92 157 27 27 91 92 92 157 28 28 92 28 28 92 92 92 157 93 93 158 28 28 92 93 93 158 29 29 93 29 29 93 93 93 158 94 94 159 29 29 93 94 94 159 30 30 94 30 30 94 94 94 159 95 95 160 30 30 94 95 95 160 31 31 95 31 31 95 95 95 160 96 96 161 31 31 95 96 96 161 32 32 96 32 32 96 96 96 161 97 97 162 32 32 96 97 97 162 33 33 97 33 33 97 97 97 162 98 98 163 33 33 97 98 98 163 34 34 98 34 34 98 98 98 163 99 99 164 34 34 98 99 99 164 35 35 99 35 35 99 99 99 164 100 100 165 35 35 99 100 100 165 36 36 100 36 36 100 100 100 165 101 101 166 36 36 100 101 101 166 37 37 101 37 37 101 101 101 166 102 102 167 37 37 101 102 102 167 38 38 102 38 38 102 102 102 167 103 103 168 38 38 102 103 103 168 39 39 103 39 39 103 103 103 168 104 104 169 39 39 103 104 104 169 40 40 104 40 40 104 104 104 169 105 105 170 40 40 104 105 105 170 41 41 105 41 41 105 105 105 170 106 106 171 41 41 105 106 106 171 42 42 106 42 42 106 106 106 171 107 107 172 42 42 106 107 107 172 43 43 107 43 43 107 107 107 172 108 108 173 43 43 107 108 108 173 44 44 108 44 44 108 108 108 173 109 109 174 44 44 108 109 109 174 45 45 109 45 45 109 109 109 174 110 110 175 45 45 109 110 110 175 46 46 110 46 46 110 110 110 175 111 111 176 46 46 110 111 111 176 47 47 111 47 47 111 111 111 176 112 112 177 47 47 111 112 112 177 48 48 112 48 48 112 112 112 177 113 113 178 48 48 112 113 113 178 49 49 113 49 49 113 113 113 178 114 114 179 49 49 113 114 114 179 50 50 114 50 50 114 114 114 179 115 115 180 50 50 114 115 115 180 51 51 115 51 51 115 115 115 180 116 116 181 51 51 115 116 116 181 52 52 116 52 52 116 116 116 181 117 117 182 52 52 116 117 117 182 53 53 117 53 53 117 117 117 182 118 118 183 53 53 117 118 118 183 54 54 118 54 54 118 118 118 183 119 119 184 54 54 118 119 119 184 55 55 119 55 55 119 119 119 184 120 120 185 55 55 119 120 120 185 56 56 120 56 56 120 120 120 185 121 121 186 56 56 120 121 121 186 57 57 121 57 57 121 121 121 186 122 122 187 57 57 121 122 122 187 58 58 122 58 58 122 122 122 187 123 123 188 58 58 122 123 123 188 59 59 123 59 59 123 123 123 188 124 124 189 59 59 123 124 124 189 60 60 124 60 60 124 124 124 189 125 125 190 60 60 124 125 125 190 61 61 125 61 61 125 125 125 190 126 126 191 61 61 125 126 126 191 62 62 126 62 62 126 126 126 191 127 127 192 62 62 126 127 127 192 63 63 127 63 63 127 127 127 192 128 128 193 63 63 127 128 128 193 64 64 128 64 64 128 128 128 193 65 65 194 64 64 128 65 65 194 1 1 129 65 65 130 129 129 195 130 130 196 65 65 130 130 130 196 66 66 131 66 66 131 130 130 196 131 131 197 66 66 131 131 131 197 67 67 132 67 67 132 131 131 197 132 132 198 67 67 132 132 132 198 68 68 133 68 68 133 132 132 198 133 133 199 68 68 133 133 133 199 69 69 134 69 69 134 133 133 199 134 134 200 69 69 134 134 134 200 70 70 135 70 70 135 134 134 200 135 135 201 70 70 135 135 135 201 71 71 136 71 71 136 135 135 201 136 136 202 71 71 136 136 136 202 72 72 137 72 72 137 136 136 202 137 137 203 72 72 137 137 137 203 73 73 138 73 73 138 137 137 203 138 138 204 73 73 138 138 138 204 74 74 139 74 74 139 138 138 204 139 139 205 74 74 139 139 139 205 75 75 140 75 75 140 139 139 205 140 140 206 75 75 140 140 140 206 76 76 141 76 76 141 140 140 206 141 141 207 76 76 141 141 141 207 77 77 142 77 77 142 141 141 207 142 142 208 77 77 142 142 142 208 78 78 143 78 78 143 142 142 208 143 143 209 78 78 143 143 143 209 79 79 144 79 79 144 143 143 209 144 144 210 79 79 144 144 144 210 80 80 145 80 80 145 144 144 210 145 145 211 80 80 145 145 145 211 81 81 146 81 81 146 145 145 211 146 146 212 81 81 146 146 146 212 82 82 147 82 82 147 146 146 212 147 147 213 82 82 147 147 147 213 83 83 148 83 83 148 147 147 213 148 148 214 83 83 148 148 148 214 84 84 149 84 84 149 148 148 214 149 149 215 84 84 149 149 149 215 85 85 150 85 85 150 149 149 215 150 150 216 85 85 150 150 150 216 86 86 151 86 86 151 150 150 216 151 151 217 86 86 151 151 151 217 87 87 152 87 87 152 151 151 217 152 152 218 87 87 152 152 152 218 88 88 153 88 88 153 152 152 218 153 153 219 88 88 153 153 153 219 89 89 154 89 89 154 153 153 219 154 154 220 89 89 154 154 154 220 90 90 155 90 90 155 154 154 220 155 155 221 90 90 155 155 155 221 91 91 156 91 91 156 155 155 221 156 156 222 91 91 156 156 156 222 92 92 157 92 92 157 156 156 222 157 157 223 92 92 157 157 157 223 93 93 158 93 93 158 157 157 223 158 158 224 93 93 158 158 158 224 94 94 159 94 94 159 158 158 224 159 159 225 94 94 159 159 159 225 95 95 160 95 95 160 159 159 225 160 160 226 95 95 160 160 160 226 96 96 161 96 96 161 160 160 226 161 161 227 96 96 161 161 161 227 97 97 162 97 97 162 161 161 227 162 162 228 97 97 162 162 162 228 98 98 163 98 98 163 162 162 228 163 163 229 98 98 163 163 163 229 99 99 164 99 99 164 163 163 229 164 164 230 99 99 164 164 164 230 100 100 165 100 100 165 164 164 230 165 165 231 100 100 165 165 165 231 101 101 166 101 101 166 165 165 231 166 166 232 101 101 166 166 166 232 102 102 167 102 102 167 166 166 232 167 167 233 102 102 167 167 167 233 103 103 168 103 103 168 167 167 233 168 168 234 103 103 168 168 168 234 104 104 169 104 104 169 168 168 234 169 169 235 104 104 169 169 169 235 105 105 170 105 105 170 169 169 235 170 170 236 105 105 170 170 170 236 106 106 171 106 106 171 170 170 236 171 171 237 106 106 171 171 171 237 107 107 172 107 107 172 171 171 237 172 172 238 107 107 172 172 172 238 108 108 173 108 108 173 172 172 238 173 173 239 108 108 173 173 173 239 109 109 174 109 109 174 173 173 239 174 174 240 109 109 174 174 174 240 110 110 175 110 110 175 174 174 240 175 175 241 110 110 175 175 175 241 111 111 176 111 111 176 175 175 241 176 176 242 111 111 176 176 176 242 112 112 177 112 112 177 176 176 242 177 177 243 112 112 177 177 177 243 113 113 178 113 113 178 177 177 243 178 178 244 113 113 178 178 178 244 114 114 179 114 114 179 178 178 244 179 179 245 114 114 179 179 179 245 115 115 180 115 115 180 179 179 245 180 180 246 115 115 180 180 180 246 116 116 181 116 116 181 180 180 246 181 181 247 116 116 181 181 181 247 117 117 182 117 117 182 181 181 247 182 182 248 117 117 182 182 182 248 118 118 183 118 118 183 182 182 248 183 183 249 118 118 183 183 183 249 119 119 184 119 119 184 183 183 249 184 184 250 119 119 184 184 184 250 120 120 185 120 120 185 184 184 250 185 185 251 120 120 185 185 185 251 121 121 186 121 121 186 185 185 251 186 186 252 121 121 186 186 186 252 122 122 187 122 122 187 186 186 252 187 187 253 122 122 187 187 187 253 123 123 188 123 123 188 187 187 253 188 188 254 123 123 188 188 188 254 124 124 189 124 124 189 188 188 254 189 189 255 124 124 189 189 189 255 125 125 190 125 125 190 189 189 255 190 190 256 125 125 190 190 190 256 126 126 191 126 126 191 190 190 256 191 191 257 126 126 191 191 191 257 127 127 192 127 127 192 191 191 257 192 192 258 127 127 192 192 192 258 128 128 193 128 128 193 192 192 258 129 129 259 128 128 193 129 129 259 65 65 194 129 129 195 193 193 260 194 194 261 129 129 195 194 194 261 130 130 196 130 130 196 194 194 261 195 195 262 130 130 196 195 195 262 131 131 197 131 131 197 195 195 262 196 196 263 131 131 197 196 196 263 132 132 198 132 132 198 196 196 263 197 197 264 132 132 198 197 197 264 133 133 199 133 133 199 197 197 264 198 198 265 133 133 199 198 198 265 134 134 200 134 134 200 198 198 265 199 199 266 134 134 200 199 199 266 135 135 201 135 135 201 199 199 266 200 200 267 135 135 201 200 200 267 136 136 202 136 136 202 200 200 267 201 201 268 136 136 202 201 201 268 137 137 203 137 137 203 201 201 268 202 202 269 137 137 203 202 202 269 138 138 204 138 138 204 202 202 269 203 203 270 138 138 204 203 203 270 139 139 205 139 139 205 203 203 270 204 204 271 139 139 205 204 204 271 140 140 206 140 140 206 204 204 271 205 205 272 140 140 206 205 205 272 141 141 207 141 141 207 205 205 272 206 206 273 141 141 207 206 206 273 142 142 208 142 142 208 206 206 273 207 207 274 142 142 208 207 207 274 143 143 209 143 143 209 207 207 274 208 208 275 143 143 209 208 208 275 144 144 210 144 144 210 208 208 275 209 209 276 144 144 210 209 209 276 145 145 211 145 145 211 209 209 276 210 210 277 145 145 211 210 210 277 146 146 212 146 146 212 210 210 277 211 211 278 146 146 212 211 211 278 147 147 213 147 147 213 211 211 278 212 212 279 147 147 213 212 212 279 148 148 214 148 148 214 212 212 279 213 213 280 148 148 214 213 213 280 149 149 215 149 149 215 213 213 280 214 214 281 149 149 215 214 214 281 150 150 216 150 150 216 214 214 281 215 215 282 150 150 216 215 215 282 151 151 217 151 151 217 215 215 282 216 216 283 151 151 217 216 216 283 152 152 218 152 152 218 216 216 283 217 217 284 152 152 218 217 217 284 153 153 219 153 153 219 217 217 284 218 218 285 153 153 219 218 218 285 154 154 220 154 154 220 218 218 285 219 219 286 154 154 220 219 219 286 155 155 221 155 155 221 219 219 286 220 220 287 155 155 221 220 220 287 156 156 222 156 156 222 220 220 287 221 221 288 156 156 222 221 221 288 157 157 223 157 157 223 221 221 288 222 222 289 157 157 223 222 222 289 158 158 224 158 158 224 222 222 289 223 223 290 158 158 224 223 223 290 159 159 225 159 159 225 223 223 290 224 224 291 159 159 225 224 224 291 160 160 226 160 160 226 224 224 291 225 225 292 160 160 226 225 225 292 161 161 227 161 161 227 225 225 292 226 226 293 161 161 227 226 226 293 162 162 228 162 162 228 226 226 293 227 227 294 162 162 228 227 227 294 163 163 229 163 163 229 227 227 294 228 228 295 163 163 229 228 228 295 164 164 230 164 164 230 228 228 295 229 229 296 164 164 230 229 229 296 165 165 231 165 165 231 229 229 296 230 230 297 165 165 231 230 230 297 166 166 232 166 166 232 230 230 297 231 231 298 166 166 232 231 231 298 167 167 233 167 167 233 231 231 298 232 232 299 167 167 233 232 232 299 168 168 234 168 168 234 232 232 299 233 233 300 168 168 234 233 233 300 169 169 235 169 169 235 233 233 300 234 234 301 169 169 235 234 234 301 170 170 236 170 170 236 234 234 301 235 235 302 170 170 236 235 235 302 171 171 237 171 171 237 235 235 302 236 236 303 171 171 237 236 236 303 172 172 238 172 172 238 236 236 303 237 237 304 172 172 238 237 237 304 173 173 239 173 173 239 237 237 304 238 238 305 173 173 239 238 238 305 174 174 240 174 174 240 238 238 305 239 239 306 174 174 240 239 239 306 175 175 241 175 175 241 239 239 306 240 240 307 175 175 241 240 240 307 176 176 242 176 176 242 240 240 307 241 241 308 176 176 242 241 241 308 177 177 243 177 177 243 241 241 308 242 242 309 177 177 243 242 242 309 178 178 244 178 178 244 242 242 309 243 243 310 178 178 244 243 243 310 179 179 245 179 179 245 243 243 310 244 244 311 179 179 245 244 244 311 180 180 246 180 180 246 244 244 311 245 245 312 180 180 246 245 245 312 181 181 247 181 181 247 245 245 312 246 246 313 181 181 247 246 246 313 182 182 248 182 182 248 246 246 313 247 247 314 182 182 248 247 247 314 183 183 249 183 183 249 247 247 314 248 248 315 183 183 249 248 248 315 184 184 250 184 184 250 248 248 315 249 249 316 184 184 250 249 249 316 185 185 251 185 185 251 249 249 316 250 250 317 185 185 251 250 250 317 186 186 252 186 186 252 250 250 317 251 251 318 186 186 252 251 251 318 187 187 253 187 187 253 251 251 318 252 252 319 187 187 253 252 252 319 188 188 254 188 188 254 252 252 319 253 253 320 188 188 254 253 253 320 189 189 255 189 189 255 253 253 320 254 254 321 189 189 255 254 254 321 190 190 256 190 190 256 254 254 321 255 255 322 190 190 256 255 255 322 191 191 257 191 191 257 255 255 322 256 256 323 191 191 257 256 256 323 192 192 258 192 192 258 256 256 323 193 193 324 192 192 258 193 193 324 129 129 259 193 193 260 257 257 325 258 258 326 193 193 260 258 258 326 194 194 261 194 194 261 258 258 326 259 259 327 194 194 261 259 259 327 195 195 262 195 195 262 259 259 327 260 260 328 195 195 262 260 260 328 196 196 263 196 196 263 260 260 328 261 261 329 196 196 263 261 261 329 197 197 264 197 197 264 261 261 329 262 262 330 197 197 264 262 262 330 198 198 265 198 198 265 262 262 330 263 263 331 198 198 265 263 263 331 199 199 266 199 199 266 263 263 331 264 264 332 199 199 266 264 264 332 200 200 267 200 200 267 264 264 332 265 265 333 200 200 267 265 265 333 201 201 268 201 201 268 265 265 333 266 266 334 201 201 268 266 266 334 202 202 269 202 202 269 266 266 334 267 267 335 202 202 269 267 267 335 203 203 270 203 203 270 267 267 335 268 268 336 203 203 270 268 268 336 204 204 271 204 204 271 268 268 336 269 269 337 204 204 271 269 269 337 205 205 272 205 205 272 269 269 337 270 270 338 205 205 272 270 270 338 206 206 273 206 206 273 270 270 338 271 271 339 206 206 273 271 271 339 207 207 274 207 207 274 271 271 339 272 272 340 207 207 274 272 272 340 208 208 275 208 208 275 272 272 340 273 273 341 208 208 275 273 273 341 209 209 276 209 209 276 273 273 341 274 274 342 209 209 276 274 274 342 210 210 277 210 210 277 274 274 342 275 275 343 210 210 277 275 275 343 211 211 278 211 211 278 275 275 343 276 276 344 211 211 278 276 276 344 212 212 279 212 212 279 276 276 344 277 277 345 212 212 279 277 277 345 213 213 280 213 213 280 277 277 345 278 278 346 213 213 280 278 278 346 214 214 281 214 214 281 278 278 346 279 279 347 214 214 281 279 279 347 215 215 282 215 215 282 279 279 347 280 280 348 215 215 282 280 280 348 216 216 283 216 216 283 280 280 348 281 281 349 216 216 283 281 281 349 217 217 284 217 217 284 281 281 349 282 282 350 217 217 284 282 282 350 218 218 285 218 218 285 282 282 350 283 283 351 218 218 285 283 283 351 219 219 286 219 219 286 283 283 351 284 284 352 219 219 286 284 284 352 220 220 287 220 220 287 284 284 352 285 285 353 220 220 287 285 285 353 221 221 288 221 221 288 285 285 353 286 286 354 221 221 288 286 286 354 222 222 289 222 222 289 286 286 354 287 287 355 222 222 289 287 287 355 223 223 290 223 223 290 287 287 355 288 288 356 223 223 290 288 288 356 224 224 291 224 224 291 288 288 356 289 289 357 224 224 291 289 289 357 225 225 292 225 225 292 289 289 357 290 290 358 225 225 292 290 290 358 226 226 293 226 226 293 290 290 358 291 291 359 226 226 293 291 291 359 227 227 294 227 227 294 291 291 359 292 292 360 227 227 294 292 292 360 228 228 295 228 228 295 292 292 360 293 293 361 228 228 295 293 293 361 229 229 296 229 229 296 293 293 361 294 294 362 229 229 296 294 294 362 230 230 297 230 230 297 294 294 362 295 295 363 230 230 297 295 295 363 231 231 298 231 231 298 295 295 363 296 296 364 231 231 298 296 296 364 232 232 299 232 232 299 296 296 364 297 297 365 232 232 299 297 297 365 233 233 300 233 233 300 297 297 365 298 298 366 233 233 300 298 298 366 234 234 301 234 234 301 298 298 366 299 299 367 234 234 301 299 299 367 235 235 302 235 235 302 299 299 367 300 300 368 235 235 302 300 300 368 236 236 303 236 236 303 300 300 368 301 301 369 236 236 303 301 301 369 237 237 304 237 237 304 301 301 369 302 302 370 237 237 304 302 302 370 238 238 305 238 238 305 302 302 370 303 303 371 238 238 305 303 303 371 239 239 306 239 239 306 303 303 371 304 304 372 239 239 306 304 304 372 240 240 307 240 240 307 304 304 372 305 305 373 240 240 307 305 305 373 241 241 308 241 241 308 305 305 373 306 306 374 241 241 308 306 306 374 242 242 309 242 242 309 306 306 374 307 307 375 242 242 309 307 307 375 243 243 310 243 243 310 307 307 375 308 308 376 243 243 310 308 308 376 244 244 311 244 244 311 308 308 376 309 309 377 244 244 311 309 309 377 245 245 312 245 245 312 309 309 377 310 310 378 245 245 312 310 310 378 246 246 313 246 246 313 310 310 378 311 311 379 246 246 313 311 311 379 247 247 314 247 247 314 311 311 379 312 312 380 247 247 314 312 312 380 248 248 315 248 248 315 312 312 380 313 313 381 248 248 315 313 313 381 249 249 316 249 249 316 313 313 381 314 314 382 249 249 316 314 314 382 250 250 317 250 250 317 314 314 382 315 315 383 250 250 317 315 315 383 251 251 318 251 251 318 315 315 383 316 316 384 251 251 318 316 316 384 252 252 319 252 252 319 316 316 384 317 317 385 252 252 319 317 317 385 253 253 320 253 253 320 317 317 385 318 318 386 253 253 320 318 318 386 254 254 321 254 254 321 318 318 386 319 319 387 254 254 321 319 319 387 255 255 322 255 255 322 319 319 387 320 320 388 255 255 322 320 320 388 256 256 323 256 256 323 320 320 388 257 257 389 256 256 323 257 257 389 193 193 324 257 257 325 321 321 390 322 322 391 257 257 325 322 322 391 258 258 326 258 258 326 322 322 391 323 323 392 258 258 326 323 323 392 259 259 327 259 259 327 323 323 392 324 324 393 259 259 327 324 324 393 260 260 328 260 260 328 324 324 393 325 325 394 260 260 328 325 325 394 261 261 329 261 261 329 325 325 394 326 326 395 261 261 329 326 326 395 262 262 330 262 262 330 326 326 395 327 327 396 262 262 330 327 327 396 263 263 331 263 263 331 327 327 396 328 328 397 263 263 331 328 328 397 264 264 332 264 264 332 328 328 397 329 329 398 264 264 332 329 329 398 265 265 333 265 265 333 329 329 398 330 330 399 265 265 333 330 330 399 266 266 334 266 266 334 330 330 399 331 331 400 266 266 334 331 331 400 267 267 335 267 267 335 331 331 400 332 332 401 267 267 335 332 332 401 268 268 336 268 268 336 332 332 401 333 333 402 268 268 336 333 333 402 269 269 337 269 269 337 333 333 402 334 334 403 269 269 337 334 334 403 270 270 338 270 270 338 334 334 403 335 335 404 270 270 338 335 335 404 271 271 339 271 271 339 335 335 404 336 336 405 271 271 339 336 336 405 272 272 340 272 272 340 336 336 405 337 337 406 272 272 340 337 337 406 273 273 341 273 273 341 337 337 406 338 338 407 273 273 341 338 338 407 274 274 342 274 274 342 338 338 407 339 339 408 274 274 342 339 339 408 275 275 343 275 275 343 339 339 408 340 340 409 275 275 343 340 340 409 276 276 344 276 276 344 340 340 409 341 341 410 276 276 344 341 341 410 277 277 345 277 277 345 341 341 410 342 342 411 277 277 345 342 342 411 278 278 346 278 278 346 342 342 411 343 343 412 278 278 346 343 343 412 279 279 347 279 279 347 343 343 412 344 344 413 279 279 347 344 344 413 280 280 348 280 280 348 344 344 413 345 345 414 280 280 348 345 345 414 281 281 349 281 281 349 345 345 414 346 346 415 281 281 349 346 346 415 282 282 350 282 282 350 346 346 415 347 347 416 282 282 350 347 347 416 283 283 351 283 283 351 347 347 416 348 348 417 283 283 351 348 348 417 284 284 352 284 284 352 348 348 417 349 349 418 284 284 352 349 349 418 285 285 353 285 285 353 349 349 418 350 350 419 285 285 353 350 350 419 286 286 354 286 286 354 350 350 419 351 351 420 286 286 354 351 351 420 287 287 355 287 287 355 351 351 420 352 352 421 287 287 355 352 352 421 288 288 356 288 288 356 352 352 421 353 353 422 288 288 356 353 353 422 289 289 357 289 289 357 353 353 422 354 354 423 289 289 357 354 354 423 290 290 358 290 290 358 354 354 423 355 355 424 290 290 358 355 355 424 291 291 359 291 291 359 355 355 424 356 356 425 291 291 359 356 356 425 292 292 360 292 292 360 356 356 425 357 357 426 292 292 360 357 357 426 293 293 361 293 293 361 357 357 426 358 358 427 293 293 361 358 358 427 294 294 362 294 294 362 358 358 427 359 359 428 294 294 362 359 359 428 295 295 363 295 295 363 359 359 428 360 360 429 295 295 363 360 360 429 296 296 364 296 296 364 360 360 429 361 361 430 296 296 364 361 361 430 297 297 365 297 297 365 361 361 430 362 362 431 297 297 365 362 362 431 298 298 366 298 298 366 362 362 431 363 363 432 298 298 366 363 363 432 299 299 367 299 299 367 363 363 432 364 364 433 299 299 367 364 364 433 300 300 368 300 300 368 364 364 433 365 365 434 300 300 368 365 365 434 301 301 369 301 301 369 365 365 434 366 366 435 301 301 369 366 366 435 302 302 370 302 302 370 366 366 435 367 367 436 302 302 370 367 367 436 303 303 371 303 303 371 367 367 436 368 368 437 303 303 371 368 368 437 304 304 372 304 304 372 368 368 437 369 369 438 304 304 372 369 369 438 305 305 373 305 305 373 369 369 438 370 370 439 305 305 373 370 370 439 306 306 374 306 306 374 370 370 439 371 371 440 306 306 374 371 371 440 307 307 375 307 307 375 371 371 440 372 372 441 307 307 375 372 372 441 308 308 376 308 308 376 372 372 441 373 373 442 308 308 376 373 373 442 309 309 377 309 309 377 373 373 442 374 374 443 309 309 377 374 374 443 310 310 378 310 310 378 374 374 443 375 375 444 310 310 378 375 375 444 311 311 379 311 311 379 375 375 444 376 376 445 311 311 379 376 376 445 312 312 380 312 312 380 376 376 445 377 377 446 312 312 380 377 377 446 313 313 381 313 313 381 377 377 446 378 378 447 313 313 381 378 378 447 314 314 382 314 314 382 378 378 447 379 379 448 314 314 382 379 379 448 315 315 383 315 315 383 379 379 448 380 380 449 315 315 383 380 380 449 316 316 384 316 316 384 380 380 449 381 381 450 316 316 384 381 381 450 317 317 385 317 317 385 381 381 450 382 382 451 317 317 385 382 382 451 318 318 386 318 318 386 382 382 451 383 383 452 318 318 386 383 383 452 319 319 387 319 319 387 383 383 452 384 384 453 319 319 387 384 384 453 320 320 388 320 320 388 384 384 453 321 321 454 320 320 388 321 321 454 257 257 389 321 321 390 385 385 455 386 386 456 321 321 390 386 386 456 322 322 391 322 322 391 386 386 456 387 387 457 322 322 391 387 387 457 323 323 392 323 323 392 387 387 457 388 388 458 323 323 392 388 388 458 324 324 393 324 324 393 388 388 458 389 389 459 324 324 393 389 389 459 325 325 394 325 325 394 389 389 459 390 390 460 325 325 394 390 390 460 326 326 395 326 326 395 390 390 460 391 391 461 326 326 395 391 391 461 327 327 396 327 327 396 391 391 461 392 392 462 327 327 396 392 392 462 328 328 397 328 328 397 392 392 462 393 393 463 328 328 397 393 393 463 329 329 398 329 329 398 393 393 463 394 394 464 329 329 398 394 394 464 330 330 399 330 330 399 394 394 464 395 395 465 330 330 399 395 395 465 331 331 400 331 331 400 395 395 465 396 396 466 331 331 400 396 396 466 332 332 401 332 332 401 396 396 466 397 397 467 332 332 401 397 397 467 333 333 402 333 333 402 397 397 467 398 398 468 333 333 402 398 398 468 334 334 403 334 334 403 398 398 468 399 399 469 334 334 403 399 399 469 335 335 404 335 335 404 399 399 469 400 400 470 335 335 404 400 400 470 336 336 405 336 336 405 400 400 470 401 401 471 336 336 405 401 401 471 337 337 406 337 337 406 401 401 471 402 402 472 337 337 406 402 402 472 338 338 407 338 338 407 402 402 472 403 403 473 338 338 407 403 403 473 339 339 408 339 339 408 403 403 473 404 404 474 339 339 408 404 404 474 340 340 409 340 340 409 404 404 474 405 405 475 340 340 409 405 405 475 341 341 410 341 341 410 405 405 475 406 406 476 341 341 410 406 406 476 342 342 411 342 342 411 406 406 476 407 407 477 342 342 411 407 407 477 343 343 412 343 343 412 407 407 477 408 408 478 343 343 412 408 408 478 344 344 413 344 344 413 408 408 478 409 409 479 344 344 413 409 409 479 345 345 414 345 345 414 409 409 479 410 410 480 345 345 414 410 410 480 346 346 415 346 346 415 410 410 480 411 411 481 346 346 415 411 411 481 347 347 416 347 347 416 411 411 481 412 412 482 347 347 416 412 412 482 348 348 417 348 348 417 412 412 482 413 413 483 348 348 417 413 413 483 349 349 418 349 349 418 413 413 483 414 414 484 349 349 418 414 414 484 350 350 419 350 350 419 414 414 484 415 415 485 350 350 419 415 415 485 351 351 420 351 351 420 415 415 485 416 416 486 351 351 420 416 416 486 352 352 421 352 352 421 416 416 486 417 417 487 352 352 421 417 417 487 353 353 422 353 353 422 417 417 487 418 418 488 353 353 422 418 418 488 354 354 423 354 354 423 418 418 488 419 419 489 354 354 423 419 419 489 355 355 424 355 355 424 419 419 489 420 420 490 355 355 424 420 420 490 356 356 425 356 356 425 420 420 490 421 421 491 356 356 425 421 421 491 357 357 426 357 357 426 421 421 491 422 422 492 357 357 426 422 422 492 358 358 427 358 358 427 422 422 492 423 423 493 358 358 427 423 423 493 359 359 428 359 359 428 423 423 493 424 424 494 359 359 428 424 424 494 360 360 429 360 360 429 424 424 494 425 425 495 360 360 429 425 425 495 361 361 430 361 361 430 425 425 495 426 426 496 361 361 430 426 426 496 362 362 431 362 362 431 426 426 496 427 427 497 362 362 431 427 427 497 363 363 432 363 363 432 427 427 497 428 428 498 363 363 432 428 428 498 364 364 433 364 364 433 428 428 498 429 429 499 364 364 433 429 429 499 365 365 434 365 365 434 429 429 499 430 430 500 365 365 434 430 430 500 366 366 435 366 366 435 430 430 500 431 431 501 366 366 435 431 431 501 367 367 436 367 367 436 431 431 501 432 432 502 367 367 436 432 432 502 368 368 437 368 368 437 432 432 502 433 433 503 368 368 437 433 433 503 369 369 438 369 369 438 433 433 503 434 434 504 369 369 438 434 434 504 370 370 439 370 370 439 434 434 504 435 435 505 370 370 439 435 435 505 371 371 440 371 371 440 435 435 505 436 436 506 371 371 440 436 436 506 372 372 441 372 372 441 436 436 506 437 437 507 372 372 441 437 437 507 373 373 442 373 373 442 437 437 507 438 438 508 373 373 442 438 438 508 374 374 443 374 374 443 438 438 508 439 439 509 374 374 443 439 439 509 375 375 444 375 375 444 439 439 509 440 440 510 375 375 444 440 440 510 376 376 445 376 376 445 440 440 510 441 441 511 376 376 445 441 441 511 377 377 446 377 377 446 441 441 511 442 442 512 377 377 446 442 442 512 378 378 447 378 378 447 442 442 512 443 443 513 378 378 447 443 443 513 379 379 448 379 379 448 443 443 513 444 444 514 379 379 448 444 444 514 380 380 449 380 380 449 444 444 514 445 445 515 380 380 449 445 445 515 381 381 450 381 381 450 445 445 515 446 446 516 381 381 450 446 446 516 382 382 451 382 382 451 446 446 516 447 447 517 382 382 451 447 447 517 383 383 452 383 383 452 447 447 517 448 448 518 383 383 452 448 448 518 384 384 453 384 384 453 448 448 518 385 385 519 384 384 453 385 385 519 321 321 454 385 385 455 449 449 520 450 450 521 385 385 455 450 450 521 386 386 456 386 386 456 450 450 521 451 451 522 386 386 456 451 451 522 387 387 457 387 387 457 451 451 522 452 452 523 387 387 457 452 452 523 388 388 458 388 388 458 452 452 523 453 453 524 388 388 458 453 453 524 389 389 459 389 389 459 453 453 524 454 454 525 389 389 459 454 454 525 390 390 460 390 390 460 454 454 525 455 455 526 390 390 460 455 455 526 391 391 461 391 391 461 455 455 526 456 456 527 391 391 461 456 456 527 392 392 462 392 392 462 456 456 527 457 457 528 392 392 462 457 457 528 393 393 463 393 393 463 457 457 528 458 458 529 393 393 463 458 458 529 394 394 464 394 394 464 458 458 529 459 459 530 394 394 464 459 459 530 395 395 465 395 395 465 459 459 530 460 460 531 395 395 465 460 460 531 396 396 466 396 396 466 460 460 531 461 461 532 396 396 466 461 461 532 397 397 467 397 397 467 461 461 532 462 462 533 397 397 467 462 462 533 398 398 468 398 398 468 462 462 533 463 463 534 398 398 468 463 463 534 399 399 469 399 399 469 463 463 534 464 464 535 399 399 469 464 464 535 400 400 470 400 400 470 464 464 535 465 465 536 400 400 470 465 465 536 401 401 471 401 401 471 465 465 536 466 466 537 401 401 471 466 466 537 402 402 472 402 402 472 466 466 537 467 467 538 402 402 472 467 467 538 403 403 473 403 403 473 467 467 538 468 468 539 403 403 473 468 468 539 404 404 474 404 404 474 468 468 539 469 469 540 404 404 474 469 469 540 405 405 475 405 405 475 469 469 540 470 470 541 405 405 475 470 470 541 406 406 476 406 406 476 470 470 541 471 471 542 406 406 476 471 471 542 407 407 477 407 407 477 471 471 542 472 472 543 407 407 477 472 472 543 408 408 478 408 408 478 472 472 543 473 473 544 408 408 478 473 473 544 409 409 479 409 409 479 473 473 544 474 474 545 409 409 479 474 474 545 410 410 480 410 410 480 474 474 545 475 475 546 410 410 480 475 475 546 411 411 481 411 411 481 475 475 546 476 476 547 411 411 481 476 476 547 412 412 482 412 412 482 476 476 547 477 477 548 412 412 482 477 477 548 413 413 483 413 413 483 477 477 548 478 478 549 413 413 483 478 478 549 414 414 484 414 414 484 478 478 549 479 479 550 414 414 484 479 479 550 415 415 485 415 415 485 479 479 550 480 480 551 415 415 485 480 480 551 416 416 486 416 416 486 480 480 551 481 481 552 416 416 486 481 481 552 417 417 487 417 417 487 481 481 552 482 482 553 417 417 487 482 482 553 418 418 488 418 418 488 482 482 553 483 483 554 418 418 488 483 483 554 419 419 489 419 419 489 483 483 554 484 484 555 419 419 489 484 484 555 420 420 490 420 420 490 484 484 555 485 485 556 420 420 490 485 485 556 421 421 491 421 421 491 485 485 556 486 486 557 421 421 491 486 486 557 422 422 492 422 422 492 486 486 557 487 487 558 422 422 492 487 487 558 423 423 493 423 423 493 487 487 558 488 488 559 423 423 493 488 488 559 424 424 494 424 424 494 488 488 559 489 489 560 424 424 494 489 489 560 425 425 495 425 425 495 489 489 560 490 490 561 425 425 495 490 490 561 426 426 496 426 426 496 490 490 561 491 491 562 426 426 496 491 491 562 427 427 497 427 427 497 491 491 562 492 492 563 427 427 497 492 492 563 428 428 498 428 428 498 492 492 563 493 493 564 428 428 498 493 493 564 429 429 499 429 429 499 493 493 564 494 494 565 429 429 499 494 494 565 430 430 500 430 430 500 494 494 565 495 495 566 430 430 500 495 495 566 431 431 501 431 431 501 495 495 566 496 496 567 431 431 501 496 496 567 432 432 502 432 432 502 496 496 567 497 497 568 432 432 502 497 497 568 433 433 503 433 433 503 497 497 568 498 498 569 433 433 503 498 498 569 434 434 504 434 434 504 498 498 569 499 499 570 434 434 504 499 499 570 435 435 505 435 435 505 499 499 570 500 500 571 435 435 505 500 500 571 436 436 506 436 436 506 500 500 571 501 501 572 436 436 506 501 501 572 437 437 507 437 437 507 501 501 572 502 502 573 437 437 507 502 502 573 438 438 508 438 438 508 502 502 573 503 503 574 438 438 508 503 503 574 439 439 509 439 439 509 503 503 574 504 504 575 439 439 509 504 504 575 440 440 510 440 440 510 504 504 575 505 505 576 440 440 510 505 505 576 441 441 511 441 441 511 505 505 576 506 506 577 441 441 511 506 506 577 442 442 512 442 442 512 506 506 577 507 507 578 442 442 512 507 507 578 443 443 513 443 443 513 507 507 578 508 508 579 443 443 513 508 508 579 444 444 514 444 444 514 508 508 579 509 509 580 444 444 514 509 509 580 445 445 515 445 445 515 509 509 580 510 510 581 445 445 515 510 510 581 446 446 516 446 446 516 510 510 581 511 511 582 446 446 516 511 511 582 447 447 517 447 447 517 511 511 582 512 512 583 447 447 517 512 512 583 448 448 518 448 448 518 512 512 583 449 449 584 448 448 518 449 449 584 385 385 519 449 449 520 513 513 585 514 514 586 449 449 520 514 514 586 450 450 521 450 450 521 514 514 586 515 515 587 450 450 521 515 515 587 451 451 522 451 451 522 515 515 587 516 516 588 451 451 522 516 516 588 452 452 523 452 452 523 516 516 588 517 517 589 452 452 523 517 517 589 453 453 524 453 453 524 517 517 589 518 518 590 453 453 524 518 518 590 454 454 525 454 454 525 518 518 590 519 519 591 454 454 525 519 519 591 455 455 526 455 455 526 519 519 591 520 520 592 455 455 526 520 520 592 456 456 527 456 456 527 520 520 592 521 521 593 456 456 527 521 521 593 457 457 528 457 457 528 521 521 593 522 522 594 457 457 528 522 522 594 458 458 529 458 458 529 522 522 594 523 523 595 458 458 529 523 523 595 459 459 530 459 459 530 523 523 595 524 524 596 459 459 530 524 524 596 460 460 531 460 460 531 524 524 596 525 525 597 460 460 531 525 525 597 461 461 532 461 461 532 525 525 597 526 526 598 461 461 532 526 526 598 462 462 533 462 462 533 526 526 598 527 527 599 462 462 533 527 527 599 463 463 534 463 463 534 527 527 599 528 528 600 463 463 534 528 528 600 464 464 535 464 464 535 528 528 600 529 529 601 464 464 535 529 529 601 465 465 536 465 465 536 529 529 601 530 530 602 465 465 536 530 530 602 466 466 537 466 466 537 530 530 602 531 531 603 466 466 537 531 531 603 467 467 538 467 467 538 531 531 603 532 532 604 467 467 538 532 532 604 468 468 539 468 468 539 532 532 604 533 533 605 468 468 539 533 533 605 469 469 540 469 469 540 533 533 605 534 534 606 469 469 540 534 534 606 470 470 541 470 470 541 534 534 606 535 535 607 470 470 541 535 535 607 471 471 542 471 471 542 535 535 607 536 536 608 471 471 542 536 536 608 472 472 543 472 472 543 536 536 608 537 537 609 472 472 543 537 537 609 473 473 544 473 473 544 537 537 609 538 538 610 473 473 544 538 538 610 474 474 545 474 474 545 538 538 610 539 539 611 474 474 545 539 539 611 475 475 546 475 475 546 539 539 611 540 540 612 475 475 546 540 540 612 476 476 547 476 476 547 540 540 612 541 541 613 476 476 547 541 541 613 477 477 548 477 477 548 541 541 613 542 542 614 477 477 548 542 542 614 478 478 549 478 478 549 542 542 614 543 543 615 478 478 549 543 543 615 479 479 550 479 479 550 543 543 615 544 544 616 479 479 550 544 544 616 480 480 551 480 480 551 544 544 616 545 545 617 480 480 551 545 545 617 481 481 552 481 481 552 545 545 617 546 546 618 481 481 552 546 546 618 482 482 553 482 482 553 546 546 618 547 547 619 482 482 553 547 547 619 483 483 554 483 483 554 547 547 619 548 548 620 483 483 554 548 548 620 484 484 555 484 484 555 548 548 620 549 549 621 484 484 555 549 549 621 485 485 556 485 485 556 549 549 621 550 550 622 485 485 556 550 550 622 486 486 557 486 486 557 550 550 622 551 551 623 486 486 557 551 551 623 487 487 558 487 487 558 551 551 623 552 552 624 487 487 558 552 552 624 488 488 559 488 488 559 552 552 624 553 553 625 488 488 559 553 553 625 489 489 560 489 489 560 553 553 625 554 554 626 489 489 560 554 554 626 490 490 561 490 490 561 554 554 626 555 555 627 490 490 561 555 555 627 491 491 562 491 491 562 555 555 627 556 556 628 491 491 562 556 556 628 492 492 563 492 492 563 556 556 628 557 557 629 492 492 563 557 557 629 493 493 564 493 493 564 557 557 629 558 558 630 493 493 564 558 558 630 494 494 565 494 494 565 558 558 630 559 559 631 494 494 565 559 559 631 495 495 566 495 495 566 559 559 631 560 560 632 495 495 566 560 560 632 496 496 567 496 496 567 560 560 632 561 561 633 496 496 567 561 561 633 497 497 568 497 497 568 561 561 633 562 562 634 497 497 568 562 562 634 498 498 569 498 498 569 562 562 634 563 563 635 498 498 569 563 563 635 499 499 570 499 499 570 563 563 635 564 564 636 499 499 570 564 564 636 500 500 571 500 500 571 564 564 636 565 565 637 500 500 571 565 565 637 501 501 572 501 501 572 565 565 637 566 566 638 501 501 572 566 566 638 502 502 573 502 502 573 566 566 638 567 567 639 502 502 573 567 567 639 503 503 574 503 503 574 567 567 639 568 568 640 503 503 574 568 568 640 504 504 575 504 504 575 568 568 640 569 569 641 504 504 575 569 569 641 505 505 576 505 505 576 569 569 641 570 570 642 505 505 576 570 570 642 506 506 577 506 506 577 570 570 642 571 571 643 506 506 577 571 571 643 507 507 578 507 507 578 571 571 643 572 572 644 507 507 578 572 572 644 508 508 579 508 508 579 572 572 644 573 573 645 508 508 579 573 573 645 509 509 580 509 509 580 573 573 645 574 574 646 509 509 580 574 574 646 510 510 581 510 510 581 574 574 646 575 575 647 510 510 581 575 575 647 511 511 582 511 511 582 575 575 647 576 576 648 511 511 582 576 576 648 512 512 583 512 512 583 576 576 648 513 513 649 512 512 583 513 513 649 449 449 584 513 513 585 577 577 650 578 578 651 513 513 585 578 578 651 514 514 586 514 514 586 578 578 651 579 579 652 514 514 586 579 579 652 515 515 587 515 515 587 579 579 652 580 580 653 515 515 587 580 580 653 516 516 588 516 516 588 580 580 653 581 581 654 516 516 588 581 581 654 517 517 589 517 517 589 581 581 654 582 582 655 517 517 589 582 582 655 518 518 590 518 518 590 582 582 655 583 583 656 518 518 590 583 583 656 519 519 591 519 519 591 583 583 656 584 584 657 519 519 591 584 584 657 520 520 592 520 520 592 584 584 657 585 585 658 520 520 592 585 585 658 521 521 593 521 521 593 585 585 658 586 586 659 521 521 593 586 586 659 522 522 594 522 522 594 586 586 659 587 587 660 522 522 594 587 587 660 523 523 595 523 523 595 587 587 660 588 588 661 523 523 595 588 588 661 524 524 596 524 524 596 588 588 661 589 589 662 524 524 596 589 589 662 525 525 597 525 525 597 589 589 662 590 590 663 525 525 597 590 590 663 526 526 598 526 526 598 590 590 663 591 591 664 526 526 598 591 591 664 527 527 599 527 527 599 591 591 664 592 592 665 527 527 599 592 592 665 528 528 600 528 528 600 592 592 665 593 593 666 528 528 600 593 593 666 529 529 601 529 529 601 593 593 666 594 594 667 529 529 601 594 594 667 530 530 602 530 530 602 594 594 667 595 595 668 530 530 602 595 595 668 531 531 603 531 531 603 595 595 668 596 596 669 531 531 603 596 596 669 532 532 604 532 532 604 596 596 669 597 597 670 532 532 604 597 597 670 533 533 605 533 533 605 597 597 670 598 598 671 533 533 605 598 598 671 534 534 606 534 534 606 598 598 671 599 599 672 534 534 606 599 599 672 535 535 607 535 535 607 599 599 672 600 600 673 535 535 607 600 600 673 536 536 608 536 536 608 600 600 673 601 601 674 536 536 608 601 601 674 537 537 609 537 537 609 601 601 674 602 602 675 537 537 609 602 602 675 538 538 610 538 538 610 602 602 675 603 603 676 538 538 610 603 603 676 539 539 611 539 539 611 603 603 676 604 604 677 539 539 611 604 604 677 540 540 612 540 540 612 604 604 677 605 605 678 540 540 612 605 605 678 541 541 613 541 541 613 605 605 678 606 606 679 541 541 613 606 606 679 542 542 614 542 542 614 606 606 679 607 607 680 542 542 614 607 607 680 543 543 615 543 543 615 607 607 680 608 608 681 543 543 615 608 608 681 544 544 616 544 544 616 608 608 681 609 609 682 544 544 616 609 609 682 545 545 617 545 545 617 609 609 682 610 610 683 545 545 617 610 610 683 546 546 618 546 546 618 610 610 683 611 611 684 546 546 618 611 611 684 547 547 619 547 547 619 611 611 684 612 612 685 547 547 619 612 612 685 548 548 620 548 548 620 612 612 685 613 613 686 548 548 620 613 613 686 549 549 621 549 549 621 613 613 686 614 614 687 549 549 621 614 614 687 550 550 622 550 550 622 614 614 687 615 615 688 550 550 622 615 615 688 551 551 623 551 551 623 615 615 688 616 616 689 551 551 623 616 616 689 552 552 624 552 552 624 616 616 689 617 617 690 552 552 624 617 617 690 553 553 625 553 553 625 617 617 690 618 618 691 553 553 625 618 618 691 554 554 626 554 554 626 618 618 691 619 619 692 554 554 626 619 619 692 555 555 627 555 555 627 619 619 692 620 620 693 555 555 627 620 620 693 556 556 628 556 556 628 620 620 693 621 621 694 556 556 628 621 621 694 557 557 629 557 557 629 621 621 694 622 622 695 557 557 629 622 622 695 558 558 630 558 558 630 622 622 695 623 623 696 558 558 630 623 623 696 559 559 631 559 559 631 623 623 696 624 624 697 559 559 631 624 624 697 560 560 632 560 560 632 624 624 697 625 625 698 560 560 632 625 625 698 561 561 633 561 561 633 625 625 698 626 626 699 561 561 633 626 626 699 562 562 634 562 562 634 626 626 699 627 627 700 562 562 634 627 627 700 563 563 635 563 563 635 627 627 700 628 628 701 563 563 635 628 628 701 564 564 636 564 564 636 628 628 701 629 629 702 564 564 636 629 629 702 565 565 637 565 565 637 629 629 702 630 630 703 565 565 637 630 630 703 566 566 638 566 566 638 630 630 703 631 631 704 566 566 638 631 631 704 567 567 639 567 567 639 631 631 704 632 632 705 567 567 639 632 632 705 568 568 640 568 568 640 632 632 705 633 633 706 568 568 640 633 633 706 569 569 641 569 569 641 633 633 706 634 634 707 569 569 641 634 634 707 570 570 642 570 570 642 634 634 707 635 635 708 570 570 642 635 635 708 571 571 643 571 571 643 635 635 708 636 636 709 571 571 643 636 636 709 572 572 644 572 572 644 636 636 709 637 637 710 572 572 644 637 637 710 573 573 645 573 573 645 637 637 710 638 638 711 573 573 645 638 638 711 574 574 646 574 574 646 638 638 711 639 639 712 574 574 646 639 639 712 575 575 647 575 575 647 639 639 712 640 640 713 575 575 647 640 640 713 576 576 648 576 576 648 640 640 713 577 577 714 576 576 648 577 577 714 513 513 649 577 577 650 641 641 715 642 642 716 577 577 650 642 642 716 578 578 651 578 578 651 642 642 716 643 643 717 578 578 651 643 643 717 579 579 652 579 579 652 643 643 717 644 644 718 579 579 652 644 644 718 580 580 653 580 580 653 644 644 718 645 645 719 580 580 653 645 645 719 581 581 654 581 581 654 645 645 719 646 646 720 581 581 654 646 646 720 582 582 655 582 582 655 646 646 720 647 647 721 582 582 655 647 647 721 583 583 656 583 583 656 647 647 721 648 648 722 583 583 656 648 648 722 584 584 657 584 584 657 648 648 722 649 649 723 584 584 657 649 649 723 585 585 658 585 585 658 649 649 723 650 650 724 585 585 658 650 650 724 586 586 659 586 586 659 650 650 724 651 651 725 586 586 659 651 651 725 587 587 660 587 587 660 651 651 725 652 652 726 587 587 660 652 652 726 588 588 661 588 588 661 652 652 726 653 653 727 588 588 661 653 653 727 589 589 662 589 589 662 653 653 727 654 654 728 589 589 662 654 654 728 590 590 663 590 590 663 654 654 728 655 655 729 590 590 663 655 655 729 591 591 664 591 591 664 655 655 729 656 656 730 591 591 664 656 656 730 592 592 665 592 592 665 656 656 730 657 657 731 592 592 665 657 657 731 593 593 666 593 593 666 657 657 731 658 658 732 593 593 666 658 658 732 594 594 667 594 594 667 658 658 732 659 659 733 594 594 667 659 659 733 595 595 668 595 595 668 659 659 733 660 660 734 595 595 668 660 660 734 596 596 669 596 596 669 660 660 734 661 661 735 596 596 669 661 661 735 597 597 670 597 597 670 661 661 735 662 662 736 597 597 670 662 662 736 598 598 671 598 598 671 662 662 736 663 663 737 598 598 671 663 663 737 599 599 672 599 599 672 663 663 737 664 664 738 599 599 672 664 664 738 600 600 673 600 600 673 664 664 738 665 665 739 600 600 673 665 665 739 601 601 674 601 601 674 665 665 739 666 666 740 601 601 674 666 666 740 602 602 675 602 602 675 666 666 740 667 667 741 602 602 675 667 667 741 603 603 676 603 603 676 667 667 741 668 668 742 603 603 676 668 668 742 604 604 677 604 604 677 668 668 742 669 669 743 604 604 677 669 669 743 605 605 678 605 605 678 669 669 743 670 670 744 605 605 678 670 670 744 606 606 679 606 606 679 670 670 744 671 671 745 606 606 679 671 671 745 607 607 680 607 607 680 671 671 745 672 672 746 607 607 680 672 672 746 608 608 681 608 608 681 672 672 746 673 673 747 608 608 681 673 673 747 609 609 682 609 609 682 673 673 747 674 674 748 609 609 682 674 674 748 610 610 683 610 610 683 674 674 748 675 675 749 610 610 683 675 675 749 611 611 684 611 611 684 675 675 749 676 676 750 611 611 684 676 676 750 612 612 685 612 612 685 676 676 750 677 677 751 612 612 685 677 677 751 613 613 686 613 613 686 677 677 751 678 678 752 613 613 686 678 678 752 614 614 687 614 614 687 678 678 752 679 679 753 614 614 687 679 679 753 615 615 688 615 615 688 679 679 753 680 680 754 615 615 688 680 680 754 616 616 689 616 616 689 680 680 754 681 681 755 616 616 689 681 681 755 617 617 690 617 617 690 681 681 755 682 682 756 617 617 690 682 682 756 618 618 691 618 618 691 682 682 756 683 683 757 618 618 691 683 683 757 619 619 692 619 619 692 683 683 757 684 684 758 619 619 692 684 684 758 620 620 693 620 620 693 684 684 758 685 685 759 620 620 693 685 685 759 621 621 694 621 621 694 685 685 759 686 686 760 621 621 694 686 686 760 622 622 695 622 622 695 686 686 760 687 687 761 622 622 695 687 687 761 623 623 696 623 623 696 687 687 761 688 688 762 623 623 696 688 688 762 624 624 697 624 624 697 688 688 762 689 689 763 624 624 697 689 689 763 625 625 698 625 625 698 689 689 763 690 690 764 625 625 698 690 690 764 626 626 699 626 626 699 690 690 764 691 691 765 626 626 699 691 691 765 627 627 700 627 627 700 691 691 765 692 692 766 627 627 700 692 692 766 628 628 701 628 628 701 692 692 766 693 693 767 628 628 701 693 693 767 629 629 702 629 629 702 693 693 767 694 694 768 629 629 702 694 694 768 630 630 703 630 630 703 694 694 768 695 695 769 630 630 703 695 695 769 631 631 704 631 631 704 695 695 769 696 696 770 631 631 704 696 696 770 632 632 705 632 632 705 696 696 770 697 697 771 632 632 705 697 697 771 633 633 706 633 633 706 697 697 771 698 698 772 633 633 706 698 698 772 634 634 707 634 634 707 698 698 772 699 699 773 634 634 707 699 699 773 635 635 708 635 635 708 699 699 773 700 700 774 635 635 708 700 700 774 636 636 709 636 636 709 700 700 774 701 701 775 636 636 709 701 701 775 637 637 710 637 637 710 701 701 775 702 702 776 637 637 710 702 702 776 638 638 711 638 638 711 702 702 776 703 703 777 638 638 711 703 703 777 639 639 712 639 639 712 703 703 777 704 704 778 639 639 712 704 704 778 640 640 713 640 640 713 704 704 778 641 641 779 640 640 713 641 641 779 577 577 714 641 641 715 705 705 780 706 706 781 641 641 715 706 706 781 642 642 716 642 642 716 706 706 781 707 707 782 642 642 716 707 707 782 643 643 717 643 643 717 707 707 782 708 708 783 643 643 717 708 708 783 644 644 718 644 644 718 708 708 783 709 709 784 644 644 718 709 709 784 645 645 719 645 645 719 709 709 784 710 710 785 645 645 719 710 710 785 646 646 720 646 646 720 710 710 785 711 711 786 646 646 720 711 711 786 647 647 721 647 647 721 711 711 786 712 712 787 647 647 721 712 712 787 648 648 722 648 648 722 712 712 787 713 713 788 648 648 722 713 713 788 649 649 723 649 649 723 713 713 788 714 714 789 649 649 723 714 714 789 650 650 724 650 650 724 714 714 789 715 715 790 650 650 724 715 715 790 651 651 725 651 651 725 715 715 790 716 716 791 651 651 725 716 716 791 652 652 726 652 652 726 716 716 791 717 717 792 652 652 726 717 717 792 653 653 727 653 653 727 717 717 792 718 718 793 653 653 727 718 718 793 654 654 728 654 654 728 718 718 793 719 719 794 654 654 728 719 719 794 655 655 729 655 655 729 719 719 794 720 720 795 655 655 729 720 720 795 656 656 730 656 656 730 720 720 795 721 721 796 656 656 730 721 721 796 657 657 731 657 657 731 721 721 796 722 722 797 657 657 731 722 722 797 658 658 732 658 658 732 722 722 797 723 723 798 658 658 732 723 723 798 659 659 733 659 659 733 723 723 798 724 724 799 659 659 733 724 724 799 660 660 734 660 660 734 724 724 799 725 725 800 660 660 734 725 725 800 661 661 735 661 661 735 725 725 800 726 726 801 661 661 735 726 726 801 662 662 736 662 662 736 726 726 801 727 727 802 662 662 736 727 727 802 663 663 737 663 663 737 727 727 802 728 728 803 663 663 737 728 728 803 664 664 738 664 664 738 728 728 803 729 729 804 664 664 738 729 729 804 665 665 739 665 665 739 729 729 804 730 730 805 665 665 739 730 730 805 666 666 740 666 666 740 730 730 805 731 731 806 666 666 740 731 731 806 667 667 741 667 667 741 731 731 806 732 732 807 667 667 741 732 732 807 668 668 742 668 668 742 732 732 807 733 733 808 668 668 742 733 733 808 669 669 743 669 669 743 733 733 808 734 734 809 669 669 743 734 734 809 670 670 744 670 670 744 734 734 809 735 735 810 670 670 744 735 735 810 671 671 745 671 671 745 735 735 810 736 736 811 671 671 745 736 736 811 672 672 746 672 672 746 736 736 811 737 737 812 672 672 746 737 737 812 673 673 747 673 673 747 737 737 812 738 738 813 673 673 747 738 738 813 674 674 748 674 674 748 738 738 813 739 739 814 674 674 748 739 739 814 675 675 749 675 675 749 739 739 814 740 740 815 675 675 749 740 740 815 676 676 750 676 676 750 740 740 815 741 741 816 676 676 750 741 741 816 677 677 751 677 677 751 741 741 816 742 742 817 677 677 751 742 742 817 678 678 752 678 678 752 742 742 817 743 743 818 678 678 752 743 743 818 679 679 753 679 679 753 743 743 818 744 744 819 679 679 753 744 744 819 680 680 754 680 680 754 744 744 819 745 745 820 680 680 754 745 745 820 681 681 755 681 681 755 745 745 820 746 746 821 681 681 755 746 746 821 682 682 756 682 682 756 746 746 821 747 747 822 682 682 756 747 747 822 683 683 757 683 683 757 747 747 822 748 748 823 683 683 757 748 748 823 684 684 758 684 684 758 748 748 823 749 749 824 684 684 758 749 749 824 685 685 759 685 685 759 749 749 824 750 750 825 685 685 759 750 750 825 686 686 760 686 686 760 750 750 825 751 751 826 686 686 760 751 751 826 687 687 761 687 687 761 751 751 826 752 752 827 687 687 761 752 752 827 688 688 762 688 688 762 752 752 827 753 753 828 688 688 762 753 753 828 689 689 763 689 689 763 753 753 828 754 754 829 689 689 763 754 754 829 690 690 764 690 690 764 754 754 829 755 755 830 690 690 764 755 755 830 691 691 765 691 691 765 755 755 830 756 756 831 691 691 765 756 756 831 692 692 766 692 692 766 756 756 831 757 757 832 692 692 766 757 757 832 693 693 767 693 693 767 757 757 832 758 758 833 693 693 767 758 758 833 694 694 768 694 694 768 758 758 833 759 759 834 694 694 768 759 759 834 695 695 769 695 695 769 759 759 834 760 760 835 695 695 769 760 760 835 696 696 770 696 696 770 760 760 835 761 761 836 696 696 770 761 761 836 697 697 771 697 697 771 761 761 836 762 762 837 697 697 771 762 762 837 698 698 772 698 698 772 762 762 837 763 763 838 698 698 772 763 763 838 699 699 773 699 699 773 763 763 838 764 764 839 699 699 773 764 764 839 700 700 774 700 700 774 764 764 839 765 765 840 700 700 774 765 765 840 701 701 775 701 701 775 765 765 840 766 766 841 701 701 775 766 766 841 702 702 776 702 702 776 766 766 841 767 767 842 702 702 776 767 767 842 703 703 777 703 703 777 767 767 842 768 768 843 703 703 777 768 768 843 704 704 778 704 704 778 768 768 843 705 705 844 704 704 778 705 705 844 641 641 779 705 705 780 769 769 845 770 770 846 705 705 780 770 770 846 706 706 781 706 706 781 770 770 846 771 771 847 706 706 781 771 771 847 707 707 782 707 707 782 771 771 847 772 772 848 707 707 782 772 772 848 708 708 783 708 708 783 772 772 848 773 773 849 708 708 783 773 773 849 709 709 784 709 709 784 773 773 849 774 774 850 709 709 784 774 774 850 710 710 785 710 710 785 774 774 850 775 775 851 710 710 785 775 775 851 711 711 786 711 711 786 775 775 851 776 776 852 711 711 786 776 776 852 712 712 787 712 712 787 776 776 852 777 777 853 712 712 787 777 777 853 713 713 788 713 713 788 777 777 853 778 778 854 713 713 788 778 778 854 714 714 789 714 714 789 778 778 854 779 779 855 714 714 789 779 779 855 715 715 790 715 715 790 779 779 855 780 780 856 715 715 790 780 780 856 716 716 791 716 716 791 780 780 856 781 781 857 716 716 791 781 781 857 717 717 792 717 717 792 781 781 857 782 782 858 717 717 792 782 782 858 718 718 793 718 718 793 782 782 858 783 783 859 718 718 793 783 783 859 719 719 794 719 719 794 783 783 859 784 784 860 719 719 794 784 784 860 720 720 795 720 720 795 784 784 860 785 785 861 720 720 795 785 785 861 721 721 796 721 721 796 785 785 861 786 786 862 721 721 796 786 786 862 722 722 797 722 722 797 786 786 862 787 787 863 722 722 797 787 787 863 723 723 798 723 723 798 787 787 863 788 788 864 723 723 798 788 788 864 724 724 799 724 724 799 788 788 864 789 789 865 724 724 799 789 789 865 725 725 800 725 725 800 789 789 865 790 790 866 725 725 800 790 790 866 726 726 801 726 726 801 790 790 866 791 791 867 726 726 801 791 791 867 727 727 802 727 727 802 791 791 867 792 792 868 727 727 802 792 792 868 728 728 803 728 728 803 792 792 868 793 793 869 728 728 803 793 793 869 729 729 804 729 729 804 793 793 869 794 794 870 729 729 804 794 794 870 730 730 805 730 730 805 794 794 870 795 795 871 730 730 805 795 795 871 731 731 806 731 731 806 795 795 871 796 796 872 731 731 806 796 796 872 732 732 807 732 732 807 796 796 872 797 797 873 732 732 807 797 797 873 733 733 808 733 733 808 797 797 873 798 798 874 733 733 808 798 798 874 734 734 809 734 734 809 798 798 874 799 799 875 734 734 809 799 799 875 735 735 810 735 735 810 799 799 875 800 800 876 735 735 810 800 800 876 736 736 811 736 736 811 800 800 876 801 801 877 736 736 811 801 801 877 737 737 812 737 737 812 801 801 877 802 802 878 737 737 812 802 802 878 738 738 813 738 738 813 802 802 878 803 803 879 738 738 813 803 803 879 739 739 814 739 739 814 803 803 879 804 804 880 739 739 814 804 804 880 740 740 815 740 740 815 804 804 880 805 805 881 740 740 815 805 805 881 741 741 816 741 741 816 805 805 881 806 806 882 741 741 816 806 806 882 742 742 817 742 742 817 806 806 882 807 807 883 742 742 817 807 807 883 743 743 818 743 743 818 807 807 883 808 808 884 743 743 818 808 808 884 744 744 819 744 744 819 808 808 884 809 809 885 744 744 819 809 809 885 745 745 820 745 745 820 809 809 885 810 810 886 745 745 820 810 810 886 746 746 821 746 746 821 810 810 886 811 811 887 746 746 821 811 811 887 747 747 822 747 747 822 811 811 887 812 812 888 747 747 822 812 812 888 748 748 823 748 748 823 812 812 888 813 813 889 748 748 823 813 813 889 749 749 824 749 749 824 813 813 889 814 814 890 749 749 824 814 814 890 750 750 825 750 750 825 814 814 890 815 815 891 750 750 825 815 815 891 751 751 826 751 751 826 815 815 891 816 816 892 751 751 826 816 816 892 752 752 827 752 752 827 816 816 892 817 817 893 752 752 827 817 817 893 753 753 828 753 753 828 817 817 893 818 818 894 753 753 828 818 818 894 754 754 829 754 754 829 818 818 894 819 819 895 754 754 829 819 819 895 755 755 830 755 755 830 819 819 895 820 820 896 755 755 830 820 820 896 756 756 831 756 756 831 820 820 896 821 821 897 756 756 831 821 821 897 757 757 832 757 757 832 821 821 897 822 822 898 757 757 832 822 822 898 758 758 833 758 758 833 822 822 898 823 823 899 758 758 833 823 823 899 759 759 834 759 759 834 823 823 899 824 824 900 759 759 834 824 824 900 760 760 835 760 760 835 824 824 900 825 825 901 760 760 835 825 825 901 761 761 836 761 761 836 825 825 901 826 826 902 761 761 836 826 826 902 762 762 837 762 762 837 826 826 902 827 827 903 762 762 837 827 827 903 763 763 838 763 763 838 827 827 903 828 828 904 763 763 838 828 828 904 764 764 839 764 764 839 828 828 904 829 829 905 764 764 839 829 829 905 765 765 840 765 765 840 829 829 905 830 830 906 765 765 840 830 830 906 766 766 841 766 766 841 830 830 906 831 831 907 766 766 841 831 831 907 767 767 842 767 767 842 831 831 907 832 832 908 767 767 842 832 832 908 768 768 843 768 768 843 832 832 908 769 769 909 768 768 843 769 769 909 705 705 844 769 769 845 833 833 910 834 834 911 769 769 845 834 834 911 770 770 846 770 770 846 834 834 911 835 835 912 770 770 846 835 835 912 771 771 847 771 771 847 835 835 912 836 836 913 771 771 847 836 836 913 772 772 848 772 772 848 836 836 913 837 837 914 772 772 848 837 837 914 773 773 849 773 773 849 837 837 914 838 838 915 773 773 849 838 838 915 774 774 850 774 774 850 838 838 915 839 839 916 774 774 850 839 839 916 775 775 851 775 775 851 839 839 916 840 840 917 775 775 851 840 840 917 776 776 852 776 776 852 840 840 917 841 841 918 776 776 852 841 841 918 777 777 853 777 777 853 841 841 918 842 842 919 777 777 853 842 842 919 778 778 854 778 778 854 842 842 919 843 843 920 778 778 854 843 843 920 779 779 855 779 779 855 843 843 920 844 844 921 779 779 855 844 844 921 780 780 856 780 780 856 844 844 921 845 845 922 780 780 856 845 845 922 781 781 857 781 781 857 845 845 922 846 846 923 781 781 857 846 846 923 782 782 858 782 782 858 846 846 923 847 847 924 782 782 858 847 847 924 783 783 859 783 783 859 847 847 924 848 848 925 783 783 859 848 848 925 784 784 860 784 784 860 848 848 925 849 849 926 784 784 860 849 849 926 785 785 861 785 785 861 849 849 926 850 850 927 785 785 861 850 850 927 786 786 862 786 786 862 850 850 927 851 851 928 786 786 862 851 851 928 787 787 863 787 787 863 851 851 928 852 852 929 787 787 863 852 852 929 788 788 864 788 788 864 852 852 929 853 853 930 788 788 864 853 853 930 789 789 865 789 789 865 853 853 930 854 854 931 789 789 865 854 854 931 790 790 866 790 790 866 854 854 931 855 855 932 790 790 866 855 855 932 791 791 867 791 791 867 855 855 932 856 856 933 791 791 867 856 856 933 792 792 868 792 792 868 856 856 933 857 857 934 792 792 868 857 857 934 793 793 869 793 793 869 857 857 934 858 858 935 793 793 869 858 858 935 794 794 870 794 794 870 858 858 935 859 859 936 794 794 870 859 859 936 795 795 871 795 795 871 859 859 936 860 860 937 795 795 871 860 860 937 796 796 872 796 796 872 860 860 937 861 861 938 796 796 872 861 861 938 797 797 873 797 797 873 861 861 938 862 862 939 797 797 873 862 862 939 798 798 874 798 798 874 862 862 939 863 863 940 798 798 874 863 863 940 799 799 875 799 799 875 863 863 940 864 864 941 799 799 875 864 864 941 800 800 876 800 800 876 864 864 941 865 865 942 800 800 876 865 865 942 801 801 877 801 801 877 865 865 942 866 866 943 801 801 877 866 866 943 802 802 878 802 802 878 866 866 943 867 867 944 802 802 878 867 867 944 803 803 879 803 803 879 867 867 944 868 868 945 803 803 879 868 868 945 804 804 880 804 804 880 868 868 945 869 869 946 804 804 880 869 869 946 805 805 881 805 805 881 869 869 946 870 870 947 805 805 881 870 870 947 806 806 882 806 806 882 870 870 947 871 871 948 806 806 882 871 871 948 807 807 883 807 807 883 871 871 948 872 872 949 807 807 883 872 872 949 808 808 884 808 808 884 872 872 949 873 873 950 808 808 884 873 873 950 809 809 885 809 809 885 873 873 950 874 874 951 809 809 885 874 874 951 810 810 886 810 810 886 874 874 951 875 875 952 810 810 886 875 875 952 811 811 887 811 811 887 875 875 952 876 876 953 811 811 887 876 876 953 812 812 888 812 812 888 876 876 953 877 877 954 812 812 888 877 877 954 813 813 889 813 813 889 877 877 954 878 878 955 813 813 889 878 878 955 814 814 890 814 814 890 878 878 955 879 879 956 814 814 890 879 879 956 815 815 891 815 815 891 879 879 956 880 880 957 815 815 891 880 880 957 816 816 892 816 816 892 880 880 957 881 881 958 816 816 892 881 881 958 817 817 893 817 817 893 881 881 958 882 882 959 817 817 893 882 882 959 818 818 894 818 818 894 882 882 959 883 883 960 818 818 894 883 883 960 819 819 895 819 819 895 883 883 960 884 884 961 819 819 895 884 884 961 820 820 896 820 820 896 884 884 961 885 885 962 820 820 896 885 885 962 821 821 897 821 821 897 885 885 962 886 886 963 821 821 897 886 886 963 822 822 898 822 822 898 886 886 963 887 887 964 822 822 898 887 887 964 823 823 899 823 823 899 887 887 964 888 888 965 823 823 899 888 888 965 824 824 900 824 824 900 888 888 965 889 889 966 824 824 900 889 889 966 825 825 901 825 825 901 889 889 966 890 890 967 825 825 901 890 890 967 826 826 902 826 826 902 890 890 967 891 891 968 826 826 902 891 891 968 827 827 903 827 827 903 891 891 968 892 892 969 827 827 903 892 892 969 828 828 904 828 828 904 892 892 969 893 893 970 828 828 904 893 893 970 829 829 905 829 829 905 893 893 970 894 894 971 829 829 905 894 894 971 830 830 906 830 830 906 894 894 971 895 895 972 830 830 906 895 895 972 831 831 907 831 831 907 895 895 972 896 896 973 831 831 907 896 896 973 832 832 908 832 832 908 896 896 973 833 833 974 832 832 908 833 833 974 769 769 909 833 833 910 897 897 975 898 898 976 833 833 910 898 898 976 834 834 911 834 834 911 898 898 976 899 899 977 834 834 911 899 899 977 835 835 912 835 835 912 899 899 977 900 900 978 835 835 912 900 900 978 836 836 913 836 836 913 900 900 978 901 901 979 836 836 913 901 901 979 837 837 914 837 837 914 901 901 979 902 902 980 837 837 914 902 902 980 838 838 915 838 838 915 902 902 980 903 903 981 838 838 915 903 903 981 839 839 916 839 839 916 903 903 981 904 904 982 839 839 916 904 904 982 840 840 917 840 840 917 904 904 982 905 905 983 840 840 917 905 905 983 841 841 918 841 841 918 905 905 983 906 906 984 841 841 918 906 906 984 842 842 919 842 842 919 906 906 984 907 907 985 842 842 919 907 907 985 843 843 920 843 843 920 907 907 985 908 908 986 843 843 920 908 908 986 844 844 921 844 844 921 908 908 986 909 909 987 844 844 921 909 909 987 845 845 922 845 845 922 909 909 987 910 910 988 845 845 922 910 910 988 846 846 923 846 846 923 910 910 988 911 911 989 846 846 923 911 911 989 847 847 924 847 847 924 911 911 989 912 912 990 847 847 924 912 912 990 848 848 925 848 848 925 912 912 990 913 913 991 848 848 925 913 913 991 849 849 926 849 849 926 913 913 991 914 914 992 849 849 926 914 914 992 850 850 927 850 850 927 914 914 992 915 915 993 850 850 927 915 915 993 851 851 928 851 851 928 915 915 993 916 916 994 851 851 928 916 916 994 852 852 929 852 852 929 916 916 994 917 917 995 852 852 929 917 917 995 853 853 930 853 853 930 917 917 995 918 918 996 853 853 930 918 918 996 854 854 931 854 854 931 918 918 996 919 919 997 854 854 931 919 919 997 855 855 932 855 855 932 919 919 997 920 920 998 855 855 932 920 920 998 856 856 933 856 856 933 920 920 998 921 921 999 856 856 933 921 921 999 857 857 934 857 857 934 921 921 999 922 922 1000 857 857 934 922 922 1000 858 858 935 858 858 935 922 922 1000 923 923 1001 858 858 935 923 923 1001 859 859 936 859 859 936 923 923 1001 924 924 1002 859 859 936 924 924 1002 860 860 937 860 860 937 924 924 1002 925 925 1003 860 860 937 925 925 1003 861 861 938 861 861 938 925 925 1003 926 926 1004 861 861 938 926 926 1004 862 862 939 862 862 939 926 926 1004 927 927 1005 862 862 939 927 927 1005 863 863 940 863 863 940 927 927 1005 928 928 1006 863 863 940 928 928 1006 864 864 941 864 864 941 928 928 1006 929 929 1007 864 864 941 929 929 1007 865 865 942 865 865 942 929 929 1007 930 930 1008 865 865 942 930 930 1008 866 866 943 866 866 943 930 930 1008 931 931 1009 866 866 943 931 931 1009 867 867 944 867 867 944 931 931 1009 932 932 1010 867 867 944 932 932 1010 868 868 945 868 868 945 932 932 1010 933 933 1011 868 868 945 933 933 1011 869 869 946 869 869 946 933 933 1011 934 934 1012 869 869 946 934 934 1012 870 870 947 870 870 947 934 934 1012 935 935 1013 870 870 947 935 935 1013 871 871 948 871 871 948 935 935 1013 936 936 1014 871 871 948 936 936 1014 872 872 949 872 872 949 936 936 1014 937 937 1015 872 872 949 937 937 1015 873 873 950 873 873 950 937 937 1015 938 938 1016 873 873 950 938 938 1016 874 874 951 874 874 951 938 938 1016 939 939 1017 874 874 951 939 939 1017 875 875 952 875 875 952 939 939 1017 940 940 1018 875 875 952 940 940 1018 876 876 953 876 876 953 940 940 1018 941 941 1019 876 876 953 941 941 1019 877 877 954 877 877 954 941 941 1019 942 942 1020 877 877 954 942 942 1020 878 878 955 878 878 955 942 942 1020 943 943 1021 878 878 955 943 943 1021 879 879 956 879 879 956 943 943 1021 944 944 1022 879 879 956 944 944 1022 880 880 957 880 880 957 944 944 1022 945 945 1023 880 880 957 945 945 1023 881 881 958 881 881 958 945 945 1023 946 946 1024 881 881 958 946 946 1024 882 882 959 882 882 959 946 946 1024 947 947 1025 882 882 959 947 947 1025 883 883 960 883 883 960 947 947 1025 948 948 1026 883 883 960 948 948 1026 884 884 961 884 884 961 948 948 1026 949 949 1027 884 884 961 949 949 1027 885 885 962 885 885 962 949 949 1027 950 950 1028 885 885 962 950 950 1028 886 886 963 886 886 963 950 950 1028 951 951 1029 886 886 963 951 951 1029 887 887 964 887 887 964 951 951 1029 952 952 1030 887 887 964 952 952 1030 888 888 965 888 888 965 952 952 1030 953 953 1031 888 888 965 953 953 1031 889 889 966 889 889 966 953 953 1031 954 954 1032 889 889 966 954 954 1032 890 890 967 890 890 967 954 954 1032 955 955 1033 890 890 967 955 955 1033 891 891 968 891 891 968 955 955 1033 956 956 1034 891 891 968 956 956 1034 892 892 969 892 892 969 956 956 1034 957 957 1035 892 892 969 957 957 1035 893 893 970 893 893 970 957 957 1035 958 958 1036 893 893 970 958 958 1036 894 894 971 894 894 971 958 958 1036 959 959 1037 894 894 971 959 959 1037 895 895 972 895 895 972 959 959 1037 960 960 1038 895 895 972 960 960 1038 896 896 973 896 896 973 960 960 1038 897 897 1039 896 896 973 897 897 1039 833 833 974 897 897 975 961 961 1040 962 962 1041 897 897 975 962 962 1041 898 898 976 898 898 976 962 962 1041 963 963 1042 898 898 976 963 963 1042 899 899 977 899 899 977 963 963 1042 964 964 1043 899 899 977 964 964 1043 900 900 978 900 900 978 964 964 1043 965 965 1044 900 900 978 965 965 1044 901 901 979 901 901 979 965 965 1044 966 966 1045 901 901 979 966 966 1045 902 902 980 902 902 980 966 966 1045 967 967 1046 902 902 980 967 967 1046 903 903 981 903 903 981 967 967 1046 968 968 1047 903 903 981 968 968 1047 904 904 982 904 904 982 968 968 1047 969 969 1048 904 904 982 969 969 1048 905 905 983 905 905 983 969 969 1048 970 970 1049 905 905 983 970 970 1049 906 906 984 906 906 984 970 970 1049 971 971 1050 906 906 984 971 971 1050 907 907 985 907 907 985 971 971 1050 972 972 1051 907 907 985 972 972 1051 908 908 986 908 908 986 972 972 1051 973 973 1052 908 908 986 973 973 1052 909 909 987 909 909 987 973 973 1052 974 974 1053 909 909 987 974 974 1053 910 910 988 910 910 988 974 974 1053 975 975 1054 910 910 988 975 975 1054 911 911 989 911 911 989 975 975 1054 976 976 1055 911 911 989 976 976 1055 912 912 990 912 912 990 976 976 1055 977 977 1056 912 912 990 977 977 1056 913 913 991 913 913 991 977 977 1056 978 978 1057 913 913 991 978 978 1057 914 914 992 914 914 992 978 978 1057 979 979 1058 914 914 992 979 979 1058 915 915 993 915 915 993 979 979 1058 980 980 1059 915 915 993 980 980 1059 916 916 994 916 916 994 980 980 1059 981 981 1060 916 916 994 981 981 1060 917 917 995 917 917 995 981 981 1060 982 982 1061 917 917 995 982 982 1061 918 918 996 918 918 996 982 982 1061 983 983 1062 918 918 996 983 983 1062 919 919 997 919 919 997 983 983 1062 984 984 1063 919 919 997 984 984 1063 920 920 998 920 920 998 984 984 1063 985 985 1064 920 920 998 985 985 1064 921 921 999 921 921 999 985 985 1064 986 986 1065 921 921 999 986 986 1065 922 922 1000 922 922 1000 986 986 1065 987 987 1066 922 922 1000 987 987 1066 923 923 1001 923 923 1001 987 987 1066 988 988 1067 923 923 1001 988 988 1067 924 924 1002 924 924 1002 988 988 1067 989 989 1068 924 924 1002 989 989 1068 925 925 1003 925 925 1003 989 989 1068 990 990 1069 925 925 1003 990 990 1069 926 926 1004 926 926 1004 990 990 1069 991 991 1070 926 926 1004 991 991 1070 927 927 1005 927 927 1005 991 991 1070 992 992 1071 927 927 1005 992 992 1071 928 928 1006 928 928 1006 992 992 1071 993 993 1072 928 928 1006 993 993 1072 929 929 1007 929 929 1007 993 993 1072 994 994 1073 929 929 1007 994 994 1073 930 930 1008 930 930 1008 994 994 1073 995 995 1074 930 930 1008 995 995 1074 931 931 1009 931 931 1009 995 995 1074 996 996 1075 931 931 1009 996 996 1075 932 932 1010 932 932 1010 996 996 1075 997 997 1076 932 932 1010 997 997 1076 933 933 1011 933 933 1011 997 997 1076 998 998 1077 933 933 1011 998 998 1077 934 934 1012 934 934 1012 998 998 1077 999 999 1078 934 934 1012 999 999 1078 935 935 1013 935 935 1013 999 999 1078 1000 1000 1079 935 935 1013 1000 1000 1079 936 936 1014 936 936 1014 1000 1000 1079 1001 1001 1080 936 936 1014 1001 1001 1080 937 937 1015 937 937 1015 1001 1001 1080 1002 1002 1081 937 937 1015 1002 1002 1081 938 938 1016 938 938 1016 1002 1002 1081 1003 1003 1082 938 938 1016 1003 1003 1082 939 939 1017 939 939 1017 1003 1003 1082 1004 1004 1083 939 939 1017 1004 1004 1083 940 940 1018 940 940 1018 1004 1004 1083 1005 1005 1084 940 940 1018 1005 1005 1084 941 941 1019 941 941 1019 1005 1005 1084 1006 1006 1085 941 941 1019 1006 1006 1085 942 942 1020 942 942 1020 1006 1006 1085 1007 1007 1086 942 942 1020 1007 1007 1086 943 943 1021 943 943 1021 1007 1007 1086 1008 1008 1087 943 943 1021 1008 1008 1087 944 944 1022 944 944 1022 1008 1008 1087 1009 1009 1088 944 944 1022 1009 1009 1088 945 945 1023 945 945 1023 1009 1009 1088 1010 1010 1089 945 945 1023 1010 1010 1089 946 946 1024 946 946 1024 1010 1010 1089 1011 1011 1090 946 946 1024 1011 1011 1090 947 947 1025 947 947 1025 1011 1011 1090 1012 1012 1091 947 947 1025 1012 1012 1091 948 948 1026 948 948 1026 1012 1012 1091 1013 1013 1092 948 948 1026 1013 1013 1092 949 949 1027 949 949 1027 1013 1013 1092 1014 1014 1093 949 949 1027 1014 1014 1093 950 950 1028 950 950 1028 1014 1014 1093 1015 1015 1094 950 950 1028 1015 1015 1094 951 951 1029 951 951 1029 1015 1015 1094 1016 1016 1095 951 951 1029 1016 1016 1095 952 952 1030 952 952 1030 1016 1016 1095 1017 1017 1096 952 952 1030 1017 1017 1096 953 953 1031 953 953 1031 1017 1017 1096 1018 1018 1097 953 953 1031 1018 1018 1097 954 954 1032 954 954 1032 1018 1018 1097 1019 1019 1098 954 954 1032 1019 1019 1098 955 955 1033 955 955 1033 1019 1019 1098 1020 1020 1099 955 955 1033 1020 1020 1099 956 956 1034 956 956 1034 1020 1020 1099 1021 1021 1100 956 956 1034 1021 1021 1100 957 957 1035 957 957 1035 1021 1021 1100 1022 1022 1101 957 957 1035 1022 1022 1101 958 958 1036 958 958 1036 1022 1022 1101 1023 1023 1102 958 958 1036 1023 1023 1102 959 959 1037 959 959 1037 1023 1023 1102 1024 1024 1103 959 959 1037 1024 1024 1103 960 960 1038 960 960 1038 1024 1024 1103 961 961 1104 960 960 1038 961 961 1104 897 897 1039 961 961 1040 1025 1025 1105 1026 1026 1106 961 961 1040 1026 1026 1106 962 962 1041 962 962 1041 1026 1026 1106 1027 1027 1107 962 962 1041 1027 1027 1107 963 963 1042 963 963 1042 1027 1027 1107 1028 1028 1108 963 963 1042 1028 1028 1108 964 964 1043 964 964 1043 1028 1028 1108 1029 1029 1109 964 964 1043 1029 1029 1109 965 965 1044 965 965 1044 1029 1029 1109 1030 1030 1110 965 965 1044 1030 1030 1110 966 966 1045 966 966 1045 1030 1030 1110 1031 1031 1111 966 966 1045 1031 1031 1111 967 967 1046 967 967 1046 1031 1031 1111 1032 1032 1112 967 967 1046 1032 1032 1112 968 968 1047 968 968 1047 1032 1032 1112 1033 1033 1113 968 968 1047 1033 1033 1113 969 969 1048 969 969 1048 1033 1033 1113 1034 1034 1114 969 969 1048 1034 1034 1114 970 970 1049 970 970 1049 1034 1034 1114 1035 1035 1115 970 970 1049 1035 1035 1115 971 971 1050 971 971 1050 1035 1035 1115 1036 1036 1116 971 971 1050 1036 1036 1116 972 972 1051 972 972 1051 1036 1036 1116 1037 1037 1117 972 972 1051 1037 1037 1117 973 973 1052 973 973 1052 1037 1037 1117 1038 1038 1118 973 973 1052 1038 1038 1118 974 974 1053 974 974 1053 1038 1038 1118 1039 1039 1119 974 974 1053 1039 1039 1119 975 975 1054 975 975 1054 1039 1039 1119 1040 1040 1120 975 975 1054 1040 1040 1120 976 976 1055 976 976 1055 1040 1040 1120 1041 1041 1121 976 976 1055 1041 1041 1121 977 977 1056 977 977 1056 1041 1041 1121 1042 1042 1122 977 977 1056 1042 1042 1122 978 978 1057 978 978 1057 1042 1042 1122 1043 1043 1123 978 978 1057 1043 1043 1123 979 979 1058 979 979 1058 1043 1043 1123 1044 1044 1124 979 979 1058 1044 1044 1124 980 980 1059 980 980 1059 1044 1044 1124 1045 1045 1125 980 980 1059 1045 1045 1125 981 981 1060 981 981 1060 1045 1045 1125 1046 1046 1126 981 981 1060 1046 1046 1126 982 982 1061 982 982 1061 1046 1046 1126 1047 1047 1127 982 982 1061 1047 1047 1127 983 983 1062 983 983 1062 1047 1047 1127 1048 1048 1128 983 983 1062 1048 1048 1128 984 984 1063 984 984 1063 1048 1048 1128 1049 1049 1129 984 984 1063 1049 1049 1129 985 985 1064 985 985 1064 1049 1049 1129 1050 1050 1130 985 985 1064 1050 1050 1130 986 986 1065 986 986 1065 1050 1050 1130 1051 1051 1131 986 986 1065 1051 1051 1131 987 987 1066 987 987 1066 1051 1051 1131 1052 1052 1132 987 987 1066 1052 1052 1132 988 988 1067 988 988 1067 1052 1052 1132 1053 1053 1133 988 988 1067 1053 1053 1133 989 989 1068 989 989 1068 1053 1053 1133 1054 1054 1134 989 989 1068 1054 1054 1134 990 990 1069 990 990 1069 1054 1054 1134 1055 1055 1135 990 990 1069 1055 1055 1135 991 991 1070 991 991 1070 1055 1055 1135 1056 1056 1136 991 991 1070 1056 1056 1136 992 992 1071 992 992 1071 1056 1056 1136 1057 1057 1137 992 992 1071 1057 1057 1137 993 993 1072 993 993 1072 1057 1057 1137 1058 1058 1138 993 993 1072 1058 1058 1138 994 994 1073 994 994 1073 1058 1058 1138 1059 1059 1139 994 994 1073 1059 1059 1139 995 995 1074 995 995 1074 1059 1059 1139 1060 1060 1140 995 995 1074 1060 1060 1140 996 996 1075 996 996 1075 1060 1060 1140 1061 1061 1141 996 996 1075 1061 1061 1141 997 997 1076 997 997 1076 1061 1061 1141 1062 1062 1142 997 997 1076 1062 1062 1142 998 998 1077 998 998 1077 1062 1062 1142 1063 1063 1143 998 998 1077 1063 1063 1143 999 999 1078 999 999 1078 1063 1063 1143 1064 1064 1144 999 999 1078 1064 1064 1144 1000 1000 1079 1000 1000 1079 1064 1064 1144 1065 1065 1145 1000 1000 1079 1065 1065 1145 1001 1001 1080 1001 1001 1080 1065 1065 1145 1066 1066 1146 1001 1001 1080 1066 1066 1146 1002 1002 1081 1002 1002 1081 1066 1066 1146 1067 1067 1147 1002 1002 1081 1067 1067 1147 1003 1003 1082 1003 1003 1082 1067 1067 1147 1068 1068 1148 1003 1003 1082 1068 1068 1148 1004 1004 1083 1004 1004 1083 1068 1068 1148 1069 1069 1149 1004 1004 1083 1069 1069 1149 1005 1005 1084 1005 1005 1084 1069 1069 1149 1070 1070 1150 1005 1005 1084 1070 1070 1150 1006 1006 1085 1006 1006 1085 1070 1070 1150 1071 1071 1151 1006 1006 1085 1071 1071 1151 1007 1007 1086 1007 1007 1086 1071 1071 1151 1072 1072 1152 1007 1007 1086 1072 1072 1152 1008 1008 1087 1008 1008 1087 1072 1072 1152 1073 1073 1153 1008 1008 1087 1073 1073 1153 1009 1009 1088 1009 1009 1088 1073 1073 1153 1074 1074 1154 1009 1009 1088 1074 1074 1154 1010 1010 1089 1010 1010 1089 1074 1074 1154 1075 1075 1155 1010 1010 1089 1075 1075 1155 1011 1011 1090 1011 1011 1090 1075 1075 1155 1076 1076 1156 1011 1011 1090 1076 1076 1156 1012 1012 1091 1012 1012 1091 1076 1076 1156 1077 1077 1157 1012 1012 1091 1077 1077 1157 1013 1013 1092 1013 1013 1092 1077 1077 1157 1078 1078 1158 1013 1013 1092 1078 1078 1158 1014 1014 1093 1014 1014 1093 1078 1078 1158 1079 1079 1159 1014 1014 1093 1079 1079 1159 1015 1015 1094 1015 1015 1094 1079 1079 1159 1080 1080 1160 1015 1015 1094 1080 1080 1160 1016 1016 1095 1016 1016 1095 1080 1080 1160 1081 1081 1161 1016 1016 1095 1081 1081 1161 1017 1017 1096 1017 1017 1096 1081 1081 1161 1082 1082 1162 1017 1017 1096 1082 1082 1162 1018 1018 1097 1018 1018 1097 1082 1082 1162 1083 1083 1163 1018 1018 1097 1083 1083 1163 1019 1019 1098 1019 1019 1098 1083 1083 1163 1084 1084 1164 1019 1019 1098 1084 1084 1164 1020 1020 1099 1020 1020 1099 1084 1084 1164 1085 1085 1165 1020 1020 1099 1085 1085 1165 1021 1021 1100 1021 1021 1100 1085 1085 1165 1086 1086 1166 1021 1021 1100 1086 1086 1166 1022 1022 1101 1022 1022 1101 1086 1086 1166 1087 1087 1167 1022 1022 1101 1087 1087 1167 1023 1023 1102 1023 1023 1102 1087 1087 1167 1088 1088 1168 1023 1023 1102 1088 1088 1168 1024 1024 1103 1024 1024 1103 1088 1088 1168 1025 1025 1169 1024 1024 1103 1025 1025 1169 961 961 1104 1025 1025 1105 1089 1089 1170 1090 1090 1171 1025 1025 1105 1090 1090 1171 1026 1026 1106 1026 1026 1106 1090 1090 1171 1091 1091 1172 1026 1026 1106 1091 1091 1172 1027 1027 1107 1027 1027 1107 1091 1091 1172 1092 1092 1173 1027 1027 1107 1092 1092 1173 1028 1028 1108 1028 1028 1108 1092 1092 1173 1093 1093 1174 1028 1028 1108 1093 1093 1174 1029 1029 1109 1029 1029 1109 1093 1093 1174 1094 1094 1175 1029 1029 1109 1094 1094 1175 1030 1030 1110 1030 1030 1110 1094 1094 1175 1095 1095 1176 1030 1030 1110 1095 1095 1176 1031 1031 1111 1031 1031 1111 1095 1095 1176 1096 1096 1177 1031 1031 1111 1096 1096 1177 1032 1032 1112 1032 1032 1112 1096 1096 1177 1097 1097 1178 1032 1032 1112 1097 1097 1178 1033 1033 1113 1033 1033 1113 1097 1097 1178 1098 1098 1179 1033 1033 1113 1098 1098 1179 1034 1034 1114 1034 1034 1114 1098 1098 1179 1099 1099 1180 1034 1034 1114 1099 1099 1180 1035 1035 1115 1035 1035 1115 1099 1099 1180 1100 1100 1181 1035 1035 1115 1100 1100 1181 1036 1036 1116 1036 1036 1116 1100 1100 1181 1101 1101 1182 1036 1036 1116 1101 1101 1182 1037 1037 1117 1037 1037 1117 1101 1101 1182 1102 1102 1183 1037 1037 1117 1102 1102 1183 1038 1038 1118 1038 1038 1118 1102 1102 1183 1103 1103 1184 1038 1038 1118 1103 1103 1184 1039 1039 1119 1039 1039 1119 1103 1103 1184 1104 1104 1185 1039 1039 1119 1104 1104 1185 1040 1040 1120 1040 1040 1120 1104 1104 1185 1105 1105 1186 1040 1040 1120 1105 1105 1186 1041 1041 1121 1041 1041 1121 1105 1105 1186 1106 1106 1187 1041 1041 1121 1106 1106 1187 1042 1042 1122 1042 1042 1122 1106 1106 1187 1107 1107 1188 1042 1042 1122 1107 1107 1188 1043 1043 1123 1043 1043 1123 1107 1107 1188 1108 1108 1189 1043 1043 1123 1108 1108 1189 1044 1044 1124 1044 1044 1124 1108 1108 1189 1109 1109 1190 1044 1044 1124 1109 1109 1190 1045 1045 1125 1045 1045 1125 1109 1109 1190 1110 1110 1191 1045 1045 1125 1110 1110 1191 1046 1046 1126 1046 1046 1126 1110 1110 1191 1111 1111 1192 1046 1046 1126 1111 1111 1192 1047 1047 1127 1047 1047 1127 1111 1111 1192 1112 1112 1193 1047 1047 1127 1112 1112 1193 1048 1048 1128 1048 1048 1128 1112 1112 1193 1113 1113 1194 1048 1048 1128 1113 1113 1194 1049 1049 1129 1049 1049 1129 1113 1113 1194 1114 1114 1195 1049 1049 1129 1114 1114 1195 1050 1050 1130 1050 1050 1130 1114 1114 1195 1115 1115 1196 1050 1050 1130 1115 1115 1196 1051 1051 1131 1051 1051 1131 1115 1115 1196 1116 1116 1197 1051 1051 1131 1116 1116 1197 1052 1052 1132 1052 1052 1132 1116 1116 1197 1117 1117 1198 1052 1052 1132 1117 1117 1198 1053 1053 1133 1053 1053 1133 1117 1117 1198 1118 1118 1199 1053 1053 1133 1118 1118 1199 1054 1054 1134 1054 1054 1134 1118 1118 1199 1119 1119 1200 1054 1054 1134 1119 1119 1200 1055 1055 1135 1055 1055 1135 1119 1119 1200 1120 1120 1201 1055 1055 1135 1120 1120 1201 1056 1056 1136 1056 1056 1136 1120 1120 1201 1121 1121 1202 1056 1056 1136 1121 1121 1202 1057 1057 1137 1057 1057 1137 1121 1121 1202 1122 1122 1203 1057 1057 1137 1122 1122 1203 1058 1058 1138 1058 1058 1138 1122 1122 1203 1123 1123 1204 1058 1058 1138 1123 1123 1204 1059 1059 1139 1059 1059 1139 1123 1123 1204 1124 1124 1205 1059 1059 1139 1124 1124 1205 1060 1060 1140 1060 1060 1140 1124 1124 1205 1125 1125 1206 1060 1060 1140 1125 1125 1206 1061 1061 1141 1061 1061 1141 1125 1125 1206 1126 1126 1207 1061 1061 1141 1126 1126 1207 1062 1062 1142 1062 1062 1142 1126 1126 1207 1127 1127 1208 1062 1062 1142 1127 1127 1208 1063 1063 1143 1063 1063 1143 1127 1127 1208 1128 1128 1209 1063 1063 1143 1128 1128 1209 1064 1064 1144 1064 1064 1144 1128 1128 1209 1129 1129 1210 1064 1064 1144 1129 1129 1210 1065 1065 1145 1065 1065 1145 1129 1129 1210 1130 1130 1211 1065 1065 1145 1130 1130 1211 1066 1066 1146 1066 1066 1146 1130 1130 1211 1131 1131 1212 1066 1066 1146 1131 1131 1212 1067 1067 1147 1067 1067 1147 1131 1131 1212 1132 1132 1213 1067 1067 1147 1132 1132 1213 1068 1068 1148 1068 1068 1148 1132 1132 1213 1133 1133 1214 1068 1068 1148 1133 1133 1214 1069 1069 1149 1069 1069 1149 1133 1133 1214 1134 1134 1215 1069 1069 1149 1134 1134 1215 1070 1070 1150 1070 1070 1150 1134 1134 1215 1135 1135 1216 1070 1070 1150 1135 1135 1216 1071 1071 1151 1071 1071 1151 1135 1135 1216 1136 1136 1217 1071 1071 1151 1136 1136 1217 1072 1072 1152 1072 1072 1152 1136 1136 1217 1137 1137 1218 1072 1072 1152 1137 1137 1218 1073 1073 1153 1073 1073 1153 1137 1137 1218 1138 1138 1219 1073 1073 1153 1138 1138 1219 1074 1074 1154 1074 1074 1154 1138 1138 1219 1139 1139 1220 1074 1074 1154 1139 1139 1220 1075 1075 1155 1075 1075 1155 1139 1139 1220 1140 1140 1221 1075 1075 1155 1140 1140 1221 1076 1076 1156 1076 1076 1156 1140 1140 1221 1141 1141 1222 1076 1076 1156 1141 1141 1222 1077 1077 1157 1077 1077 1157 1141 1141 1222 1142 1142 1223 1077 1077 1157 1142 1142 1223 1078 1078 1158 1078 1078 1158 1142 1142 1223 1143 1143 1224 1078 1078 1158 1143 1143 1224 1079 1079 1159 1079 1079 1159 1143 1143 1224 1144 1144 1225 1079 1079 1159 1144 1144 1225 1080 1080 1160 1080 1080 1160 1144 1144 1225 1145 1145 1226 1080 1080 1160 1145 1145 1226 1081 1081 1161 1081 1081 1161 1145 1145 1226 1146 1146 1227 1081 1081 1161 1146 1146 1227 1082 1082 1162 1082 1082 1162 1146 1146 1227 1147 1147 1228 1082 1082 1162 1147 1147 1228 1083 1083 1163 1083 1083 1163 1147 1147 1228 1148 1148 1229 1083 1083 1163 1148 1148 1229 1084 1084 1164 1084 1084 1164 1148 1148 1229 1149 1149 1230 1084 1084 1164 1149 1149 1230 1085 1085 1165 1085 1085 1165 1149 1149 1230 1150 1150 1231 1085 1085 1165 1150 1150 1231 1086 1086 1166 1086 1086 1166 1150 1150 1231 1151 1151 1232 1086 1086 1166 1151 1151 1232 1087 1087 1167 1087 1087 1167 1151 1151 1232 1152 1152 1233 1087 1087 1167 1152 1152 1233 1088 1088 1168 1088 1088 1168 1152 1152 1233 1089 1089 1234 1088 1088 1168 1089 1089 1234 1025 1025 1169 1089 1089 1170 1153 1153 1235 1154 1154 1236 1089 1089 1170 1154 1154 1236 1090 1090 1171 1090 1090 1171 1154 1154 1236 1155 1155 1237 1090 1090 1171 1155 1155 1237 1091 1091 1172 1091 1091 1172 1155 1155 1237 1156 1156 1238 1091 1091 1172 1156 1156 1238 1092 1092 1173 1092 1092 1173 1156 1156 1238 1157 1157 1239 1092 1092 1173 1157 1157 1239 1093 1093 1174 1093 1093 1174 1157 1157 1239 1158 1158 1240 1093 1093 1174 1158 1158 1240 1094 1094 1175 1094 1094 1175 1158 1158 1240 1159 1159 1241 1094 1094 1175 1159 1159 1241 1095 1095 1176 1095 1095 1176 1159 1159 1241 1160 1160 1242 1095 1095 1176 1160 1160 1242 1096 1096 1177 1096 1096 1177 1160 1160 1242 1161 1161 1243 1096 1096 1177 1161 1161 1243 1097 1097 1178 1097 1097 1178 1161 1161 1243 1162 1162 1244 1097 1097 1178 1162 1162 1244 1098 1098 1179 1098 1098 1179 1162 1162 1244 1163 1163 1245 1098 1098 1179 1163 1163 1245 1099 1099 1180 1099 1099 1180 1163 1163 1245 1164 1164 1246 1099 1099 1180 1164 1164 1246 1100 1100 1181 1100 1100 1181 1164 1164 1246 1165 1165 1247 1100 1100 1181 1165 1165 1247 1101 1101 1182 1101 1101 1182 1165 1165 1247 1166 1166 1248 1101 1101 1182 1166 1166 1248 1102 1102 1183 1102 1102 1183 1166 1166 1248 1167 1167 1249 1102 1102 1183 1167 1167 1249 1103 1103 1184 1103 1103 1184 1167 1167 1249 1168 1168 1250 1103 1103 1184 1168 1168 1250 1104 1104 1185 1104 1104 1185 1168 1168 1250 1169 1169 1251 1104 1104 1185 1169 1169 1251 1105 1105 1186 1105 1105 1186 1169 1169 1251 1170 1170 1252 1105 1105 1186 1170 1170 1252 1106 1106 1187 1106 1106 1187 1170 1170 1252 1171 1171 1253 1106 1106 1187 1171 1171 1253 1107 1107 1188 1107 1107 1188 1171 1171 1253 1172 1172 1254 1107 1107 1188 1172 1172 1254 1108 1108 1189 1108 1108 1189 1172 1172 1254 1173 1173 1255 1108 1108 1189 1173 1173 1255 1109 1109 1190 1109 1109 1190 1173 1173 1255 1174 1174 1256 1109 1109 1190 1174 1174 1256 1110 1110 1191 1110 1110 1191 1174 1174 1256 1175 1175 1257 1110 1110 1191 1175 1175 1257 1111 1111 1192 1111 1111 1192 1175 1175 1257 1176 1176 1258 1111 1111 1192 1176 1176 1258 1112 1112 1193 1112 1112 1193 1176 1176 1258 1177 1177 1259 1112 1112 1193 1177 1177 1259 1113 1113 1194 1113 1113 1194 1177 1177 1259 1178 1178 1260 1113 1113 1194 1178 1178 1260 1114 1114 1195 1114 1114 1195 1178 1178 1260 1179 1179 1261 1114 1114 1195 1179 1179 1261 1115 1115 1196 1115 1115 1196 1179 1179 1261 1180 1180 1262 1115 1115 1196 1180 1180 1262 1116 1116 1197 1116 1116 1197 1180 1180 1262 1181 1181 1263 1116 1116 1197 1181 1181 1263 1117 1117 1198 1117 1117 1198 1181 1181 1263 1182 1182 1264 1117 1117 1198 1182 1182 1264 1118 1118 1199 1118 1118 1199 1182 1182 1264 1183 1183 1265 1118 1118 1199 1183 1183 1265 1119 1119 1200 1119 1119 1200 1183 1183 1265 1184 1184 1266 1119 1119 1200 1184 1184 1266 1120 1120 1201 1120 1120 1201 1184 1184 1266 1185 1185 1267 1120 1120 1201 1185 1185 1267 1121 1121 1202 1121 1121 1202 1185 1185 1267 1186 1186 1268 1121 1121 1202 1186 1186 1268 1122 1122 1203 1122 1122 1203 1186 1186 1268 1187 1187 1269 1122 1122 1203 1187 1187 1269 1123 1123 1204 1123 1123 1204 1187 1187 1269 1188 1188 1270 1123 1123 1204 1188 1188 1270 1124 1124 1205 1124 1124 1205 1188 1188 1270 1189 1189 1271 1124 1124 1205 1189 1189 1271 1125 1125 1206 1125 1125 1206 1189 1189 1271 1190 1190 1272 1125 1125 1206 1190 1190 1272 1126 1126 1207 1126 1126 1207 1190 1190 1272 1191 1191 1273 1126 1126 1207 1191 1191 1273 1127 1127 1208 1127 1127 1208 1191 1191 1273 1192 1192 1274 1127 1127 1208 1192 1192 1274 1128 1128 1209 1128 1128 1209 1192 1192 1274 1193 1193 1275 1128 1128 1209 1193 1193 1275 1129 1129 1210 1129 1129 1210 1193 1193 1275 1194 1194 1276 1129 1129 1210 1194 1194 1276 1130 1130 1211 1130 1130 1211 1194 1194 1276 1195 1195 1277 1130 1130 1211 1195 1195 1277 1131 1131 1212 1131 1131 1212 1195 1195 1277 1196 1196 1278 1131 1131 1212 1196 1196 1278 1132 1132 1213 1132 1132 1213 1196 1196 1278 1197 1197 1279 1132 1132 1213 1197 1197 1279 1133 1133 1214 1133 1133 1214 1197 1197 1279 1198 1198 1280 1133 1133 1214 1198 1198 1280 1134 1134 1215 1134 1134 1215 1198 1198 1280 1199 1199 1281 1134 1134 1215 1199 1199 1281 1135 1135 1216 1135 1135 1216 1199 1199 1281 1200 1200 1282 1135 1135 1216 1200 1200 1282 1136 1136 1217 1136 1136 1217 1200 1200 1282 1201 1201 1283 1136 1136 1217 1201 1201 1283 1137 1137 1218 1137 1137 1218 1201 1201 1283 1202 1202 1284 1137 1137 1218 1202 1202 1284 1138 1138 1219 1138 1138 1219 1202 1202 1284 1203 1203 1285 1138 1138 1219 1203 1203 1285 1139 1139 1220 1139 1139 1220 1203 1203 1285 1204 1204 1286 1139 1139 1220 1204 1204 1286 1140 1140 1221 1140 1140 1221 1204 1204 1286 1205 1205 1287 1140 1140 1221 1205 1205 1287 1141 1141 1222 1141 1141 1222 1205 1205 1287 1206 1206 1288 1141 1141 1222 1206 1206 1288 1142 1142 1223 1142 1142 1223 1206 1206 1288 1207 1207 1289 1142 1142 1223 1207 1207 1289 1143 1143 1224 1143 1143 1224 1207 1207 1289 1208 1208 1290 1143 1143 1224 1208 1208 1290 1144 1144 1225 1144 1144 1225 1208 1208 1290 1209 1209 1291 1144 1144 1225 1209 1209 1291 1145 1145 1226 1145 1145 1226 1209 1209 1291 1210 1210 1292 1145 1145 1226 1210 1210 1292 1146 1146 1227 1146 1146 1227 1210 1210 1292 1211 1211 1293 1146 1146 1227 1211 1211 1293 1147 1147 1228 1147 1147 1228 1211 1211 1293 1212 1212 1294 1147 1147 1228 1212 1212 1294 1148 1148 1229 1148 1148 1229 1212 1212 1294 1213 1213 1295 1148 1148 1229 1213 1213 1295 1149 1149 1230 1149 1149 1230 1213 1213 1295 1214 1214 1296 1149 1149 1230 1214 1214 1296 1150 1150 1231 1150 1150 1231 1214 1214 1296 1215 1215 1297 1150 1150 1231 1215 1215 1297 1151 1151 1232 1151 1151 1232 1215 1215 1297 1216 1216 1298 1151 1151 1232 1216 1216 1298 1152 1152 1233 1152 1152 1233 1216 1216 1298 1153 1153 1299 1152 1152 1233 1153 1153 1299 1089 1089 1234 1153 1153 1235 1217 1217 1300 1218 1218 1301 1153 1153 1235 1218 1218 1301 1154 1154 1236 1154 1154 1236 1218 1218 1301 1219 1219 1302 1154 1154 1236 1219 1219 1302 1155 1155 1237 1155 1155 1237 1219 1219 1302 1220 1220 1303 1155 1155 1237 1220 1220 1303 1156 1156 1238 1156 1156 1238 1220 1220 1303 1221 1221 1304 1156 1156 1238 1221 1221 1304 1157 1157 1239 1157 1157 1239 1221 1221 1304 1222 1222 1305 1157 1157 1239 1222 1222 1305 1158 1158 1240 1158 1158 1240 1222 1222 1305 1223 1223 1306 1158 1158 1240 1223 1223 1306 1159 1159 1241 1159 1159 1241 1223 1223 1306 1224 1224 1307 1159 1159 1241 1224 1224 1307 1160 1160 1242 1160 1160 1242 1224 1224 1307 1225 1225 1308 1160 1160 1242 1225 1225 1308 1161 1161 1243 1161 1161 1243 1225 1225 1308 1226 1226 1309 1161 1161 1243 1226 1226 1309 1162 1162 1244 1162 1162 1244 1226 1226 1309 1227 1227 1310 1162 1162 1244 1227 1227 1310 1163 1163 1245 1163 1163 1245 1227 1227 1310 1228 1228 1311 1163 1163 1245 1228 1228 1311 1164 1164 1246 1164 1164 1246 1228 1228 1311 1229 1229 1312 1164 1164 1246 1229 1229 1312 1165 1165 1247 1165 1165 1247 1229 1229 1312 1230 1230 1313 1165 1165 1247 1230 1230 1313 1166 1166 1248 1166 1166 1248 1230 1230 1313 1231 1231 1314 1166 1166 1248 1231 1231 1314 1167 1167 1249 1167 1167 1249 1231 1231 1314 1232 1232 1315 1167 1167 1249 1232 1232 1315 1168 1168 1250 1168 1168 1250 1232 1232 1315 1233 1233 1316 1168 1168 1250 1233 1233 1316 1169 1169 1251 1169 1169 1251 1233 1233 1316 1234 1234 1317 1169 1169 1251 1234 1234 1317 1170 1170 1252 1170 1170 1252 1234 1234 1317 1235 1235 1318 1170 1170 1252 1235 1235 1318 1171 1171 1253 1171 1171 1253 1235 1235 1318 1236 1236 1319 1171 1171 1253 1236 1236 1319 1172 1172 1254 1172 1172 1254 1236 1236 1319 1237 1237 1320 1172 1172 1254 1237 1237 1320 1173 1173 1255 1173 1173 1255 1237 1237 1320 1238 1238 1321 1173 1173 1255 1238 1238 1321 1174 1174 1256 1174 1174 1256 1238 1238 1321 1239 1239 1322 1174 1174 1256 1239 1239 1322 1175 1175 1257 1175 1175 1257 1239 1239 1322 1240 1240 1323 1175 1175 1257 1240 1240 1323 1176 1176 1258 1176 1176 1258 1240 1240 1323 1241 1241 1324 1176 1176 1258 1241 1241 1324 1177 1177 1259 1177 1177 1259 1241 1241 1324 1242 1242 1325 1177 1177 1259 1242 1242 1325 1178 1178 1260 1178 1178 1260 1242 1242 1325 1243 1243 1326 1178 1178 1260 1243 1243 1326 1179 1179 1261 1179 1179 1261 1243 1243 1326 1244 1244 1327 1179 1179 1261 1244 1244 1327 1180 1180 1262 1180 1180 1262 1244 1244 1327 1245 1245 1328 1180 1180 1262 1245 1245 1328 1181 1181 1263 1181 1181 1263 1245 1245 1328 1246 1246 1329 1181 1181 1263 1246 1246 1329 1182 1182 1264 1182 1182 1264 1246 1246 1329 1247 1247 1330 1182 1182 1264 1247 1247 1330 1183 1183 1265 1183 1183 1265 1247 1247 1330 1248 1248 1331 1183 1183 1265 1248 1248 1331 1184 1184 1266 1184 1184 1266 1248 1248 1331 1249 1249 1332 1184 1184 1266 1249 1249 1332 1185 1185 1267 1185 1185 1267 1249 1249 1332 1250 1250 1333 1185 1185 1267 1250 1250 1333 1186 1186 1268 1186 1186 1268 1250 1250 1333 1251 1251 1334 1186 1186 1268 1251 1251 1334 1187 1187 1269 1187 1187 1269 1251 1251 1334 1252 1252 1335 1187 1187 1269 1252 1252 1335 1188 1188 1270 1188 1188 1270 1252 1252 1335 1253 1253 1336 1188 1188 1270 1253 1253 1336 1189 1189 1271 1189 1189 1271 1253 1253 1336 1254 1254 1337 1189 1189 1271 1254 1254 1337 1190 1190 1272 1190 1190 1272 1254 1254 1337 1255 1255 1338 1190 1190 1272 1255 1255 1338 1191 1191 1273 1191 1191 1273 1255 1255 1338 1256 1256 1339 1191 1191 1273 1256 1256 1339 1192 1192 1274 1192 1192 1274 1256 1256 1339 1257 1257 1340 1192 1192 1274 1257 1257 1340 1193 1193 1275 1193 1193 1275 1257 1257 1340 1258 1258 1341 1193 1193 1275 1258 1258 1341 1194 1194 1276 1194 1194 1276 1258 1258 1341 1259 1259 1342 1194 1194 1276 1259 1259 1342 1195 1195 1277 1195 1195 1277 1259 1259 1342 1260 1260 1343 1195 1195 1277 1260 1260 1343 1196 1196 1278 1196 1196 1278 1260 1260 1343 1261 1261 1344 1196 1196 1278 1261 1261 1344 1197 1197 1279 1197 1197 1279 1261 1261 1344 1262 1262 1345 1197 1197 1279 1262 1262 1345 1198 1198 1280 1198 1198 1280 1262 1262 1345 1263 1263 1346 1198 1198 1280 1263 1263 1346 1199 1199 1281 1199 1199 1281 1263 1263 1346 1264 1264 1347 1199 1199 1281 1264 1264 1347 1200 1200 1282 1200 1200 1282 1264 1264 1347 1265 1265 1348 1200 1200 1282 1265 1265 1348 1201 1201 1283 1201 1201 1283 1265 1265 1348 1266 1266 1349 1201 1201 1283 1266 1266 1349 1202 1202 1284 1202 1202 1284 1266 1266 1349 1267 1267 1350 1202 1202 1284 1267 1267 1350 1203 1203 1285 1203 1203 1285 1267 1267 1350 1268 1268 1351 1203 1203 1285 1268 1268 1351 1204 1204 1286 1204 1204 1286 1268 1268 1351 1269 1269 1352 1204 1204 1286 1269 1269 1352 1205 1205 1287 1205 1205 1287 1269 1269 1352 1270 1270 1353 1205 1205 1287 1270 1270 1353 1206 1206 1288 1206 1206 1288 1270 1270 1353 1271 1271 1354 1206 1206 1288 1271 1271 1354 1207 1207 1289 1207 1207 1289 1271 1271 1354 1272 1272 1355 1207 1207 1289 1272 1272 1355 1208 1208 1290 1208 1208 1290 1272 1272 1355 1273 1273 1356 1208 1208 1290 1273 1273 1356 1209 1209 1291 1209 1209 1291 1273 1273 1356 1274 1274 1357 1209 1209 1291 1274 1274 1357 1210 1210 1292 1210 1210 1292 1274 1274 1357 1275 1275 1358 1210 1210 1292 1275 1275 1358 1211 1211 1293 1211 1211 1293 1275 1275 1358 1276 1276 1359 1211 1211 1293 1276 1276 1359 1212 1212 1294 1212 1212 1294 1276 1276 1359 1277 1277 1360 1212 1212 1294 1277 1277 1360 1213 1213 1295 1213 1213 1295 1277 1277 1360 1278 1278 1361 1213 1213 1295 1278 1278 1361 1214 1214 1296 1214 1214 1296 1278 1278 1361 1279 1279 1362 1214 1214 1296 1279 1279 1362 1215 1215 1297 1215 1215 1297 1279 1279 1362 1280 1280 1363 1215 1215 1297 1280 1280 1363 1216 1216 1298 1216 1216 1298 1280 1280 1363 1217 1217 1364 1216 1216 1298 1217 1217 1364 1153 1153 1299 1217 1217 1300 1281 1281 1365 1282 1282 1366 1217 1217 1300 1282 1282 1366 1218 1218 1301 1218 1218 1301 1282 1282 1366 1283 1283 1367 1218 1218 1301 1283 1283 1367 1219 1219 1302 1219 1219 1302 1283 1283 1367 1284 1284 1368 1219 1219 1302 1284 1284 1368 1220 1220 1303 1220 1220 1303 1284 1284 1368 1285 1285 1369 1220 1220 1303 1285 1285 1369 1221 1221 1304 1221 1221 1304 1285 1285 1369 1286 1286 1370 1221 1221 1304 1286 1286 1370 1222 1222 1305 1222 1222 1305 1286 1286 1370 1287 1287 1371 1222 1222 1305 1287 1287 1371 1223 1223 1306 1223 1223 1306 1287 1287 1371 1288 1288 1372 1223 1223 1306 1288 1288 1372 1224 1224 1307 1224 1224 1307 1288 1288 1372 1289 1289 1373 1224 1224 1307 1289 1289 1373 1225 1225 1308 1225 1225 1308 1289 1289 1373 1290 1290 1374 1225 1225 1308 1290 1290 1374 1226 1226 1309 1226 1226 1309 1290 1290 1374 1291 1291 1375 1226 1226 1309 1291 1291 1375 1227 1227 1310 1227 1227 1310 1291 1291 1375 1292 1292 1376 1227 1227 1310 1292 1292 1376 1228 1228 1311 1228 1228 1311 1292 1292 1376 1293 1293 1377 1228 1228 1311 1293 1293 1377 1229 1229 1312 1229 1229 1312 1293 1293 1377 1294 1294 1378 1229 1229 1312 1294 1294 1378 1230 1230 1313 1230 1230 1313 1294 1294 1378 1295 1295 1379 1230 1230 1313 1295 1295 1379 1231 1231 1314 1231 1231 1314 1295 1295 1379 1296 1296 1380 1231 1231 1314 1296 1296 1380 1232 1232 1315 1232 1232 1315 1296 1296 1380 1297 1297 1381 1232 1232 1315 1297 1297 1381 1233 1233 1316 1233 1233 1316 1297 1297 1381 1298 1298 1382 1233 1233 1316 1298 1298 1382 1234 1234 1317 1234 1234 1317 1298 1298 1382 1299 1299 1383 1234 1234 1317 1299 1299 1383 1235 1235 1318 1235 1235 1318 1299 1299 1383 1300 1300 1384 1235 1235 1318 1300 1300 1384 1236 1236 1319 1236 1236 1319 1300 1300 1384 1301 1301 1385 1236 1236 1319 1301 1301 1385 1237 1237 1320 1237 1237 1320 1301 1301 1385 1302 1302 1386 1237 1237 1320 1302 1302 1386 1238 1238 1321 1238 1238 1321 1302 1302 1386 1303 1303 1387 1238 1238 1321 1303 1303 1387 1239 1239 1322 1239 1239 1322 1303 1303 1387 1304 1304 1388 1239 1239 1322 1304 1304 1388 1240 1240 1323 1240 1240 1323 1304 1304 1388 1305 1305 1389 1240 1240 1323 1305 1305 1389 1241 1241 1324 1241 1241 1324 1305 1305 1389 1306 1306 1390 1241 1241 1324 1306 1306 1390 1242 1242 1325 1242 1242 1325 1306 1306 1390 1307 1307 1391 1242 1242 1325 1307 1307 1391 1243 1243 1326 1243 1243 1326 1307 1307 1391 1308 1308 1392 1243 1243 1326 1308 1308 1392 1244 1244 1327 1244 1244 1327 1308 1308 1392 1309 1309 1393 1244 1244 1327 1309 1309 1393 1245 1245 1328 1245 1245 1328 1309 1309 1393 1310 1310 1394 1245 1245 1328 1310 1310 1394 1246 1246 1329 1246 1246 1329 1310 1310 1394 1311 1311 1395 1246 1246 1329 1311 1311 1395 1247 1247 1330 1247 1247 1330 1311 1311 1395 1312 1312 1396 1247 1247 1330 1312 1312 1396 1248 1248 1331 1248 1248 1331 1312 1312 1396 1313 1313 1397 1248 1248 1331 1313 1313 1397 1249 1249 1332 1249 1249 1332 1313 1313 1397 1314 1314 1398 1249 1249 1332 1314 1314 1398 1250 1250 1333 1250 1250 1333 1314 1314 1398 1315 1315 1399 1250 1250 1333 1315 1315 1399 1251 1251 1334 1251 1251 1334 1315 1315 1399 1316 1316 1400 1251 1251 1334 1316 1316 1400 1252 1252 1335 1252 1252 1335 1316 1316 1400 1317 1317 1401 1252 1252 1335 1317 1317 1401 1253 1253 1336 1253 1253 1336 1317 1317 1401 1318 1318 1402 1253 1253 1336 1318 1318 1402 1254 1254 1337 1254 1254 1337 1318 1318 1402 1319 1319 1403 1254 1254 1337 1319 1319 1403 1255 1255 1338 1255 1255 1338 1319 1319 1403 1320 1320 1404 1255 1255 1338 1320 1320 1404 1256 1256 1339 1256 1256 1339 1320 1320 1404 1321 1321 1405 1256 1256 1339 1321 1321 1405 1257 1257 1340 1257 1257 1340 1321 1321 1405 1322 1322 1406 1257 1257 1340 1322 1322 1406 1258 1258 1341 1258 1258 1341 1322 1322 1406 1323 1323 1407 1258 1258 1341 1323 1323 1407 1259 1259 1342 1259 1259 1342 1323 1323 1407 1324 1324 1408 1259 1259 1342 1324 1324 1408 1260 1260 1343 1260 1260 1343 1324 1324 1408 1325 1325 1409 1260 1260 1343 1325 1325 1409 1261 1261 1344 1261 1261 1344 1325 1325 1409 1326 1326 1410 1261 1261 1344 1326 1326 1410 1262 1262 1345 1262 1262 1345 1326 1326 1410 1327 1327 1411 1262 1262 1345 1327 1327 1411 1263 1263 1346 1263 1263 1346 1327 1327 1411 1328 1328 1412 1263 1263 1346 1328 1328 1412 1264 1264 1347 1264 1264 1347 1328 1328 1412 1329 1329 1413 1264 1264 1347 1329 1329 1413 1265 1265 1348 1265 1265 1348 1329 1329 1413 1330 1330 1414 1265 1265 1348 1330 1330 1414 1266 1266 1349 1266 1266 1349 1330 1330 1414 1331 1331 1415 1266 1266 1349 1331 1331 1415 1267 1267 1350 1267 1267 1350 1331 1331 1415 1332 1332 1416 1267 1267 1350 1332 1332 1416 1268 1268 1351 1268 1268 1351 1332 1332 1416 1333 1333 1417 1268 1268 1351 1333 1333 1417 1269 1269 1352 1269 1269 1352 1333 1333 1417 1334 1334 1418 1269 1269 1352 1334 1334 1418 1270 1270 1353 1270 1270 1353 1334 1334 1418 1335 1335 1419 1270 1270 1353 1335 1335 1419 1271 1271 1354 1271 1271 1354 1335 1335 1419 1336 1336 1420 1271 1271 1354 1336 1336 1420 1272 1272 1355 1272 1272 1355 1336 1336 1420 1337 1337 1421 1272 1272 1355 1337 1337 1421 1273 1273 1356 1273 1273 1356 1337 1337 1421 1338 1338 1422 1273 1273 1356 1338 1338 1422 1274 1274 1357 1274 1274 1357 1338 1338 1422 1339 1339 1423 1274 1274 1357 1339 1339 1423 1275 1275 1358 1275 1275 1358 1339 1339 1423 1340 1340 1424 1275 1275 1358 1340 1340 1424 1276 1276 1359 1276 1276 1359 1340 1340 1424 1341 1341 1425 1276 1276 1359 1341 1341 1425 1277 1277 1360 1277 1277 1360 1341 1341 1425 1342 1342 1426 1277 1277 1360 1342 1342 1426 1278 1278 1361 1278 1278 1361 1342 1342 1426 1343 1343 1427 1278 1278 1361 1343 1343 1427 1279 1279 1362 1279 1279 1362 1343 1343 1427 1344 1344 1428 1279 1279 1362 1344 1344 1428 1280 1280 1363 1280 1280 1363 1344 1344 1428 1281 1281 1429 1280 1280 1363 1281 1281 1429 1217 1217 1364 1281 1281 1365 1345 1345 1430 1346 1346 1431 1281 1281 1365 1346 1346 1431 1282 1282 1366 1282 1282 1366 1346 1346 1431 1347 1347 1432 1282 1282 1366 1347 1347 1432 1283 1283 1367 1283 1283 1367 1347 1347 1432 1348 1348 1433 1283 1283 1367 1348 1348 1433 1284 1284 1368 1284 1284 1368 1348 1348 1433 1349 1349 1434 1284 1284 1368 1349 1349 1434 1285 1285 1369 1285 1285 1369 1349 1349 1434 1350 1350 1435 1285 1285 1369 1350 1350 1435 1286 1286 1370 1286 1286 1370 1350 1350 1435 1351 1351 1436 1286 1286 1370 1351 1351 1436 1287 1287 1371 1287 1287 1371 1351 1351 1436 1352 1352 1437 1287 1287 1371 1352 1352 1437 1288 1288 1372 1288 1288 1372 1352 1352 1437 1353 1353 1438 1288 1288 1372 1353 1353 1438 1289 1289 1373 1289 1289 1373 1353 1353 1438 1354 1354 1439 1289 1289 1373 1354 1354 1439 1290 1290 1374 1290 1290 1374 1354 1354 1439 1355 1355 1440 1290 1290 1374 1355 1355 1440 1291 1291 1375 1291 1291 1375 1355 1355 1440 1356 1356 1441 1291 1291 1375 1356 1356 1441 1292 1292 1376 1292 1292 1376 1356 1356 1441 1357 1357 1442 1292 1292 1376 1357 1357 1442 1293 1293 1377 1293 1293 1377 1357 1357 1442 1358 1358 1443 1293 1293 1377 1358 1358 1443 1294 1294 1378 1294 1294 1378 1358 1358 1443 1359 1359 1444 1294 1294 1378 1359 1359 1444 1295 1295 1379 1295 1295 1379 1359 1359 1444 1360 1360 1445 1295 1295 1379 1360 1360 1445 1296 1296 1380 1296 1296 1380 1360 1360 1445 1361 1361 1446 1296 1296 1380 1361 1361 1446 1297 1297 1381 1297 1297 1381 1361 1361 1446 1362 1362 1447 1297 1297 1381 1362 1362 1447 1298 1298 1382 1298 1298 1382 1362 1362 1447 1363 1363 1448 1298 1298 1382 1363 1363 1448 1299 1299 1383 1299 1299 1383 1363 1363 1448 1364 1364 1449 1299 1299 1383 1364 1364 1449 1300 1300 1384 1300 1300 1384 1364 1364 1449 1365 1365 1450 1300 1300 1384 1365 1365 1450 1301 1301 1385 1301 1301 1385 1365 1365 1450 1366 1366 1451 1301 1301 1385 1366 1366 1451 1302 1302 1386 1302 1302 1386 1366 1366 1451 1367 1367 1452 1302 1302 1386 1367 1367 1452 1303 1303 1387 1303 1303 1387 1367 1367 1452 1368 1368 1453 1303 1303 1387 1368 1368 1453 1304 1304 1388 1304 1304 1388 1368 1368 1453 1369 1369 1454 1304 1304 1388 1369 1369 1454 1305 1305 1389 1305 1305 1389 1369 1369 1454 1370 1370 1455 1305 1305 1389 1370 1370 1455 1306 1306 1390 1306 1306 1390 1370 1370 1455 1371 1371 1456 1306 1306 1390 1371 1371 1456 1307 1307 1391 1307 1307 1391 1371 1371 1456 1372 1372 1457 1307 1307 1391 1372 1372 1457 1308 1308 1392 1308 1308 1392 1372 1372 1457 1373 1373 1458 1308 1308 1392 1373 1373 1458 1309 1309 1393 1309 1309 1393 1373 1373 1458 1374 1374 1459 1309 1309 1393 1374 1374 1459 1310 1310 1394 1310 1310 1394 1374 1374 1459 1375 1375 1460 1310 1310 1394 1375 1375 1460 1311 1311 1395 1311 1311 1395 1375 1375 1460 1376 1376 1461 1311 1311 1395 1376 1376 1461 1312 1312 1396 1312 1312 1396 1376 1376 1461 1377 1377 1462 1312 1312 1396 1377 1377 1462 1313 1313 1397 1313 1313 1397 1377 1377 1462 1378 1378 1463 1313 1313 1397 1378 1378 1463 1314 1314 1398 1314 1314 1398 1378 1378 1463 1379 1379 1464 1314 1314 1398 1379 1379 1464 1315 1315 1399 1315 1315 1399 1379 1379 1464 1380 1380 1465 1315 1315 1399 1380 1380 1465 1316 1316 1400 1316 1316 1400 1380 1380 1465 1381 1381 1466 1316 1316 1400 1381 1381 1466 1317 1317 1401 1317 1317 1401 1381 1381 1466 1382 1382 1467 1317 1317 1401 1382 1382 1467 1318 1318 1402 1318 1318 1402 1382 1382 1467 1383 1383 1468 1318 1318 1402 1383 1383 1468 1319 1319 1403 1319 1319 1403 1383 1383 1468 1384 1384 1469 1319 1319 1403 1384 1384 1469 1320 1320 1404 1320 1320 1404 1384 1384 1469 1385 1385 1470 1320 1320 1404 1385 1385 1470 1321 1321 1405 1321 1321 1405 1385 1385 1470 1386 1386 1471 1321 1321 1405 1386 1386 1471 1322 1322 1406 1322 1322 1406 1386 1386 1471 1387 1387 1472 1322 1322 1406 1387 1387 1472 1323 1323 1407 1323 1323 1407 1387 1387 1472 1388 1388 1473 1323 1323 1407 1388 1388 1473 1324 1324 1408 1324 1324 1408 1388 1388 1473 1389 1389 1474 1324 1324 1408 1389 1389 1474 1325 1325 1409 1325 1325 1409 1389 1389 1474 1390 1390 1475 1325 1325 1409 1390 1390 1475 1326 1326 1410 1326 1326 1410 1390 1390 1475 1391 1391 1476 1326 1326 1410 1391 1391 1476 1327 1327 1411 1327 1327 1411 1391 1391 1476 1392 1392 1477 1327 1327 1411 1392 1392 1477 1328 1328 1412 1328 1328 1412 1392 1392 1477 1393 1393 1478 1328 1328 1412 1393 1393 1478 1329 1329 1413 1329 1329 1413 1393 1393 1478 1394 1394 1479 1329 1329 1413 1394 1394 1479 1330 1330 1414 1330 1330 1414 1394 1394 1479 1395 1395 1480 1330 1330 1414 1395 1395 1480 1331 1331 1415 1331 1331 1415 1395 1395 1480 1396 1396 1481 1331 1331 1415 1396 1396 1481 1332 1332 1416 1332 1332 1416 1396 1396 1481 1397 1397 1482 1332 1332 1416 1397 1397 1482 1333 1333 1417 1333 1333 1417 1397 1397 1482 1398 1398 1483 1333 1333 1417 1398 1398 1483 1334 1334 1418 1334 1334 1418 1398 1398 1483 1399 1399 1484 1334 1334 1418 1399 1399 1484 1335 1335 1419 1335 1335 1419 1399 1399 1484 1400 1400 1485 1335 1335 1419 1400 1400 1485 1336 1336 1420 1336 1336 1420 1400 1400 1485 1401 1401 1486 1336 1336 1420 1401 1401 1486 1337 1337 1421 1337 1337 1421 1401 1401 1486 1402 1402 1487 1337 1337 1421 1402 1402 1487 1338 1338 1422 1338 1338 1422 1402 1402 1487 1403 1403 1488 1338 1338 1422 1403 1403 1488 1339 1339 1423 1339 1339 1423 1403 1403 1488 1404 1404 1489 1339 1339 1423 1404 1404 1489 1340 1340 1424 1340 1340 1424 1404 1404 1489 1405 1405 1490 1340 1340 1424 1405 1405 1490 1341 1341 1425 1341 1341 1425 1405 1405 1490 1406 1406 1491 1341 1341 1425 1406 1406 1491 1342 1342 1426 1342 1342 1426 1406 1406 1491 1407 1407 1492 1342 1342 1426 1407 1407 1492 1343 1343 1427 1343 1343 1427 1407 1407 1492 1408 1408 1493 1343 1343 1427 1408 1408 1493 1344 1344 1428 1344 1344 1428 1408 1408 1493 1345 1345 1494 1344 1344 1428 1345 1345 1494 1281 1281 1429 1345 1345 1430 1409 1409 1495 1410 1410 1496 1345 1345 1430 1410 1410 1496 1346 1346 1431 1346 1346 1431 1410 1410 1496 1411 1411 1497 1346 1346 1431 1411 1411 1497 1347 1347 1432 1347 1347 1432 1411 1411 1497 1412 1412 1498 1347 1347 1432 1412 1412 1498 1348 1348 1433 1348 1348 1433 1412 1412 1498 1413 1413 1499 1348 1348 1433 1413 1413 1499 1349 1349 1434 1349 1349 1434 1413 1413 1499 1414 1414 1500 1349 1349 1434 1414 1414 1500 1350 1350 1435 1350 1350 1435 1414 1414 1500 1415 1415 1501 1350 1350 1435 1415 1415 1501 1351 1351 1436 1351 1351 1436 1415 1415 1501 1416 1416 1502 1351 1351 1436 1416 1416 1502 1352 1352 1437 1352 1352 1437 1416 1416 1502 1417 1417 1503 1352 1352 1437 1417 1417 1503 1353 1353 1438 1353 1353 1438 1417 1417 1503 1418 1418 1504 1353 1353 1438 1418 1418 1504 1354 1354 1439 1354 1354 1439 1418 1418 1504 1419 1419 1505 1354 1354 1439 1419 1419 1505 1355 1355 1440 1355 1355 1440 1419 1419 1505 1420 1420 1506 1355 1355 1440 1420 1420 1506 1356 1356 1441 1356 1356 1441 1420 1420 1506 1421 1421 1507 1356 1356 1441 1421 1421 1507 1357 1357 1442 1357 1357 1442 1421 1421 1507 1422 1422 1508 1357 1357 1442 1422 1422 1508 1358 1358 1443 1358 1358 1443 1422 1422 1508 1423 1423 1509 1358 1358 1443 1423 1423 1509 1359 1359 1444 1359 1359 1444 1423 1423 1509 1424 1424 1510 1359 1359 1444 1424 1424 1510 1360 1360 1445 1360 1360 1445 1424 1424 1510 1425 1425 1511 1360 1360 1445 1425 1425 1511 1361 1361 1446 1361 1361 1446 1425 1425 1511 1426 1426 1512 1361 1361 1446 1426 1426 1512 1362 1362 1447 1362 1362 1447 1426 1426 1512 1427 1427 1513 1362 1362 1447 1427 1427 1513 1363 1363 1448 1363 1363 1448 1427 1427 1513 1428 1428 1514 1363 1363 1448 1428 1428 1514 1364 1364 1449 1364 1364 1449 1428 1428 1514 1429 1429 1515 1364 1364 1449 1429 1429 1515 1365 1365 1450 1365 1365 1450 1429 1429 1515 1430 1430 1516 1365 1365 1450 1430 1430 1516 1366 1366 1451 1366 1366 1451 1430 1430 1516 1431 1431 1517 1366 1366 1451 1431 1431 1517 1367 1367 1452 1367 1367 1452 1431 1431 1517 1432 1432 1518 1367 1367 1452 1432 1432 1518 1368 1368 1453 1368 1368 1453 1432 1432 1518 1433 1433 1519 1368 1368 1453 1433 1433 1519 1369 1369 1454 1369 1369 1454 1433 1433 1519 1434 1434 1520 1369 1369 1454 1434 1434 1520 1370 1370 1455 1370 1370 1455 1434 1434 1520 1435 1435 1521 1370 1370 1455 1435 1435 1521 1371 1371 1456 1371 1371 1456 1435 1435 1521 1436 1436 1522 1371 1371 1456 1436 1436 1522 1372 1372 1457 1372 1372 1457 1436 1436 1522 1437 1437 1523 1372 1372 1457 1437 1437 1523 1373 1373 1458 1373 1373 1458 1437 1437 1523 1438 1438 1524 1373 1373 1458 1438 1438 1524 1374 1374 1459 1374 1374 1459 1438 1438 1524 1439 1439 1525 1374 1374 1459 1439 1439 1525 1375 1375 1460 1375 1375 1460 1439 1439 1525 1440 1440 1526 1375 1375 1460 1440 1440 1526 1376 1376 1461 1376 1376 1461 1440 1440 1526 1441 1441 1527 1376 1376 1461 1441 1441 1527 1377 1377 1462 1377 1377 1462 1441 1441 1527 1442 1442 1528 1377 1377 1462 1442 1442 1528 1378 1378 1463 1378 1378 1463 1442 1442 1528 1443 1443 1529 1378 1378 1463 1443 1443 1529 1379 1379 1464 1379 1379 1464 1443 1443 1529 1444 1444 1530 1379 1379 1464 1444 1444 1530 1380 1380 1465 1380 1380 1465 1444 1444 1530 1445 1445 1531 1380 1380 1465 1445 1445 1531 1381 1381 1466 1381 1381 1466 1445 1445 1531 1446 1446 1532 1381 1381 1466 1446 1446 1532 1382 1382 1467 1382 1382 1467 1446 1446 1532 1447 1447 1533 1382 1382 1467 1447 1447 1533 1383 1383 1468 1383 1383 1468 1447 1447 1533 1448 1448 1534 1383 1383 1468 1448 1448 1534 1384 1384 1469 1384 1384 1469 1448 1448 1534 1449 1449 1535 1384 1384 1469 1449 1449 1535 1385 1385 1470 1385 1385 1470 1449 1449 1535 1450 1450 1536 1385 1385 1470 1450 1450 1536 1386 1386 1471 1386 1386 1471 1450 1450 1536 1451 1451 1537 1386 1386 1471 1451 1451 1537 1387 1387 1472 1387 1387 1472 1451 1451 1537 1452 1452 1538 1387 1387 1472 1452 1452 1538 1388 1388 1473 1388 1388 1473 1452 1452 1538 1453 1453 1539 1388 1388 1473 1453 1453 1539 1389 1389 1474 1389 1389 1474 1453 1453 1539 1454 1454 1540 1389 1389 1474 1454 1454 1540 1390 1390 1475 1390 1390 1475 1454 1454 1540 1455 1455 1541 1390 1390 1475 1455 1455 1541 1391 1391 1476 1391 1391 1476 1455 1455 1541 1456 1456 1542 1391 1391 1476 1456 1456 1542 1392 1392 1477 1392 1392 1477 1456 1456 1542 1457 1457 1543 1392 1392 1477 1457 1457 1543 1393 1393 1478 1393 1393 1478 1457 1457 1543 1458 1458 1544 1393 1393 1478 1458 1458 1544 1394 1394 1479 1394 1394 1479 1458 1458 1544 1459 1459 1545 1394 1394 1479 1459 1459 1545 1395 1395 1480 1395 1395 1480 1459 1459 1545 1460 1460 1546 1395 1395 1480 1460 1460 1546 1396 1396 1481 1396 1396 1481 1460 1460 1546 1461 1461 1547 1396 1396 1481 1461 1461 1547 1397 1397 1482 1397 1397 1482 1461 1461 1547 1462 1462 1548 1397 1397 1482 1462 1462 1548 1398 1398 1483 1398 1398 1483 1462 1462 1548 1463 1463 1549 1398 1398 1483 1463 1463 1549 1399 1399 1484 1399 1399 1484 1463 1463 1549 1464 1464 1550 1399 1399 1484 1464 1464 1550 1400 1400 1485 1400 1400 1485 1464 1464 1550 1465 1465 1551 1400 1400 1485 1465 1465 1551 1401 1401 1486 1401 1401 1486 1465 1465 1551 1466 1466 1552 1401 1401 1486 1466 1466 1552 1402 1402 1487 1402 1402 1487 1466 1466 1552 1467 1467 1553 1402 1402 1487 1467 1467 1553 1403 1403 1488 1403 1403 1488 1467 1467 1553 1468 1468 1554 1403 1403 1488 1468 1468 1554 1404 1404 1489 1404 1404 1489 1468 1468 1554 1469 1469 1555 1404 1404 1489 1469 1469 1555 1405 1405 1490 1405 1405 1490 1469 1469 1555 1470 1470 1556 1405 1405 1490 1470 1470 1556 1406 1406 1491 1406 1406 1491 1470 1470 1556 1471 1471 1557 1406 1406 1491 1471 1471 1557 1407 1407 1492 1407 1407 1492 1471 1471 1557 1472 1472 1558 1407 1407 1492 1472 1472 1558 1408 1408 1493 1408 1408 1493 1472 1472 1558 1409 1409 1559 1408 1408 1493 1409 1409 1559 1345 1345 1494 1409 1409 1495 1473 1473 1560 1474 1474 1561 1409 1409 1495 1474 1474 1561 1410 1410 1496 1410 1410 1496 1474 1474 1561 1475 1475 1562 1410 1410 1496 1475 1475 1562 1411 1411 1497 1411 1411 1497 1475 1475 1562 1476 1476 1563 1411 1411 1497 1476 1476 1563 1412 1412 1498 1412 1412 1498 1476 1476 1563 1477 1477 1564 1412 1412 1498 1477 1477 1564 1413 1413 1499 1413 1413 1499 1477 1477 1564 1478 1478 1565 1413 1413 1499 1478 1478 1565 1414 1414 1500 1414 1414 1500 1478 1478 1565 1479 1479 1566 1414 1414 1500 1479 1479 1566 1415 1415 1501 1415 1415 1501 1479 1479 1566 1480 1480 1567 1415 1415 1501 1480 1480 1567 1416 1416 1502 1416 1416 1502 1480 1480 1567 1481 1481 1568 1416 1416 1502 1481 1481 1568 1417 1417 1503 1417 1417 1503 1481 1481 1568 1482 1482 1569 1417 1417 1503 1482 1482 1569 1418 1418 1504 1418 1418 1504 1482 1482 1569 1483 1483 1570 1418 1418 1504 1483 1483 1570 1419 1419 1505 1419 1419 1505 1483 1483 1570 1484 1484 1571 1419 1419 1505 1484 1484 1571 1420 1420 1506 1420 1420 1506 1484 1484 1571 1485 1485 1572 1420 1420 1506 1485 1485 1572 1421 1421 1507 1421 1421 1507 1485 1485 1572 1486 1486 1573 1421 1421 1507 1486 1486 1573 1422 1422 1508 1422 1422 1508 1486 1486 1573 1487 1487 1574 1422 1422 1508 1487 1487 1574 1423 1423 1509 1423 1423 1509 1487 1487 1574 1488 1488 1575 1423 1423 1509 1488 1488 1575 1424 1424 1510 1424 1424 1510 1488 1488 1575 1489 1489 1576 1424 1424 1510 1489 1489 1576 1425 1425 1511 1425 1425 1511 1489 1489 1576 1490 1490 1577 1425 1425 1511 1490 1490 1577 1426 1426 1512 1426 1426 1512 1490 1490 1577 1491 1491 1578 1426 1426 1512 1491 1491 1578 1427 1427 1513 1427 1427 1513 1491 1491 1578 1492 1492 1579 1427 1427 1513 1492 1492 1579 1428 1428 1514 1428 1428 1514 1492 1492 1579 1493 1493 1580 1428 1428 1514 1493 1493 1580 1429 1429 1515 1429 1429 1515 1493 1493 1580 1494 1494 1581 1429 1429 1515 1494 1494 1581 1430 1430 1516 1430 1430 1516 1494 1494 1581 1495 1495 1582 1430 1430 1516 1495 1495 1582 1431 1431 1517 1431 1431 1517 1495 1495 1582 1496 1496 1583 1431 1431 1517 1496 1496 1583 1432 1432 1518 1432 1432 1518 1496 1496 1583 1497 1497 1584 1432 1432 1518 1497 1497 1584 1433 1433 1519 1433 1433 1519 1497 1497 1584 1498 1498 1585 1433 1433 1519 1498 1498 1585 1434 1434 1520 1434 1434 1520 1498 1498 1585 1499 1499 1586 1434 1434 1520 1499 1499 1586 1435 1435 1521 1435 1435 1521 1499 1499 1586 1500 1500 1587 1435 1435 1521 1500 1500 1587 1436 1436 1522 1436 1436 1522 1500 1500 1587 1501 1501 1588 1436 1436 1522 1501 1501 1588 1437 1437 1523 1437 1437 1523 1501 1501 1588 1502 1502 1589 1437 1437 1523 1502 1502 1589 1438 1438 1524 1438 1438 1524 1502 1502 1589 1503 1503 1590 1438 1438 1524 1503 1503 1590 1439 1439 1525 1439 1439 1525 1503 1503 1590 1504 1504 1591 1439 1439 1525 1504 1504 1591 1440 1440 1526 1440 1440 1526 1504 1504 1591 1505 1505 1592 1440 1440 1526 1505 1505 1592 1441 1441 1527 1441 1441 1527 1505 1505 1592 1506 1506 1593 1441 1441 1527 1506 1506 1593 1442 1442 1528 1442 1442 1528 1506 1506 1593 1507 1507 1594 1442 1442 1528 1507 1507 1594 1443 1443 1529 1443 1443 1529 1507 1507 1594 1508 1508 1595 1443 1443 1529 1508 1508 1595 1444 1444 1530 1444 1444 1530 1508 1508 1595 1509 1509 1596 1444 1444 1530 1509 1509 1596 1445 1445 1531 1445 1445 1531 1509 1509 1596 1510 1510 1597 1445 1445 1531 1510 1510 1597 1446 1446 1532 1446 1446 1532 1510 1510 1597 1511 1511 1598 1446 1446 1532 1511 1511 1598 1447 1447 1533 1447 1447 1533 1511 1511 1598 1512 1512 1599 1447 1447 1533 1512 1512 1599 1448 1448 1534 1448 1448 1534 1512 1512 1599 1513 1513 1600 1448 1448 1534 1513 1513 1600 1449 1449 1535 1449 1449 1535 1513 1513 1600 1514 1514 1601 1449 1449 1535 1514 1514 1601 1450 1450 1536 1450 1450 1536 1514 1514 1601 1515 1515 1602 1450 1450 1536 1515 1515 1602 1451 1451 1537 1451 1451 1537 1515 1515 1602 1516 1516 1603 1451 1451 1537 1516 1516 1603 1452 1452 1538 1452 1452 1538 1516 1516 1603 1517 1517 1604 1452 1452 1538 1517 1517 1604 1453 1453 1539 1453 1453 1539 1517 1517 1604 1518 1518 1605 1453 1453 1539 1518 1518 1605 1454 1454 1540 1454 1454 1540 1518 1518 1605 1519 1519 1606 1454 1454 1540 1519 1519 1606 1455 1455 1541 1455 1455 1541 1519 1519 1606 1520 1520 1607 1455 1455 1541 1520 1520 1607 1456 1456 1542 1456 1456 1542 1520 1520 1607 1521 1521 1608 1456 1456 1542 1521 1521 1608 1457 1457 1543 1457 1457 1543 1521 1521 1608 1522 1522 1609 1457 1457 1543 1522 1522 1609 1458 1458 1544 1458 1458 1544 1522 1522 1609 1523 1523 1610 1458 1458 1544 1523 1523 1610 1459 1459 1545 1459 1459 1545 1523 1523 1610 1524 1524 1611 1459 1459 1545 1524 1524 1611 1460 1460 1546 1460 1460 1546 1524 1524 1611 1525 1525 1612 1460 1460 1546 1525 1525 1612 1461 1461 1547 1461 1461 1547 1525 1525 1612 1526 1526 1613 1461 1461 1547 1526 1526 1613 1462 1462 1548 1462 1462 1548 1526 1526 1613 1527 1527 1614 1462 1462 1548 1527 1527 1614 1463 1463 1549 1463 1463 1549 1527 1527 1614 1528 1528 1615 1463 1463 1549 1528 1528 1615 1464 1464 1550 1464 1464 1550 1528 1528 1615 1529 1529 1616 1464 1464 1550 1529 1529 1616 1465 1465 1551 1465 1465 1551 1529 1529 1616 1530 1530 1617 1465 1465 1551 1530 1530 1617 1466 1466 1552 1466 1466 1552 1530 1530 1617 1531 1531 1618 1466 1466 1552 1531 1531 1618 1467 1467 1553 1467 1467 1553 1531 1531 1618 1532 1532 1619 1467 1467 1553 1532 1532 1619 1468 1468 1554 1468 1468 1554 1532 1532 1619 1533 1533 1620 1468 1468 1554 1533 1533 1620 1469 1469 1555 1469 1469 1555 1533 1533 1620 1534 1534 1621 1469 1469 1555 1534 1534 1621 1470 1470 1556 1470 1470 1556 1534 1534 1621 1535 1535 1622 1470 1470 1556 1535 1535 1622 1471 1471 1557 1471 1471 1557 1535 1535 1622 1536 1536 1623 1471 1471 1557 1536 1536 1623 1472 1472 1558 1472 1472 1558 1536 1536 1623 1473 1473 1624 1472 1472 1558 1473 1473 1624 1409 1409 1559 1473 1473 1560 1537 1537 1625 1538 1538 1626 1473 1473 1560 1538 1538 1626 1474 1474 1561 1474 1474 1561 1538 1538 1626 1539 1539 1627 1474 1474 1561 1539 1539 1627 1475 1475 1562 1475 1475 1562 1539 1539 1627 1540 1540 1628 1475 1475 1562 1540 1540 1628 1476 1476 1563 1476 1476 1563 1540 1540 1628 1541 1541 1629 1476 1476 1563 1541 1541 1629 1477 1477 1564 1477 1477 1564 1541 1541 1629 1542 1542 1630 1477 1477 1564 1542 1542 1630 1478 1478 1565 1478 1478 1565 1542 1542 1630 1543 1543 1631 1478 1478 1565 1543 1543 1631 1479 1479 1566 1479 1479 1566 1543 1543 1631 1544 1544 1632 1479 1479 1566 1544 1544 1632 1480 1480 1567 1480 1480 1567 1544 1544 1632 1545 1545 1633 1480 1480 1567 1545 1545 1633 1481 1481 1568 1481 1481 1568 1545 1545 1633 1546 1546 1634 1481 1481 1568 1546 1546 1634 1482 1482 1569 1482 1482 1569 1546 1546 1634 1547 1547 1635 1482 1482 1569 1547 1547 1635 1483 1483 1570 1483 1483 1570 1547 1547 1635 1548 1548 1636 1483 1483 1570 1548 1548 1636 1484 1484 1571 1484 1484 1571 1548 1548 1636 1549 1549 1637 1484 1484 1571 1549 1549 1637 1485 1485 1572 1485 1485 1572 1549 1549 1637 1550 1550 1638 1485 1485 1572 1550 1550 1638 1486 1486 1573 1486 1486 1573 1550 1550 1638 1551 1551 1639 1486 1486 1573 1551 1551 1639 1487 1487 1574 1487 1487 1574 1551 1551 1639 1552 1552 1640 1487 1487 1574 1552 1552 1640 1488 1488 1575 1488 1488 1575 1552 1552 1640 1553 1553 1641 1488 1488 1575 1553 1553 1641 1489 1489 1576 1489 1489 1576 1553 1553 1641 1554 1554 1642 1489 1489 1576 1554 1554 1642 1490 1490 1577 1490 1490 1577 1554 1554 1642 1555 1555 1643 1490 1490 1577 1555 1555 1643 1491 1491 1578 1491 1491 1578 1555 1555 1643 1556 1556 1644 1491 1491 1578 1556 1556 1644 1492 1492 1579 1492 1492 1579 1556 1556 1644 1557 1557 1645 1492 1492 1579 1557 1557 1645 1493 1493 1580 1493 1493 1580 1557 1557 1645 1558 1558 1646 1493 1493 1580 1558 1558 1646 1494 1494 1581 1494 1494 1581 1558 1558 1646 1559 1559 1647 1494 1494 1581 1559 1559 1647 1495 1495 1582 1495 1495 1582 1559 1559 1647 1560 1560 1648 1495 1495 1582 1560 1560 1648 1496 1496 1583 1496 1496 1583 1560 1560 1648 1561 1561 1649 1496 1496 1583 1561 1561 1649 1497 1497 1584 1497 1497 1584 1561 1561 1649 1562 1562 1650 1497 1497 1584 1562 1562 1650 1498 1498 1585 1498 1498 1585 1562 1562 1650 1563 1563 1651 1498 1498 1585 1563 1563 1651 1499 1499 1586 1499 1499 1586 1563 1563 1651 1564 1564 1652 1499 1499 1586 1564 1564 1652 1500 1500 1587 1500 1500 1587 1564 1564 1652 1565 1565 1653 1500 1500 1587 1565 1565 1653 1501 1501 1588 1501 1501 1588 1565 1565 1653 1566 1566 1654 1501 1501 1588 1566 1566 1654 1502 1502 1589 1502 1502 1589 1566 1566 1654 1567 1567 1655 1502 1502 1589 1567 1567 1655 1503 1503 1590 1503 1503 1590 1567 1567 1655 1568 1568 1656 1503 1503 1590 1568 1568 1656 1504 1504 1591 1504 1504 1591 1568 1568 1656 1569 1569 1657 1504 1504 1591 1569 1569 1657 1505 1505 1592 1505 1505 1592 1569 1569 1657 1570 1570 1658 1505 1505 1592 1570 1570 1658 1506 1506 1593 1506 1506 1593 1570 1570 1658 1571 1571 1659 1506 1506 1593 1571 1571 1659 1507 1507 1594 1507 1507 1594 1571 1571 1659 1572 1572 1660 1507 1507 1594 1572 1572 1660 1508 1508 1595 1508 1508 1595 1572 1572 1660 1573 1573 1661 1508 1508 1595 1573 1573 1661 1509 1509 1596 1509 1509 1596 1573 1573 1661 1574 1574 1662 1509 1509 1596 1574 1574 1662 1510 1510 1597 1510 1510 1597 1574 1574 1662 1575 1575 1663 1510 1510 1597 1575 1575 1663 1511 1511 1598 1511 1511 1598 1575 1575 1663 1576 1576 1664 1511 1511 1598 1576 1576 1664 1512 1512 1599 1512 1512 1599 1576 1576 1664 1577 1577 1665 1512 1512 1599 1577 1577 1665 1513 1513 1600 1513 1513 1600 1577 1577 1665 1578 1578 1666 1513 1513 1600 1578 1578 1666 1514 1514 1601 1514 1514 1601 1578 1578 1666 1579 1579 1667 1514 1514 1601 1579 1579 1667 1515 1515 1602 1515 1515 1602 1579 1579 1667 1580 1580 1668 1515 1515 1602 1580 1580 1668 1516 1516 1603 1516 1516 1603 1580 1580 1668 1581 1581 1669 1516 1516 1603 1581 1581 1669 1517 1517 1604 1517 1517 1604 1581 1581 1669 1582 1582 1670 1517 1517 1604 1582 1582 1670 1518 1518 1605 1518 1518 1605 1582 1582 1670 1583 1583 1671 1518 1518 1605 1583 1583 1671 1519 1519 1606 1519 1519 1606 1583 1583 1671 1584 1584 1672 1519 1519 1606 1584 1584 1672 1520 1520 1607 1520 1520 1607 1584 1584 1672 1585 1585 1673 1520 1520 1607 1585 1585 1673 1521 1521 1608 1521 1521 1608 1585 1585 1673 1586 1586 1674 1521 1521 1608 1586 1586 1674 1522 1522 1609 1522 1522 1609 1586 1586 1674 1587 1587 1675 1522 1522 1609 1587 1587 1675 1523 1523 1610 1523 1523 1610 1587 1587 1675 1588 1588 1676 1523 1523 1610 1588 1588 1676 1524 1524 1611 1524 1524 1611 1588 1588 1676 1589 1589 1677 1524 1524 1611 1589 1589 1677 1525 1525 1612 1525 1525 1612 1589 1589 1677 1590 1590 1678 1525 1525 1612 1590 1590 1678 1526 1526 1613 1526 1526 1613 1590 1590 1678 1591 1591 1679 1526 1526 1613 1591 1591 1679 1527 1527 1614 1527 1527 1614 1591 1591 1679 1592 1592 1680 1527 1527 1614 1592 1592 1680 1528 1528 1615 1528 1528 1615 1592 1592 1680 1593 1593 1681 1528 1528 1615 1593 1593 1681 1529 1529 1616 1529 1529 1616 1593 1593 1681 1594 1594 1682 1529 1529 1616 1594 1594 1682 1530 1530 1617 1530 1530 1617 1594 1594 1682 1595 1595 1683 1530 1530 1617 1595 1595 1683 1531 1531 1618 1531 1531 1618 1595 1595 1683 1596 1596 1684 1531 1531 1618 1596 1596 1684 1532 1532 1619 1532 1532 1619 1596 1596 1684 1597 1597 1685 1532 1532 1619 1597 1597 1685 1533 1533 1620 1533 1533 1620 1597 1597 1685 1598 1598 1686 1533 1533 1620 1598 1598 1686 1534 1534 1621 1534 1534 1621 1598 1598 1686 1599 1599 1687 1534 1534 1621 1599 1599 1687 1535 1535 1622 1535 1535 1622 1599 1599 1687 1600 1600 1688 1535 1535 1622 1600 1600 1688 1536 1536 1623 1536 1536 1623 1600 1600 1688 1537 1537 1689 1536 1536 1623 1537 1537 1689 1473 1473 1624 1537 1537 1625 1601 1601 1690 1602 1602 1691 1537 1537 1625 1602 1602 1691 1538 1538 1626 1538 1538 1626 1602 1602 1691 1603 1603 1692 1538 1538 1626 1603 1603 1692 1539 1539 1627 1539 1539 1627 1603 1603 1692 1604 1604 1693 1539 1539 1627 1604 1604 1693 1540 1540 1628 1540 1540 1628 1604 1604 1693 1605 1605 1694 1540 1540 1628 1605 1605 1694 1541 1541 1629 1541 1541 1629 1605 1605 1694 1606 1606 1695 1541 1541 1629 1606 1606 1695 1542 1542 1630 1542 1542 1630 1606 1606 1695 1607 1607 1696 1542 1542 1630 1607 1607 1696 1543 1543 1631 1543 1543 1631 1607 1607 1696 1608 1608 1697 1543 1543 1631 1608 1608 1697 1544 1544 1632 1544 1544 1632 1608 1608 1697 1609 1609 1698 1544 1544 1632 1609 1609 1698 1545 1545 1633 1545 1545 1633 1609 1609 1698 1610 1610 1699 1545 1545 1633 1610 1610 1699 1546 1546 1634 1546 1546 1634 1610 1610 1699 1611 1611 1700 1546 1546 1634 1611 1611 1700 1547 1547 1635 1547 1547 1635 1611 1611 1700 1612 1612 1701 1547 1547 1635 1612 1612 1701 1548 1548 1636 1548 1548 1636 1612 1612 1701 1613 1613 1702 1548 1548 1636 1613 1613 1702 1549 1549 1637 1549 1549 1637 1613 1613 1702 1614 1614 1703 1549 1549 1637 1614 1614 1703 1550 1550 1638 1550 1550 1638 1614 1614 1703 1615 1615 1704 1550 1550 1638 1615 1615 1704 1551 1551 1639 1551 1551 1639 1615 1615 1704 1616 1616 1705 1551 1551 1639 1616 1616 1705 1552 1552 1640 1552 1552 1640 1616 1616 1705 1617 1617 1706 1552 1552 1640 1617 1617 1706 1553 1553 1641 1553 1553 1641 1617 1617 1706 1618 1618 1707 1553 1553 1641 1618 1618 1707 1554 1554 1642 1554 1554 1642 1618 1618 1707 1619 1619 1708 1554 1554 1642 1619 1619 1708 1555 1555 1643 1555 1555 1643 1619 1619 1708 1620 1620 1709 1555 1555 1643 1620 1620 1709 1556 1556 1644 1556 1556 1644 1620 1620 1709 1621 1621 1710 1556 1556 1644 1621 1621 1710 1557 1557 1645 1557 1557 1645 1621 1621 1710 1622 1622 1711 1557 1557 1645 1622 1622 1711 1558 1558 1646 1558 1558 1646 1622 1622 1711 1623 1623 1712 1558 1558 1646 1623 1623 1712 1559 1559 1647 1559 1559 1647 1623 1623 1712 1624 1624 1713 1559 1559 1647 1624 1624 1713 1560 1560 1648 1560 1560 1648 1624 1624 1713 1625 1625 1714 1560 1560 1648 1625 1625 1714 1561 1561 1649 1561 1561 1649 1625 1625 1714 1626 1626 1715 1561 1561 1649 1626 1626 1715 1562 1562 1650 1562 1562 1650 1626 1626 1715 1627 1627 1716 1562 1562 1650 1627 1627 1716 1563 1563 1651 1563 1563 1651 1627 1627 1716 1628 1628 1717 1563 1563 1651 1628 1628 1717 1564 1564 1652 1564 1564 1652 1628 1628 1717 1629 1629 1718 1564 1564 1652 1629 1629 1718 1565 1565 1653 1565 1565 1653 1629 1629 1718 1630 1630 1719 1565 1565 1653 1630 1630 1719 1566 1566 1654 1566 1566 1654 1630 1630 1719 1631 1631 1720 1566 1566 1654 1631 1631 1720 1567 1567 1655 1567 1567 1655 1631 1631 1720 1632 1632 1721 1567 1567 1655 1632 1632 1721 1568 1568 1656 1568 1568 1656 1632 1632 1721 1633 1633 1722 1568 1568 1656 1633 1633 1722 1569 1569 1657 1569 1569 1657 1633 1633 1722 1634 1634 1723 1569 1569 1657 1634 1634 1723 1570 1570 1658 1570 1570 1658 1634 1634 1723 1635 1635 1724 1570 1570 1658 1635 1635 1724 1571 1571 1659 1571 1571 1659 1635 1635 1724 1636 1636 1725 1571 1571 1659 1636 1636 1725 1572 1572 1660 1572 1572 1660 1636 1636 1725 1637 1637 1726 1572 1572 1660 1637 1637 1726 1573 1573 1661 1573 1573 1661 1637 1637 1726 1638 1638 1727 1573 1573 1661 1638 1638 1727 1574 1574 1662 1574 1574 1662 1638 1638 1727 1639 1639 1728 1574 1574 1662 1639 1639 1728 1575 1575 1663 1575 1575 1663 1639 1639 1728 1640 1640 1729 1575 1575 1663 1640 1640 1729 1576 1576 1664 1576 1576 1664 1640 1640 1729 1641 1641 1730 1576 1576 1664 1641 1641 1730 1577 1577 1665 1577 1577 1665 1641 1641 1730 1642 1642 1731 1577 1577 1665 1642 1642 1731 1578 1578 1666 1578 1578 1666 1642 1642 1731 1643 1643 1732 1578 1578 1666 1643 1643 1732 1579 1579 1667 1579 1579 1667 1643 1643 1732 1644 1644 1733 1579 1579 1667 1644 1644 1733 1580 1580 1668 1580 1580 1668 1644 1644 1733 1645 1645 1734 1580 1580 1668 1645 1645 1734 1581 1581 1669 1581 1581 1669 1645 1645 1734 1646 1646 1735 1581 1581 1669 1646 1646 1735 1582 1582 1670 1582 1582 1670 1646 1646 1735 1647 1647 1736 1582 1582 1670 1647 1647 1736 1583 1583 1671 1583 1583 1671 1647 1647 1736 1648 1648 1737 1583 1583 1671 1648 1648 1737 1584 1584 1672 1584 1584 1672 1648 1648 1737 1649 1649 1738 1584 1584 1672 1649 1649 1738 1585 1585 1673 1585 1585 1673 1649 1649 1738 1650 1650 1739 1585 1585 1673 1650 1650 1739 1586 1586 1674 1586 1586 1674 1650 1650 1739 1651 1651 1740 1586 1586 1674 1651 1651 1740 1587 1587 1675 1587 1587 1675 1651 1651 1740 1652 1652 1741 1587 1587 1675 1652 1652 1741 1588 1588 1676 1588 1588 1676 1652 1652 1741 1653 1653 1742 1588 1588 1676 1653 1653 1742 1589 1589 1677 1589 1589 1677 1653 1653 1742 1654 1654 1743 1589 1589 1677 1654 1654 1743 1590 1590 1678 1590 1590 1678 1654 1654 1743 1655 1655 1744 1590 1590 1678 1655 1655 1744 1591 1591 1679 1591 1591 1679 1655 1655 1744 1656 1656 1745 1591 1591 1679 1656 1656 1745 1592 1592 1680 1592 1592 1680 1656 1656 1745 1657 1657 1746 1592 1592 1680 1657 1657 1746 1593 1593 1681 1593 1593 1681 1657 1657 1746 1658 1658 1747 1593 1593 1681 1658 1658 1747 1594 1594 1682 1594 1594 1682 1658 1658 1747 1659 1659 1748 1594 1594 1682 1659 1659 1748 1595 1595 1683 1595 1595 1683 1659 1659 1748 1660 1660 1749 1595 1595 1683 1660 1660 1749 1596 1596 1684 1596 1596 1684 1660 1660 1749 1661 1661 1750 1596 1596 1684 1661 1661 1750 1597 1597 1685 1597 1597 1685 1661 1661 1750 1662 1662 1751 1597 1597 1685 1662 1662 1751 1598 1598 1686 1598 1598 1686 1662 1662 1751 1663 1663 1752 1598 1598 1686 1663 1663 1752 1599 1599 1687 1599 1599 1687 1663 1663 1752 1664 1664 1753 1599 1599 1687 1664 1664 1753 1600 1600 1688 1600 1600 1688 1664 1664 1753 1601 1601 1754 1600 1600 1688 1601 1601 1754 1537 1537 1689 1601 1601 1690 1665 1665 1755 1666 1666 1756 1601 1601 1690 1666 1666 1756 1602 1602 1691 1602 1602 1691 1666 1666 1756 1667 1667 1757 1602 1602 1691 1667 1667 1757 1603 1603 1692 1603 1603 1692 1667 1667 1757 1668 1668 1758 1603 1603 1692 1668 1668 1758 1604 1604 1693 1604 1604 1693 1668 1668 1758 1669 1669 1759 1604 1604 1693 1669 1669 1759 1605 1605 1694 1605 1605 1694 1669 1669 1759 1670 1670 1760 1605 1605 1694 1670 1670 1760 1606 1606 1695 1606 1606 1695 1670 1670 1760 1671 1671 1761 1606 1606 1695 1671 1671 1761 1607 1607 1696 1607 1607 1696 1671 1671 1761 1672 1672 1762 1607 1607 1696 1672 1672 1762 1608 1608 1697 1608 1608 1697 1672 1672 1762 1673 1673 1763 1608 1608 1697 1673 1673 1763 1609 1609 1698 1609 1609 1698 1673 1673 1763 1674 1674 1764 1609 1609 1698 1674 1674 1764 1610 1610 1699 1610 1610 1699 1674 1674 1764 1675 1675 1765 1610 1610 1699 1675 1675 1765 1611 1611 1700 1611 1611 1700 1675 1675 1765 1676 1676 1766 1611 1611 1700 1676 1676 1766 1612 1612 1701 1612 1612 1701 1676 1676 1766 1677 1677 1767 1612 1612 1701 1677 1677 1767 1613 1613 1702 1613 1613 1702 1677 1677 1767 1678 1678 1768 1613 1613 1702 1678 1678 1768 1614 1614 1703 1614 1614 1703 1678 1678 1768 1679 1679 1769 1614 1614 1703 1679 1679 1769 1615 1615 1704 1615 1615 1704 1679 1679 1769 1680 1680 1770 1615 1615 1704 1680 1680 1770 1616 1616 1705 1616 1616 1705 1680 1680 1770 1681 1681 1771 1616 1616 1705 1681 1681 1771 1617 1617 1706 1617 1617 1706 1681 1681 1771 1682 1682 1772 1617 1617 1706 1682 1682 1772 1618 1618 1707 1618 1618 1707 1682 1682 1772 1683 1683 1773 1618 1618 1707 1683 1683 1773 1619 1619 1708 1619 1619 1708 1683 1683 1773 1684 1684 1774 1619 1619 1708 1684 1684 1774 1620 1620 1709 1620 1620 1709 1684 1684 1774 1685 1685 1775 1620 1620 1709 1685 1685 1775 1621 1621 1710 1621 1621 1710 1685 1685 1775 1686 1686 1776 1621 1621 1710 1686 1686 1776 1622 1622 1711 1622 1622 1711 1686 1686 1776 1687 1687 1777 1622 1622 1711 1687 1687 1777 1623 1623 1712 1623 1623 1712 1687 1687 1777 1688 1688 1778 1623 1623 1712 1688 1688 1778 1624 1624 1713 1624 1624 1713 1688 1688 1778 1689 1689 1779 1624 1624 1713 1689 1689 1779 1625 1625 1714 1625 1625 1714 1689 1689 1779 1690 1690 1780 1625 1625 1714 1690 1690 1780 1626 1626 1715 1626 1626 1715 1690 1690 1780 1691 1691 1781 1626 1626 1715 1691 1691 1781 1627 1627 1716 1627 1627 1716 1691 1691 1781 1692 1692 1782 1627 1627 1716 1692 1692 1782 1628 1628 1717 1628 1628 1717 1692 1692 1782 1693 1693 1783 1628 1628 1717 1693 1693 1783 1629 1629 1718 1629 1629 1718 1693 1693 1783 1694 1694 1784 1629 1629 1718 1694 1694 1784 1630 1630 1719 1630 1630 1719 1694 1694 1784 1695 1695 1785 1630 1630 1719 1695 1695 1785 1631 1631 1720 1631 1631 1720 1695 1695 1785 1696 1696 1786 1631 1631 1720 1696 1696 1786 1632 1632 1721 1632 1632 1721 1696 1696 1786 1697 1697 1787 1632 1632 1721 1697 1697 1787 1633 1633 1722 1633 1633 1722 1697 1697 1787 1698 1698 1788 1633 1633 1722 1698 1698 1788 1634 1634 1723 1634 1634 1723 1698 1698 1788 1699 1699 1789 1634 1634 1723 1699 1699 1789 1635 1635 1724 1635 1635 1724 1699 1699 1789 1700 1700 1790 1635 1635 1724 1700 1700 1790 1636 1636 1725 1636 1636 1725 1700 1700 1790 1701 1701 1791 1636 1636 1725 1701 1701 1791 1637 1637 1726 1637 1637 1726 1701 1701 1791 1702 1702 1792 1637 1637 1726 1702 1702 1792 1638 1638 1727 1638 1638 1727 1702 1702 1792 1703 1703 1793 1638 1638 1727 1703 1703 1793 1639 1639 1728 1639 1639 1728 1703 1703 1793 1704 1704 1794 1639 1639 1728 1704 1704 1794 1640 1640 1729 1640 1640 1729 1704 1704 1794 1705 1705 1795 1640 1640 1729 1705 1705 1795 1641 1641 1730 1641 1641 1730 1705 1705 1795 1706 1706 1796 1641 1641 1730 1706 1706 1796 1642 1642 1731 1642 1642 1731 1706 1706 1796 1707 1707 1797 1642 1642 1731 1707 1707 1797 1643 1643 1732 1643 1643 1732 1707 1707 1797 1708 1708 1798 1643 1643 1732 1708 1708 1798 1644 1644 1733 1644 1644 1733 1708 1708 1798 1709 1709 1799 1644 1644 1733 1709 1709 1799 1645 1645 1734 1645 1645 1734 1709 1709 1799 1710 1710 1800 1645 1645 1734 1710 1710 1800 1646 1646 1735 1646 1646 1735 1710 1710 1800 1711 1711 1801 1646 1646 1735 1711 1711 1801 1647 1647 1736 1647 1647 1736 1711 1711 1801 1712 1712 1802 1647 1647 1736 1712 1712 1802 1648 1648 1737 1648 1648 1737 1712 1712 1802 1713 1713 1803 1648 1648 1737 1713 1713 1803 1649 1649 1738 1649 1649 1738 1713 1713 1803 1714 1714 1804 1649 1649 1738 1714 1714 1804 1650 1650 1739 1650 1650 1739 1714 1714 1804 1715 1715 1805 1650 1650 1739 1715 1715 1805 1651 1651 1740 1651 1651 1740 1715 1715 1805 1716 1716 1806 1651 1651 1740 1716 1716 1806 1652 1652 1741 1652 1652 1741 1716 1716 1806 1717 1717 1807 1652 1652 1741 1717 1717 1807 1653 1653 1742 1653 1653 1742 1717 1717 1807 1718 1718 1808 1653 1653 1742 1718 1718 1808 1654 1654 1743 1654 1654 1743 1718 1718 1808 1719 1719 1809 1654 1654 1743 1719 1719 1809 1655 1655 1744 1655 1655 1744 1719 1719 1809 1720 1720 1810 1655 1655 1744 1720 1720 1810 1656 1656 1745 1656 1656 1745 1720 1720 1810 1721 1721 1811 1656 1656 1745 1721 1721 1811 1657 1657 1746 1657 1657 1746 1721 1721 1811 1722 1722 1812 1657 1657 1746 1722 1722 1812 1658 1658 1747 1658 1658 1747 1722 1722 1812 1723 1723 1813 1658 1658 1747 1723 1723 1813 1659 1659 1748 1659 1659 1748 1723 1723 1813 1724 1724 1814 1659 1659 1748 1724 1724 1814 1660 1660 1749 1660 1660 1749 1724 1724 1814 1725 1725 1815 1660 1660 1749 1725 1725 1815 1661 1661 1750 1661 1661 1750 1725 1725 1815 1726 1726 1816 1661 1661 1750 1726 1726 1816 1662 1662 1751 1662 1662 1751 1726 1726 1816 1727 1727 1817 1662 1662 1751 1727 1727 1817 1663 1663 1752 1663 1663 1752 1727 1727 1817 1728 1728 1818 1663 1663 1752 1728 1728 1818 1664 1664 1753 1664 1664 1753 1728 1728 1818 1665 1665 1819 1664 1664 1753 1665 1665 1819 1601 1601 1754 1665 1665 1755 1729 1729 1820 1730 1730 1821 1665 1665 1755 1730 1730 1821 1666 1666 1756 1666 1666 1756 1730 1730 1821 1731 1731 1822 1666 1666 1756 1731 1731 1822 1667 1667 1757 1667 1667 1757 1731 1731 1822 1732 1732 1823 1667 1667 1757 1732 1732 1823 1668 1668 1758 1668 1668 1758 1732 1732 1823 1733 1733 1824 1668 1668 1758 1733 1733 1824 1669 1669 1759 1669 1669 1759 1733 1733 1824 1734 1734 1825 1669 1669 1759 1734 1734 1825 1670 1670 1760 1670 1670 1760 1734 1734 1825 1735 1735 1826 1670 1670 1760 1735 1735 1826 1671 1671 1761 1671 1671 1761 1735 1735 1826 1736 1736 1827 1671 1671 1761 1736 1736 1827 1672 1672 1762 1672 1672 1762 1736 1736 1827 1737 1737 1828 1672 1672 1762 1737 1737 1828 1673 1673 1763 1673 1673 1763 1737 1737 1828 1738 1738 1829 1673 1673 1763 1738 1738 1829 1674 1674 1764 1674 1674 1764 1738 1738 1829 1739 1739 1830 1674 1674 1764 1739 1739 1830 1675 1675 1765 1675 1675 1765 1739 1739 1830 1740 1740 1831 1675 1675 1765 1740 1740 1831 1676 1676 1766 1676 1676 1766 1740 1740 1831 1741 1741 1832 1676 1676 1766 1741 1741 1832 1677 1677 1767 1677 1677 1767 1741 1741 1832 1742 1742 1833 1677 1677 1767 1742 1742 1833 1678 1678 1768 1678 1678 1768 1742 1742 1833 1743 1743 1834 1678 1678 1768 1743 1743 1834 1679 1679 1769 1679 1679 1769 1743 1743 1834 1744 1744 1835 1679 1679 1769 1744 1744 1835 1680 1680 1770 1680 1680 1770 1744 1744 1835 1745 1745 1836 1680 1680 1770 1745 1745 1836 1681 1681 1771 1681 1681 1771 1745 1745 1836 1746 1746 1837 1681 1681 1771 1746 1746 1837 1682 1682 1772 1682 1682 1772 1746 1746 1837 1747 1747 1838 1682 1682 1772 1747 1747 1838 1683 1683 1773 1683 1683 1773 1747 1747 1838 1748 1748 1839 1683 1683 1773 1748 1748 1839 1684 1684 1774 1684 1684 1774 1748 1748 1839 1749 1749 1840 1684 1684 1774 1749 1749 1840 1685 1685 1775 1685 1685 1775 1749 1749 1840 1750 1750 1841 1685 1685 1775 1750 1750 1841 1686 1686 1776 1686 1686 1776 1750 1750 1841 1751 1751 1842 1686 1686 1776 1751 1751 1842 1687 1687 1777 1687 1687 1777 1751 1751 1842 1752 1752 1843 1687 1687 1777 1752 1752 1843 1688 1688 1778 1688 1688 1778 1752 1752 1843 1753 1753 1844 1688 1688 1778 1753 1753 1844 1689 1689 1779 1689 1689 1779 1753 1753 1844 1754 1754 1845 1689 1689 1779 1754 1754 1845 1690 1690 1780 1690 1690 1780 1754 1754 1845 1755 1755 1846 1690 1690 1780 1755 1755 1846 1691 1691 1781 1691 1691 1781 1755 1755 1846 1756 1756 1847 1691 1691 1781 1756 1756 1847 1692 1692 1782 1692 1692 1782 1756 1756 1847 1757 1757 1848 1692 1692 1782 1757 1757 1848 1693 1693 1783 1693 1693 1783 1757 1757 1848 1758 1758 1849 1693 1693 1783 1758 1758 1849 1694 1694 1784 1694 1694 1784 1758 1758 1849 1759 1759 1850 1694 1694 1784 1759 1759 1850 1695 1695 1785 1695 1695 1785 1759 1759 1850 1760 1760 1851 1695 1695 1785 1760 1760 1851 1696 1696 1786 1696 1696 1786 1760 1760 1851 1761 1761 1852 1696 1696 1786 1761 1761 1852 1697 1697 1787 1697 1697 1787 1761 1761 1852 1762 1762 1853 1697 1697 1787 1762 1762 1853 1698 1698 1788 1698 1698 1788 1762 1762 1853 1763 1763 1854 1698 1698 1788 1763 1763 1854 1699 1699 1789 1699 1699 1789 1763 1763 1854 1764 1764 1855 1699 1699 1789 1764 1764 1855 1700 1700 1790 1700 1700 1790 1764 1764 1855 1765 1765 1856 1700 1700 1790 1765 1765 1856 1701 1701 1791 1701 1701 1791 1765 1765 1856 1766 1766 1857 1701 1701 1791 1766 1766 1857 1702 1702 1792 1702 1702 1792 1766 1766 1857 1767 1767 1858 1702 1702 1792 1767 1767 1858 1703 1703 1793 1703 1703 1793 1767 1767 1858 1768 1768 1859 1703 1703 1793 1768 1768 1859 1704 1704 1794 1704 1704 1794 1768 1768 1859 1769 1769 1860 1704 1704 1794 1769 1769 1860 1705 1705 1795 1705 1705 1795 1769 1769 1860 1770 1770 1861 1705 1705 1795 1770 1770 1861 1706 1706 1796 1706 1706 1796 1770 1770 1861 1771 1771 1862 1706 1706 1796 1771 1771 1862 1707 1707 1797 1707 1707 1797 1771 1771 1862 1772 1772 1863 1707 1707 1797 1772 1772 1863 1708 1708 1798 1708 1708 1798 1772 1772 1863 1773 1773 1864 1708 1708 1798 1773 1773 1864 1709 1709 1799 1709 1709 1799 1773 1773 1864 1774 1774 1865 1709 1709 1799 1774 1774 1865 1710 1710 1800 1710 1710 1800 1774 1774 1865 1775 1775 1866 1710 1710 1800 1775 1775 1866 1711 1711 1801 1711 1711 1801 1775 1775 1866 1776 1776 1867 1711 1711 1801 1776 1776 1867 1712 1712 1802 1712 1712 1802 1776 1776 1867 1777 1777 1868 1712 1712 1802 1777 1777 1868 1713 1713 1803 1713 1713 1803 1777 1777 1868 1778 1778 1869 1713 1713 1803 1778 1778 1869 1714 1714 1804 1714 1714 1804 1778 1778 1869 1779 1779 1870 1714 1714 1804 1779 1779 1870 1715 1715 1805 1715 1715 1805 1779 1779 1870 1780 1780 1871 1715 1715 1805 1780 1780 1871 1716 1716 1806 1716 1716 1806 1780 1780 1871 1781 1781 1872 1716 1716 1806 1781 1781 1872 1717 1717 1807 1717 1717 1807 1781 1781 1872 1782 1782 1873 1717 1717 1807 1782 1782 1873 1718 1718 1808 1718 1718 1808 1782 1782 1873 1783 1783 1874 1718 1718 1808 1783 1783 1874 1719 1719 1809 1719 1719 1809 1783 1783 1874 1784 1784 1875 1719 1719 1809 1784 1784 1875 1720 1720 1810 1720 1720 1810 1784 1784 1875 1785 1785 1876 1720 1720 1810 1785 1785 1876 1721 1721 1811 1721 1721 1811 1785 1785 1876 1786 1786 1877 1721 1721 1811 1786 1786 1877 1722 1722 1812 1722 1722 1812 1786 1786 1877 1787 1787 1878 1722 1722 1812 1787 1787 1878 1723 1723 1813 1723 1723 1813 1787 1787 1878 1788 1788 1879 1723 1723 1813 1788 1788 1879 1724 1724 1814 1724 1724 1814 1788 1788 1879 1789 1789 1880 1724 1724 1814 1789 1789 1880 1725 1725 1815 1725 1725 1815 1789 1789 1880 1790 1790 1881 1725 1725 1815 1790 1790 1881 1726 1726 1816 1726 1726 1816 1790 1790 1881 1791 1791 1882 1726 1726 1816 1791 1791 1882 1727 1727 1817 1727 1727 1817 1791 1791 1882 1792 1792 1883 1727 1727 1817 1792 1792 1883 1728 1728 1818 1728 1728 1818 1792 1792 1883 1729 1729 1884 1728 1728 1818 1729 1729 1884 1665 1665 1819 1729 1729 1820 1793 1793 1885 1794 1794 1886 1729 1729 1820 1794 1794 1886 1730 1730 1821 1730 1730 1821 1794 1794 1886 1795 1795 1887 1730 1730 1821 1795 1795 1887 1731 1731 1822 1731 1731 1822 1795 1795 1887 1796 1796 1888 1731 1731 1822 1796 1796 1888 1732 1732 1823 1732 1732 1823 1796 1796 1888 1797 1797 1889 1732 1732 1823 1797 1797 1889 1733 1733 1824 1733 1733 1824 1797 1797 1889 1798 1798 1890 1733 1733 1824 1798 1798 1890 1734 1734 1825 1734 1734 1825 1798 1798 1890 1799 1799 1891 1734 1734 1825 1799 1799 1891 1735 1735 1826 1735 1735 1826 1799 1799 1891 1800 1800 1892 1735 1735 1826 1800 1800 1892 1736 1736 1827 1736 1736 1827 1800 1800 1892 1801 1801 1893 1736 1736 1827 1801 1801 1893 1737 1737 1828 1737 1737 1828 1801 1801 1893 1802 1802 1894 1737 1737 1828 1802 1802 1894 1738 1738 1829 1738 1738 1829 1802 1802 1894 1803 1803 1895 1738 1738 1829 1803 1803 1895 1739 1739 1830 1739 1739 1830 1803 1803 1895 1804 1804 1896 1739 1739 1830 1804 1804 1896 1740 1740 1831 1740 1740 1831 1804 1804 1896 1805 1805 1897 1740 1740 1831 1805 1805 1897 1741 1741 1832 1741 1741 1832 1805 1805 1897 1806 1806 1898 1741 1741 1832 1806 1806 1898 1742 1742 1833 1742 1742 1833 1806 1806 1898 1807 1807 1899 1742 1742 1833 1807 1807 1899 1743 1743 1834 1743 1743 1834 1807 1807 1899 1808 1808 1900 1743 1743 1834 1808 1808 1900 1744 1744 1835 1744 1744 1835 1808 1808 1900 1809 1809 1901 1744 1744 1835 1809 1809 1901 1745 1745 1836 1745 1745 1836 1809 1809 1901 1810 1810 1902 1745 1745 1836 1810 1810 1902 1746 1746 1837 1746 1746 1837 1810 1810 1902 1811 1811 1903 1746 1746 1837 1811 1811 1903 1747 1747 1838 1747 1747 1838 1811 1811 1903 1812 1812 1904 1747 1747 1838 1812 1812 1904 1748 1748 1839 1748 1748 1839 1812 1812 1904 1813 1813 1905 1748 1748 1839 1813 1813 1905 1749 1749 1840 1749 1749 1840 1813 1813 1905 1814 1814 1906 1749 1749 1840 1814 1814 1906 1750 1750 1841 1750 1750 1841 1814 1814 1906 1815 1815 1907 1750 1750 1841 1815 1815 1907 1751 1751 1842 1751 1751 1842 1815 1815 1907 1816 1816 1908 1751 1751 1842 1816 1816 1908 1752 1752 1843 1752 1752 1843 1816 1816 1908 1817 1817 1909 1752 1752 1843 1817 1817 1909 1753 1753 1844 1753 1753 1844 1817 1817 1909 1818 1818 1910 1753 1753 1844 1818 1818 1910 1754 1754 1845 1754 1754 1845 1818 1818 1910 1819 1819 1911 1754 1754 1845 1819 1819 1911 1755 1755 1846 1755 1755 1846 1819 1819 1911 1820 1820 1912 1755 1755 1846 1820 1820 1912 1756 1756 1847 1756 1756 1847 1820 1820 1912 1821 1821 1913 1756 1756 1847 1821 1821 1913 1757 1757 1848 1757 1757 1848 1821 1821 1913 1822 1822 1914 1757 1757 1848 1822 1822 1914 1758 1758 1849 1758 1758 1849 1822 1822 1914 1823 1823 1915 1758 1758 1849 1823 1823 1915 1759 1759 1850 1759 1759 1850 1823 1823 1915 1824 1824 1916 1759 1759 1850 1824 1824 1916 1760 1760 1851 1760 1760 1851 1824 1824 1916 1825 1825 1917 1760 1760 1851 1825 1825 1917 1761 1761 1852 1761 1761 1852 1825 1825 1917 1826 1826 1918 1761 1761 1852 1826 1826 1918 1762 1762 1853 1762 1762 1853 1826 1826 1918 1827 1827 1919 1762 1762 1853 1827 1827 1919 1763 1763 1854 1763 1763 1854 1827 1827 1919 1828 1828 1920 1763 1763 1854 1828 1828 1920 1764 1764 1855 1764 1764 1855 1828 1828 1920 1829 1829 1921 1764 1764 1855 1829 1829 1921 1765 1765 1856 1765 1765 1856 1829 1829 1921 1830 1830 1922 1765 1765 1856 1830 1830 1922 1766 1766 1857 1766 1766 1857 1830 1830 1922 1831 1831 1923 1766 1766 1857 1831 1831 1923 1767 1767 1858 1767 1767 1858 1831 1831 1923 1832 1832 1924 1767 1767 1858 1832 1832 1924 1768 1768 1859 1768 1768 1859 1832 1832 1924 1833 1833 1925 1768 1768 1859 1833 1833 1925 1769 1769 1860 1769 1769 1860 1833 1833 1925 1834 1834 1926 1769 1769 1860 1834 1834 1926 1770 1770 1861 1770 1770 1861 1834 1834 1926 1835 1835 1927 1770 1770 1861 1835 1835 1927 1771 1771 1862 1771 1771 1862 1835 1835 1927 1836 1836 1928 1771 1771 1862 1836 1836 1928 1772 1772 1863 1772 1772 1863 1836 1836 1928 1837 1837 1929 1772 1772 1863 1837 1837 1929 1773 1773 1864 1773 1773 1864 1837 1837 1929 1838 1838 1930 1773 1773 1864 1838 1838 1930 1774 1774 1865 1774 1774 1865 1838 1838 1930 1839 1839 1931 1774 1774 1865 1839 1839 1931 1775 1775 1866 1775 1775 1866 1839 1839 1931 1840 1840 1932 1775 1775 1866 1840 1840 1932 1776 1776 1867 1776 1776 1867 1840 1840 1932 1841 1841 1933 1776 1776 1867 1841 1841 1933 1777 1777 1868 1777 1777 1868 1841 1841 1933 1842 1842 1934 1777 1777 1868 1842 1842 1934 1778 1778 1869 1778 1778 1869 1842 1842 1934 1843 1843 1935 1778 1778 1869 1843 1843 1935 1779 1779 1870 1779 1779 1870 1843 1843 1935 1844 1844 1936 1779 1779 1870 1844 1844 1936 1780 1780 1871 1780 1780 1871 1844 1844 1936 1845 1845 1937 1780 1780 1871 1845 1845 1937 1781 1781 1872 1781 1781 1872 1845 1845 1937 1846 1846 1938 1781 1781 1872 1846 1846 1938 1782 1782 1873 1782 1782 1873 1846 1846 1938 1847 1847 1939 1782 1782 1873 1847 1847 1939 1783 1783 1874 1783 1783 1874 1847 1847 1939 1848 1848 1940 1783 1783 1874 1848 1848 1940 1784 1784 1875 1784 1784 1875 1848 1848 1940 1849 1849 1941 1784 1784 1875 1849 1849 1941 1785 1785 1876 1785 1785 1876 1849 1849 1941 1850 1850 1942 1785 1785 1876 1850 1850 1942 1786 1786 1877 1786 1786 1877 1850 1850 1942 1851 1851 1943 1786 1786 1877 1851 1851 1943 1787 1787 1878 1787 1787 1878 1851 1851 1943 1852 1852 1944 1787 1787 1878 1852 1852 1944 1788 1788 1879 1788 1788 1879 1852 1852 1944 1853 1853 1945 1788 1788 1879 1853 1853 1945 1789 1789 1880 1789 1789 1880 1853 1853 1945 1854 1854 1946 1789 1789 1880 1854 1854 1946 1790 1790 1881 1790 1790 1881 1854 1854 1946 1855 1855 1947 1790 1790 1881 1855 1855 1947 1791 1791 1882 1791 1791 1882 1855 1855 1947 1856 1856 1948 1791 1791 1882 1856 1856 1948 1792 1792 1883 1792 1792 1883 1856 1856 1948 1793 1793 1949 1792 1792 1883 1793 1793 1949 1729 1729 1884 1793 1793 1885 1857 1857 1950 1858 1858 1951 1793 1793 1885 1858 1858 1951 1794 1794 1886 1794 1794 1886 1858 1858 1951 1859 1859 1952 1794 1794 1886 1859 1859 1952 1795 1795 1887 1795 1795 1887 1859 1859 1952 1860 1860 1953 1795 1795 1887 1860 1860 1953 1796 1796 1888 1796 1796 1888 1860 1860 1953 1861 1861 1954 1796 1796 1888 1861 1861 1954 1797 1797 1889 1797 1797 1889 1861 1861 1954 1862 1862 1955 1797 1797 1889 1862 1862 1955 1798 1798 1890 1798 1798 1890 1862 1862 1955 1863 1863 1956 1798 1798 1890 1863 1863 1956 1799 1799 1891 1799 1799 1891 1863 1863 1956 1864 1864 1957 1799 1799 1891 1864 1864 1957 1800 1800 1892 1800 1800 1892 1864 1864 1957 1865 1865 1958 1800 1800 1892 1865 1865 1958 1801 1801 1893 1801 1801 1893 1865 1865 1958 1866 1866 1959 1801 1801 1893 1866 1866 1959 1802 1802 1894 1802 1802 1894 1866 1866 1959 1867 1867 1960 1802 1802 1894 1867 1867 1960 1803 1803 1895 1803 1803 1895 1867 1867 1960 1868 1868 1961 1803 1803 1895 1868 1868 1961 1804 1804 1896 1804 1804 1896 1868 1868 1961 1869 1869 1962 1804 1804 1896 1869 1869 1962 1805 1805 1897 1805 1805 1897 1869 1869 1962 1870 1870 1963 1805 1805 1897 1870 1870 1963 1806 1806 1898 1806 1806 1898 1870 1870 1963 1871 1871 1964 1806 1806 1898 1871 1871 1964 1807 1807 1899 1807 1807 1899 1871 1871 1964 1872 1872 1965 1807 1807 1899 1872 1872 1965 1808 1808 1900 1808 1808 1900 1872 1872 1965 1873 1873 1966 1808 1808 1900 1873 1873 1966 1809 1809 1901 1809 1809 1901 1873 1873 1966 1874 1874 1967 1809 1809 1901 1874 1874 1967 1810 1810 1902 1810 1810 1902 1874 1874 1967 1875 1875 1968 1810 1810 1902 1875 1875 1968 1811 1811 1903 1811 1811 1903 1875 1875 1968 1876 1876 1969 1811 1811 1903 1876 1876 1969 1812 1812 1904 1812 1812 1904 1876 1876 1969 1877 1877 1970 1812 1812 1904 1877 1877 1970 1813 1813 1905 1813 1813 1905 1877 1877 1970 1878 1878 1971 1813 1813 1905 1878 1878 1971 1814 1814 1906 1814 1814 1906 1878 1878 1971 1879 1879 1972 1814 1814 1906 1879 1879 1972 1815 1815 1907 1815 1815 1907 1879 1879 1972 1880 1880 1973 1815 1815 1907 1880 1880 1973 1816 1816 1908 1816 1816 1908 1880 1880 1973 1881 1881 1974 1816 1816 1908 1881 1881 1974 1817 1817 1909 1817 1817 1909 1881 1881 1974 1882 1882 1975 1817 1817 1909 1882 1882 1975 1818 1818 1910 1818 1818 1910 1882 1882 1975 1883 1883 1976 1818 1818 1910 1883 1883 1976 1819 1819 1911 1819 1819 1911 1883 1883 1976 1884 1884 1977 1819 1819 1911 1884 1884 1977 1820 1820 1912 1820 1820 1912 1884 1884 1977 1885 1885 1978 1820 1820 1912 1885 1885 1978 1821 1821 1913 1821 1821 1913 1885 1885 1978 1886 1886 1979 1821 1821 1913 1886 1886 1979 1822 1822 1914 1822 1822 1914 1886 1886 1979 1887 1887 1980 1822 1822 1914 1887 1887 1980 1823 1823 1915 1823 1823 1915 1887 1887 1980 1888 1888 1981 1823 1823 1915 1888 1888 1981 1824 1824 1916 1824 1824 1916 1888 1888 1981 1889 1889 1982 1824 1824 1916 1889 1889 1982 1825 1825 1917 1825 1825 1917 1889 1889 1982 1890 1890 1983 1825 1825 1917 1890 1890 1983 1826 1826 1918 1826 1826 1918 1890 1890 1983 1891 1891 1984 1826 1826 1918 1891 1891 1984 1827 1827 1919 1827 1827 1919 1891 1891 1984 1892 1892 1985 1827 1827 1919 1892 1892 1985 1828 1828 1920 1828 1828 1920 1892 1892 1985 1893 1893 1986 1828 1828 1920 1893 1893 1986 1829 1829 1921 1829 1829 1921 1893 1893 1986 1894 1894 1987 1829 1829 1921 1894 1894 1987 1830 1830 1922 1830 1830 1922 1894 1894 1987 1895 1895 1988 1830 1830 1922 1895 1895 1988 1831 1831 1923 1831 1831 1923 1895 1895 1988 1896 1896 1989 1831 1831 1923 1896 1896 1989 1832 1832 1924 1832 1832 1924 1896 1896 1989 1897 1897 1990 1832 1832 1924 1897 1897 1990 1833 1833 1925 1833 1833 1925 1897 1897 1990 1898 1898 1991 1833 1833 1925 1898 1898 1991 1834 1834 1926 1834 1834 1926 1898 1898 1991 1899 1899 1992 1834 1834 1926 1899 1899 1992 1835 1835 1927 1835 1835 1927 1899 1899 1992 1900 1900 1993 1835 1835 1927 1900 1900 1993 1836 1836 1928 1836 1836 1928 1900 1900 1993 1901 1901 1994 1836 1836 1928 1901 1901 1994 1837 1837 1929 1837 1837 1929 1901 1901 1994 1902 1902 1995 1837 1837 1929 1902 1902 1995 1838 1838 1930 1838 1838 1930 1902 1902 1995 1903 1903 1996 1838 1838 1930 1903 1903 1996 1839 1839 1931 1839 1839 1931 1903 1903 1996 1904 1904 1997 1839 1839 1931 1904 1904 1997 1840 1840 1932 1840 1840 1932 1904 1904 1997 1905 1905 1998 1840 1840 1932 1905 1905 1998 1841 1841 1933 1841 1841 1933 1905 1905 1998 1906 1906 1999 1841 1841 1933 1906 1906 1999 1842 1842 1934 1842 1842 1934 1906 1906 1999 1907 1907 2000 1842 1842 1934 1907 1907 2000 1843 1843 1935 1843 1843 1935 1907 1907 2000 1908 1908 2001 1843 1843 1935 1908 1908 2001 1844 1844 1936 1844 1844 1936 1908 1908 2001 1909 1909 2002 1844 1844 1936 1909 1909 2002 1845 1845 1937 1845 1845 1937 1909 1909 2002 1910 1910 2003 1845 1845 1937 1910 1910 2003 1846 1846 1938 1846 1846 1938 1910 1910 2003 1911 1911 2004 1846 1846 1938 1911 1911 2004 1847 1847 1939 1847 1847 1939 1911 1911 2004 1912 1912 2005 1847 1847 1939 1912 1912 2005 1848 1848 1940 1848 1848 1940 1912 1912 2005 1913 1913 2006 1848 1848 1940 1913 1913 2006 1849 1849 1941 1849 1849 1941 1913 1913 2006 1914 1914 2007 1849 1849 1941 1914 1914 2007 1850 1850 1942 1850 1850 1942 1914 1914 2007 1915 1915 2008 1850 1850 1942 1915 1915 2008 1851 1851 1943 1851 1851 1943 1915 1915 2008 1916 1916 2009 1851 1851 1943 1916 1916 2009 1852 1852 1944 1852 1852 1944 1916 1916 2009 1917 1917 2010 1852 1852 1944 1917 1917 2010 1853 1853 1945 1853 1853 1945 1917 1917 2010 1918 1918 2011 1853 1853 1945 1918 1918 2011 1854 1854 1946 1854 1854 1946 1918 1918 2011 1919 1919 2012 1854 1854 1946 1919 1919 2012 1855 1855 1947 1855 1855 1947 1919 1919 2012 1920 1920 2013 1855 1855 1947 1920 1920 2013 1856 1856 1948 1856 1856 1948 1920 1920 2013 1857 1857 2014 1856 1856 1948 1857 1857 2014 1793 1793 1949 1857 1857 1950 1921 1921 2015 1922 1922 2016 1857 1857 1950 1922 1922 2016 1858 1858 1951 1858 1858 1951 1922 1922 2016 1923 1923 2017 1858 1858 1951 1923 1923 2017 1859 1859 1952 1859 1859 1952 1923 1923 2017 1924 1924 2018 1859 1859 1952 1924 1924 2018 1860 1860 1953 1860 1860 1953 1924 1924 2018 1925 1925 2019 1860 1860 1953 1925 1925 2019 1861 1861 1954 1861 1861 1954 1925 1925 2019 1926 1926 2020 1861 1861 1954 1926 1926 2020 1862 1862 1955 1862 1862 1955 1926 1926 2020 1927 1927 2021 1862 1862 1955 1927 1927 2021 1863 1863 1956 1863 1863 1956 1927 1927 2021 1928 1928 2022 1863 1863 1956 1928 1928 2022 1864 1864 1957 1864 1864 1957 1928 1928 2022 1929 1929 2023 1864 1864 1957 1929 1929 2023 1865 1865 1958 1865 1865 1958 1929 1929 2023 1930 1930 2024 1865 1865 1958 1930 1930 2024 1866 1866 1959 1866 1866 1959 1930 1930 2024 1931 1931 2025 1866 1866 1959 1931 1931 2025 1867 1867 1960 1867 1867 1960 1931 1931 2025 1932 1932 2026 1867 1867 1960 1932 1932 2026 1868 1868 1961 1868 1868 1961 1932 1932 2026 1933 1933 2027 1868 1868 1961 1933 1933 2027 1869 1869 1962 1869 1869 1962 1933 1933 2027 1934 1934 2028 1869 1869 1962 1934 1934 2028 1870 1870 1963 1870 1870 1963 1934 1934 2028 1935 1935 2029 1870 1870 1963 1935 1935 2029 1871 1871 1964 1871 1871 1964 1935 1935 2029 1936 1936 2030 1871 1871 1964 1936 1936 2030 1872 1872 1965 1872 1872 1965 1936 1936 2030 1937 1937 2031 1872 1872 1965 1937 1937 2031 1873 1873 1966 1873 1873 1966 1937 1937 2031 1938 1938 2032 1873 1873 1966 1938 1938 2032 1874 1874 1967 1874 1874 1967 1938 1938 2032 1939 1939 2033 1874 1874 1967 1939 1939 2033 1875 1875 1968 1875 1875 1968 1939 1939 2033 1940 1940 2034 1875 1875 1968 1940 1940 2034 1876 1876 1969 1876 1876 1969 1940 1940 2034 1941 1941 2035 1876 1876 1969 1941 1941 2035 1877 1877 1970 1877 1877 1970 1941 1941 2035 1942 1942 2036 1877 1877 1970 1942 1942 2036 1878 1878 1971 1878 1878 1971 1942 1942 2036 1943 1943 2037 1878 1878 1971 1943 1943 2037 1879 1879 1972 1879 1879 1972 1943 1943 2037 1944 1944 2038 1879 1879 1972 1944 1944 2038 1880 1880 1973 1880 1880 1973 1944 1944 2038 1945 1945 2039 1880 1880 1973 1945 1945 2039 1881 1881 1974 1881 1881 1974 1945 1945 2039 1946 1946 2040 1881 1881 1974 1946 1946 2040 1882 1882 1975 1882 1882 1975 1946 1946 2040 1947 1947 2041 1882 1882 1975 1947 1947 2041 1883 1883 1976 1883 1883 1976 1947 1947 2041 1948 1948 2042 1883 1883 1976 1948 1948 2042 1884 1884 1977 1884 1884 1977 1948 1948 2042 1949 1949 2043 1884 1884 1977 1949 1949 2043 1885 1885 1978 1885 1885 1978 1949 1949 2043 1950 1950 2044 1885 1885 1978 1950 1950 2044 1886 1886 1979 1886 1886 1979 1950 1950 2044 1951 1951 2045 1886 1886 1979 1951 1951 2045 1887 1887 1980 1887 1887 1980 1951 1951 2045 1952 1952 2046 1887 1887 1980 1952 1952 2046 1888 1888 1981 1888 1888 1981 1952 1952 2046 1953 1953 2047 1888 1888 1981 1953 1953 2047 1889 1889 1982 1889 1889 1982 1953 1953 2047 1954 1954 2048 1889 1889 1982 1954 1954 2048 1890 1890 1983 1890 1890 1983 1954 1954 2048 1955 1955 2049 1890 1890 1983 1955 1955 2049 1891 1891 1984 1891 1891 1984 1955 1955 2049 1956 1956 2050 1891 1891 1984 1956 1956 2050 1892 1892 1985 1892 1892 1985 1956 1956 2050 1957 1957 2051 1892 1892 1985 1957 1957 2051 1893 1893 1986 1893 1893 1986 1957 1957 2051 1958 1958 2052 1893 1893 1986 1958 1958 2052 1894 1894 1987 1894 1894 1987 1958 1958 2052 1959 1959 2053 1894 1894 1987 1959 1959 2053 1895 1895 1988 1895 1895 1988 1959 1959 2053 1960 1960 2054 1895 1895 1988 1960 1960 2054 1896 1896 1989 1896 1896 1989 1960 1960 2054 1961 1961 2055 1896 1896 1989 1961 1961 2055 1897 1897 1990 1897 1897 1990 1961 1961 2055 1962 1962 2056 1897 1897 1990 1962 1962 2056 1898 1898 1991 1898 1898 1991 1962 1962 2056 1963 1963 2057 1898 1898 1991 1963 1963 2057 1899 1899 1992 1899 1899 1992 1963 1963 2057 1964 1964 2058 1899 1899 1992 1964 1964 2058 1900 1900 1993 1900 1900 1993 1964 1964 2058 1965 1965 2059 1900 1900 1993 1965 1965 2059 1901 1901 1994 1901 1901 1994 1965 1965 2059 1966 1966 2060 1901 1901 1994 1966 1966 2060 1902 1902 1995 1902 1902 1995 1966 1966 2060 1967 1967 2061 1902 1902 1995 1967 1967 2061 1903 1903 1996 1903 1903 1996 1967 1967 2061 1968 1968 2062 1903 1903 1996 1968 1968 2062 1904 1904 1997 1904 1904 1997 1968 1968 2062 1969 1969 2063 1904 1904 1997 1969 1969 2063 1905 1905 1998 1905 1905 1998 1969 1969 2063 1970 1970 2064 1905 1905 1998 1970 1970 2064 1906 1906 1999 1906 1906 1999 1970 1970 2064 1971 1971 2065 1906 1906 1999 1971 1971 2065 1907 1907 2000 1907 1907 2000 1971 1971 2065 1972 1972 2066 1907 1907 2000 1972 1972 2066 1908 1908 2001 1908 1908 2001 1972 1972 2066 1973 1973 2067 1908 1908 2001 1973 1973 2067 1909 1909 2002 1909 1909 2002 1973 1973 2067 1974 1974 2068 1909 1909 2002 1974 1974 2068 1910 1910 2003 1910 1910 2003 1974 1974 2068 1975 1975 2069 1910 1910 2003 1975 1975 2069 1911 1911 2004 1911 1911 2004 1975 1975 2069 1976 1976 2070 1911 1911 2004 1976 1976 2070 1912 1912 2005 1912 1912 2005 1976 1976 2070 1977 1977 2071 1912 1912 2005 1977 1977 2071 1913 1913 2006 1913 1913 2006 1977 1977 2071 1978 1978 2072 1913 1913 2006 1978 1978 2072 1914 1914 2007 1914 1914 2007 1978 1978 2072 1979 1979 2073 1914 1914 2007 1979 1979 2073 1915 1915 2008 1915 1915 2008 1979 1979 2073 1980 1980 2074 1915 1915 2008 1980 1980 2074 1916 1916 2009 1916 1916 2009 1980 1980 2074 1981 1981 2075 1916 1916 2009 1981 1981 2075 1917 1917 2010 1917 1917 2010 1981 1981 2075 1982 1982 2076 1917 1917 2010 1982 1982 2076 1918 1918 2011 1918 1918 2011 1982 1982 2076 1983 1983 2077 1918 1918 2011 1983 1983 2077 1919 1919 2012 1919 1919 2012 1983 1983 2077 1984 1984 2078 1919 1919 2012 1984 1984 2078 1920 1920 2013 1920 1920 2013 1984 1984 2078 1921 1921 2079 1920 1920 2013 1921 1921 2079 1857 1857 2014 1985 1985 2080 1922 1922 2016 1921 1921 2015 1985 1985 2081 1923 1923 2017 1922 1922 2016 1985 1985 2082 1924 1924 2018 1923 1923 2017 1985 1985 2083 1925 1925 2019 1924 1924 2018 1985 1985 2084 1926 1926 2020 1925 1925 2019 1985 1985 2085 1927 1927 2021 1926 1926 2020 1985 1985 2086 1928 1928 2022 1927 1927 2021 1985 1985 2087 1929 1929 2023 1928 1928 2022 1985 1985 2088 1930 1930 2024 1929 1929 2023 1985 1985 2089 1931 1931 2025 1930 1930 2024 1985 1985 2090 1932 1932 2026 1931 1931 2025 1985 1985 2091 1933 1933 2027 1932 1932 2026 1985 1985 2092 1934 1934 2028 1933 1933 2027 1985 1985 2093 1935 1935 2029 1934 1934 2028 1985 1985 2094 1936 1936 2030 1935 1935 2029 1985 1985 2095 1937 1937 2031 1936 1936 2030 1985 1985 2096 1938 1938 2032 1937 1937 2031 1985 1985 2097 1939 1939 2033 1938 1938 2032 1985 1985 2098 1940 1940 2034 1939 1939 2033 1985 1985 2099 1941 1941 2035 1940 1940 2034 1985 1985 2100 1942 1942 2036 1941 1941 2035 1985 1985 2101 1943 1943 2037 1942 1942 2036 1985 1985 2102 1944 1944 2038 1943 1943 2037 1985 1985 2103 1945 1945 2039 1944 1944 2038 1985 1985 2104 1946 1946 2040 1945 1945 2039 1985 1985 2105 1947 1947 2041 1946 1946 2040 1985 1985 2106 1948 1948 2042 1947 1947 2041 1985 1985 2107 1949 1949 2043 1948 1948 2042 1985 1985 2108 1950 1950 2044 1949 1949 2043 1985 1985 2109 1951 1951 2045 1950 1950 2044 1985 1985 2110 1952 1952 2046 1951 1951 2045 1985 1985 2111 1953 1953 2047 1952 1952 2046 1985 1985 2112 1954 1954 2048 1953 1953 2047 1985 1985 2113 1955 1955 2049 1954 1954 2048 1985 1985 2114 1956 1956 2050 1955 1955 2049 1985 1985 2115 1957 1957 2051 1956 1956 2050 1985 1985 2116 1958 1958 2052 1957 1957 2051 1985 1985 2117 1959 1959 2053 1958 1958 2052 1985 1985 2118 1960 1960 2054 1959 1959 2053 1985 1985 2119 1961 1961 2055 1960 1960 2054 1985 1985 2120 1962 1962 2056 1961 1961 2055 1985 1985 2121 1963 1963 2057 1962 1962 2056 1985 1985 2122 1964 1964 2058 1963 1963 2057 1985 1985 2123 1965 1965 2059 1964 1964 2058 1985 1985 2124 1966 1966 2060 1965 1965 2059 1985 1985 2125 1967 1967 2061 1966 1966 2060 1985 1985 2126 1968 1968 2062 1967 1967 2061 1985 1985 2127 1969 1969 2063 1968 1968 2062 1985 1985 2128 1970 1970 2064 1969 1969 2063 1985 1985 2129 1971 1971 2065 1970 1970 2064 1985 1985 2130 1972 1972 2066 1971 1971 2065 1985 1985 2131 1973 1973 2067 1972 1972 2066 1985 1985 2132 1974 1974 2068 1973 1973 2067 1985 1985 2133 1975 1975 2069 1974 1974 2068 1985 1985 2134 1976 1976 2070 1975 1975 2069 1985 1985 2135 1977 1977 2071 1976 1976 2070 1985 1985 2136 1978 1978 2072 1977 1977 2071 1985 1985 2137 1979 1979 2073 1978 1978 2072 1985 1985 2138 1980 1980 2074 1979 1979 2073 1985 1985 2139 1981 1981 2075 1980 1980 2074 1985 1985 2140 1982 1982 2076 1981 1981 2075 1985 1985 2141 1983 1983 2077 1982 1982 2076 1985 1985 2142 1984 1984 2078 1983 1983 2077 1985 1985 2143 1921 1921 2079 1984 1984 2078</p>
        </triangles>
      </mesh>
      <extra>
        <technique profile="OpenCOLLADA3dsMax">
          <max_sphere>
            <generateuvs>1</generateuvs>
            <hemisphere>0</hemisphere>
            <radius>100</radius>
            <recenter>0</recenter>
            <segments>64</segments>
            <slicefrom>0</slicefrom>
            <sliceon>0</sliceon>
            <sliceto>0</sliceto>
            <smooth>1</smooth>
            <squash>0</squash>
          </max_sphere>
        </technique>
      </extra>
    </geometry>
  </library_geometries>
  <library_cameras>
    <camera id="Camera001-camera" name="_0000000362AA428">
      <optics>
        <technique_common>
          <perspective>
            <xfov>54.43222</xfov>
            <znear>393.7008</znear>
            <zfar>157480.3</zfar>
          </perspective>
        </technique_common>
      </optics>
    </camera>
  </library_cameras>
  <library_lights>
    <light id="EnvironmentAmbientLight" name="EnvironmentAmbientLight">
      <technique_common>
        <ambient>
          <color>0 0 0</color>
        </ambient>
      </technique_common>
    </light>
  </library_lights>
  <library_visual_scenes>
    <visual_scene id="MaxScene">
      <node name="EnvironmentAmbientLight">
        <instance_light url="#EnvironmentAmbientLight"/>
      </node>
      <node id="node-object4" name="object4">
        <translate>217.9213 -213.9842 0</translate>
        <rotate>-1.37679e-7 0.7071068 0.7071068 -180</rotate>
        <scale>0.3937008 0.3937008 0.3937008</scale>
        <instance_geometry url="#geom-object4">
          <bind_material>
            <technique_common>
              <instance_material symbol="left_wall__74_1" target="#left_wall__74-material">
                <bind_vertex_input semantic="CHANNEL1" input_semantic="TEXCOORD" input_set="0"/>
              </instance_material>
            </technique_common>
          </bind_material>
        </instance_geometry>
        <extra>
          <technique profile="OpenCOLLADA">
            <cast_shadows>1</cast_shadows>
            <primary_visibility>1</primary_visibility>
            <receive_shadows>1</receive_shadows>
            <secondary_visibility>1</secondary_visibility>
          </technique>
        </extra>
      </node>
      <node id="node-object3" name="object3">
        <translate>217.9213 -213.9842 0</translate>
        <rotate>-1.37679e-7 0.7071068 0.7071068 -180</rotate>
        <scale>0.3937008 0.3937008 0.3937008</scale>
        <instance_geometry url="#geom-object3">
          <bind_material>
            <technique_common>
              <instance_material symbol="right_wall__73_1" target="#right_wall__73-material">
                <bind_vertex_input semantic="CHANNEL1" input_semantic="TEXCOORD" input_set="0"/>
              </instance_material>
            </technique_common>
          </bind_material>
        </instance_geometry>
        <extra>
          <technique profile="OpenCOLLADA">
            <cast_shadows>1</cast_shadows>
            <primary_visibility>1</primary_visibility>
            <receive_shadows>1</receive_shadows>
            <secondary_visibility>1</secondary_visibility>
          </technique>
        </extra>
      </node>
      <node id="node-object2" name="object2">
        <translate>217.9213 -213.9842 0</translate>
        <rotate>-1.37679e-7 0.7071068 0.7071068 -180</rotate>
        <scale>0.3937008 0.3937008 0.3937008</scale>
        <instance_geometry url="#geom-object2">
          <bind_material>
            <technique_common>
              <instance_material symbol="floor_back_ceiling__72_1" target="#floor_back_ceiling__72-material">
                <bind_vertex_input semantic="CHANNEL1" input_semantic="TEXCOORD" input_set="0"/>
              </instance_material>
            </technique_common>
          </bind_material>
        </instance_geometry>
        <extra>
          <technique profile="OpenCOLLADA">
            <cast_shadows>1</cast_shadows>
            <primary_visibility>1</primary_visibility>
            <receive_shadows>1</receive_shadows>
            <secondary_visibility>1</secondary_visibility>
          </technique>
        </extra>
      </node>
      <node id="node-Camera001" name="Camera001">
        <translate>278 -800 273</translate>
        <rotate>-1 -2.98023e-8 2.98023e-8 -89.99998</rotate>
        <instance_camera url="#Camera001-camera"/>
        <extra>
          <technique profile="OpenCOLLADA">
            <cast_shadows>1</cast_shadows>
            <primary_visibility>1</primary_visibility>
            <receive_shadows>1</receive_shadows>
            <secondary_visibility>1</secondary_visibility>
          </technique>
        </extra>
      </node>
      <node id="node-Sphere001" name="Sphere001">
        <translate>126.8653 383.9333 100</translate>
        <instance_geometry url="#geom-Sphere001">
          <bind_material>
            <technique_common>
              <instance_material symbol="floor_back_ceiling__72" target="#floor_back_ceiling__72-material">
                <bind_vertex_input semantic="CHANNEL1" input_semantic="TEXCOORD" input_set="0"/>
              </instance_material>
            </technique_common>
          </bind_material>
        </instance_geometry>
        <extra>
          <technique profile="OpenCOLLADA">
            <cast_shadows>1</cast_shadows>
            <primary_visibility>1</primary_visibility>
            <receive_shadows>1</receive_shadows>
            <secondary_visibility>1</secondary_visibility>
          </technique>
        </extra>
      </node>
      <node id="node-Sphere002" name="Sphere002">
        <translate>404.4708 161.689 100</translate>
        <instance_geometry url="#geom-Sphere002">
          <bind_material>
            <technique_common>
              <instance_material symbol="floor_back_ceiling__72" target="#floor_back_ceiling__72-material">
                <bind_vertex_input semantic="CHANNEL1" input_semantic="TEXCOORD" input_set="0"/>
              </instance_material>
            </technique_common>
          </bind_material>
        </instance_geometry>
        <extra>
          <technique profile="OpenCOLLADA">
            <cast_shadows>1</cast_shadows>
            <primary_visibility>1</primary_visibility>
            <receive_shadows>1</receive_shadows>
            <secondary_visibility>1</secondary_visibility>
          </technique>
        </extra>
      </node>
    </visual_scene>
  </library_visual_scenes>
  <scene>
    <instance_visual_scene url="#MaxScene"/>
  </scene>
</COLLADA>